{"stats":{"minecraft:killed":{"minecraft:pig":1,"minecraft:skeleton":1,"minecraft:sheep":1,"minecraft:zombie":1,"minecraft:chicken":1},"minecraft:mined":{"minecraft:crafting_table":2,"minecraft:grass_block":2,"minecraft:furnace":1,"minecraft:iron_ore":7,"minecraft:azure_bluet":1,"minecraft:grass":3,"minecraft:oak_log":20,"minecraft:coal_ore":46,"minecraft:dirt":8,"minecraft:stone":30,"create:light_blue_seat":1,"minecraft:oak_leaves":13,"minecraft:fern":1},"minecraft:used":{"minecraft:stone_pickaxe":68,"minecraft:shield":1,"minecraft:wooden_pickaxe":26,"minecraft:iron_sword":4,"minecraft:cooked_salmon":2,"minecraft:rotten_flesh":1,"minecraft:cooked_chicken":5,"minecraft:torch":20,"minecraft:dirt":10,"minecraft:crafting_table":2,"minecraft:stone_axe":36,"minecraft:furnace":1,"alexsmobs:animal_dictionary":1,"comforts:sleeping_bag_white":3},"minecraft:crafted":{"minecraft:cooked_beef":7,"minecraft:oak_planks":44,"minecraft:cooked_porkchop":5,"minecraft:crafting_table":1,"comforts:sleeping_bag_white":2,"minecraft:wooden_pickaxe":1,"minecraft:cooked_chicken":4,"minecraft:furnace":1,"minecraft:cooked_salmon":2,"minecraft:stone_axe":1,"minecraft:air":0,"minecraft:stick":12,"minecraft:stone_pickaxe":1,"minecraft:torch":32,"minecraft:shears":1},"minecraft:custom":{"minecraft:interact_with_furnace":20,"minecraft:mob_kills":5,"minecraft:interact_with_crafting_table":4,"minecraft:time_since_death":41740,"minecraft:sleep_in_bed":3,"minecraft:climb_one_cm":10425,"minecraft:time_since_rest":0,"minecraft:waystone_activated":1,"minecraft:sprint_one_cm":67061,"minecraft:damage_taken":395,"minecraft:walk_one_cm":114166,"minecraft:damage_blocked_by_shield":25,"minecraft:drop":27,"minecraft:damage_dealt":616,"minecraft:swim_one_cm":35689,"minecraft:fly_one_cm":106011,"minecraft:open_chest":2,"minecraft:crouch_one_cm":11009,"minecraft:play_time":41740,"minecraft:sneak_time":3127,"minecraft:walk_under_water_one_cm":7203,"minecraft:jump":815,"minecraft:walk_on_water_one_cm":8337,"minecraft:total_world_time":41740,"minecraft:fall_one_cm":26639},"minecraft:picked_up":{"minecraft:crafting_table":2,"minecraft:azure_bluet":3,"minecraft:feather":2,"minecraft:chicken":1,"minecraft:clay_ball":14,"create:light_blue_seat":1,"doggytalents:rice_grains":3,"minecraft:oak_log":20,"minecraft:shield":1,"minecraft:dirt":12,"minecraft:bone":2,"minecraft:wheat_seeds":2,"comforts:sleeping_bag_white":2,"minecraft:cooked_chicken":8,"minecraft:iron_pickaxe":1,"minecraft:iron_sword":1,"minecraft:furnace":1,"minecraft:egg":1,"minecraft:stick":2,"minecraft:raw_iron":7,"minecraft:cooked_porkchop":1,"minecraft:torch":1,"minecraft:porkchop":2,"minecraft:arrow":4,"minecraft:rotten_flesh":3,"minecraft:oak_sapling":2,"minecraft:mutton":1,"minecraft:coal":50,"minecraft:white_wool":6,"minecraft:cobblestone":27},"minecraft:dropped":{"minecraft:wheat_seeds":2,"minecraft:cooked_chicken":6,"minecraft:oak_log":3,"minecraft:feather":3,"minecraft:rotten_flesh":2,"minecraft:clay_ball":28,"minecraft:azure_bluet":3,"minecraft:dirt":1,"minecraft:oak_sapling":2,"doggytalents:rice_grains":3,"comforts:sleeping_bag_white":1}},"DataVersion":3465}