{"stats":{"minecraft:killed":{"minecraft:chicken":1},"minecraft:dropped":{"minecraft:feather":2},"minecraft:mined":{"minecraft:grass":16,"minecraft:acacia_log":8,"minecraft:acacia_leaves":2},"minecraft:custom":{"minecraft:time_since_rest":815,"minecraft:deaths":2,"minecraft:crouch_one_cm":256,"minecraft:play_time":5716,"minecraft:sprint_one_cm":9507,"minecraft:damage_taken":164,"minecraft:walk_one_cm":11865,"minecraft:sneak_time":164,"minecraft:walk_under_water_one_cm":772,"minecraft:mob_kills":1,"minecraft:drop":2,"minecraft:jump":96,"minecraft:damage_dealt":97,"minecraft:walk_on_water_one_cm":1497,"minecraft:time_since_death":772,"minecraft:total_world_time":5716,"minecraft:swim_one_cm":16450,"minecraft:fall_one_cm":2719,"minecraft:fly_one_cm":28610},"minecraft:used":{"minecraft:bow":16,"minecraft:sculk_catalyst":19},"minecraft:picked_up":{"minecraft:sculk_catalyst":1,"minecraft:chicken":1,"minecraft:feather":2,"minecraft:wheat_seeds":2,"minecraft:acacia_log":7}},"DataVersion":3465}