{"stats":{"minecraft:killed":{"minecraft:sheep":1,"minecraft:zombie":1,"minecraft:pig":2,"minecraft:chicken":1,"minecraft:spider":1,"minecraft:wither_skeleton":1,"minecraft:creeper":4,"minecraft:cow":2,"minecraft:phantom":1},"minecraft:dropped":{"minecraft:feather":2,"minecraft:shaper_armor_trim_smithing_template":1,"minecraft:spider_eye":1,"minecraft:string":1,"minecraft:bone":2},"minecraft:mined":{"minecraft:acacia_leaves":2,"minecraft:grass":16,"minecraft:acacia_log":8},"minecraft:custom":{"minecraft:time_since_rest":36815,"minecraft:interact_with_smithing_table":16,"minecraft:sprint_one_cm":25380,"minecraft:damage_taken":164,"minecraft:walk_one_cm":50016,"minecraft:mob_kills":14,"minecraft:drop":7,"minecraft:damage_dealt":112,"minecraft:swim_one_cm":18566,"minecraft:fly_one_cm":150980,"minecraft:open_chest":1,"minecraft:crouch_one_cm":535,"minecraft:play_time":41716,"minecraft:deaths":2,"minecraft:sneak_time":249,"minecraft:walk_under_water_one_cm":74235,"minecraft:aviate_one_cm":1987721,"minecraft:jump":269,"minecraft:time_since_death":36772,"minecraft:walk_on_water_one_cm":10713,"minecraft:total_world_time":41716,"minecraft:fall_one_cm":2719},"minecraft:used":{"minecraft:redstone_torch":1,"minecraft:sticky_piston":1,"minecraft:ender_eye":1,"minecraft:trident":119,"minecraft:firework_rocket":322,"minecraft:slime_block":1,"minecraft:redstone":7,"minecraft:netherite_chestplate":11,"minecraft:elytra":1,"minecraft:wither_skeleton_spawn_egg":1,"minecraft:warped_sign":9,"minecraft:calibrated_sculk_sensor":1,"minecraft:iron_chestplate":1,"minecraft:bow":45,"minecraft:pitcher_plant":2,"minecraft:smithing_table":1,"minecraft:phantom_spawn_egg":1,"minecraft:magenta_candle":1,"minecraft:sculk_catalyst":36},"minecraft:crafted":{"minecraft:netherite_chestplate":4,"minecraft:iron_chestplate":1},"minecraft:picked_up":{"minecraft:sculk_catalyst":2,"minecraft:feather":2,"minecraft:chicken":1,"minecraft:acacia_log":7,"minecraft:spider_eye":1,"minecraft:string":1,"minecraft:shaper_armor_trim_smithing_template":1,"minecraft:bone":2,"minecraft:wheat_seeds":2,"minecraft:redstone_torch":1,"minecraft:ender_eye":10}},"DataVersion":3465}