{"stats":{"minecraft:broken":{"minecraft:iron_hoe":3,"minecraft:stone_hoe":1,"minecraft:iron_axe":1,"minecraft:iron_pickaxe":1},"minecraft:killed_by":{"alexsmobs:centipede_head":1},"minecraft:used":{"minecraft:shield":59,"minecraft:iron_sword":285,"minecraft:rotten_flesh":2,"paraglider:goddess_statue":1,"minecraft:stone_bricks":3,"minecraft:bow":20,"minecraft:furnace":4,"minecraft:oak_planks":8,"minecraft:stone_pickaxe":68,"minecraft:wooden_pickaxe":26,"minecraft:golden_apple":3,"minecraft:dripstone_block":10,"minecraft:shears":111,"sophisticatedbackpacks:backpack":2,"minecraft:cyan_bed":1,"minecraft:bread":34,"minecraft:bone_meal":72,"minecraft:cooked_salmon":2,"minecraft:cooked_chicken":6,"minecraft:stone_hoe":131,"minecraft:torch":246,"minecraft:dirt":13,"minecraft:salmon_bucket":1,"minecraft:iron_hoe":902,"minecraft:iron_axe":233,"quark:blossom_planks":14,"comforts:sleeping_bag_white":9,"minecraft:cooked_beef":19,"minecraft:cobbled_deepslate":79,"minecraft:wheat_seeds":2,"minecraft:baked_potato":5,"minecraft:cracked_stone_bricks":5,"minecraft:crafting_table":9,"minecraft:white_bed":6,"minecraft:smoker":1,"minecraft:diamond_pickaxe":635,"minecraft:iron_pickaxe":252,"minecraft:map":1,"minecraft:stone_axe":38,"minecraft:cobblestone":30,"minecraft:potion":1,"minecraft:cooked_porkchop":6,"minecraft:bucket":1,"alexsmobs:animal_dictionary":1,"minecraft:gray_wool":96},"minecraft:crafted":{"minecraft:oak_planks":76,"minecraft:cooked_chicken":4,"alexsmobs:cooked_catfish":4,"minecraft:stone_hoe":1,"quark:blossom_planks":124,"minecraft:cooked_porkchop":5,"minecraft:crafting_table":2,"minecraft:wooden_pickaxe":1,"minecraft:baked_potato":23,"minecraft:gold_block":11,"minecraft:diamond_pickaxe":1,"minecraft:stick":64,"minecraft:iron_ingot":46,"minecraft:gold_ingot":104,"minecraft:shears":1,"comforts:sleeping_bag_white":2,"minecraft:furnace":3,"minecraft:bone_meal":72,"map_atlases:atlas":14,"minecraft:iron_axe":1,"minecraft:iron_hoe":4,"minecraft:stone_pickaxe":1,"minecraft:dark_oak_planks":8,"minecraft:wheat":109,"minecraft:cooked_beef":19,"minecraft:cooked_cod":4,"minecraft:cooked_salmon":2,"minecraft:stone_axe":1,"minecraft:bread":49,"minecraft:air":0,"minecraft:white_bed":1,"minecraft:torch":164},"minecraft:picked_up":{"minecraft:iron_chestplate":1,"minecraft:wheat":40,"create:light_blue_seat":1,"minecraft:anvil":2,"iceandfire:myrmex_jungle_chitin":33,"minecraft:stone_brick_stairs":1,"paraglider:goddess_statue":1,"minecraft:string":13,"minecraft:raw_copper":10,"minecraft:iron_leggings":1,"minecraft:diamond_leggings":1,"minecraft:cobbled_deepslate":164,"minecraft:gold_nugget":831,"comforts:sleeping_bag_white":9,"minecraft:written_book":3,"minecraft:smooth_quartz":1,"minecraft:iron_pickaxe":1,"minecraft:furnace":3,"minecraft:iron_boots":1,"minecraft:blue_wool":2,"minecraft:stick":5,"minecraft:torch":86,"quark:blossom_log":40,"minecraft:porkchop":5,"minecraft:pointed_dripstone":9,"quark:blossom_planks":52,"wandering_bags:piglin_bag":1,"minecraft:rotten_flesh":14,"farmersdelight:onion":5,"create:ochrum":4,"minecraft:iron_block":2,"supplementaries:ash":16,"minecraft:cobblestone":288,"biomesoplenty:lavender":1,"minecraft:feather":2,"minecraft:smoker":2,"paraglider:spirit_orb":6,"minecraft:tuff":16,"minecraft:map":1,"minecraft:lapis_lazuli":30,"minecraft:dirt":20,"minecraft:name_tag":1,"minecraft:bone":11,"iceandfire:myrmex_jungle_resin":4,"minecraft:bow":3,"minecraft:wheat_seeds":67,"minecraft:raw_gold":3,"minecraft:mossy_stone_bricks":4,"minecraft:oak_planks":4,"minecraft:cooked_porkchop":1,"minecraft:cyan_bed":1,"minecraft:dark_oak_log":2,"iceandfire:myrmex_stinger":1,"alexsmobs:bison_carpet":1,"minecraft:diamond":7,"minecraft:granite":12,"minecraft:bread":29,"minecraft:emerald":5,"iceandfire:myrmex_jungle_biolight":3,"minecraft:oak_sapling":3,"minecraft:netherrack":25,"minecraft:oak_leaves":2,"minecraft:charcoal":2,"minecraft:crafting_table":9,"minecraft:azure_bluet":3,"minecraft:chicken":1,"minecraft:clay_ball":14,"minecraft:gold_block":1,"biomesoplenty:jacaranda_sapling":1,"gravestone:obituary":1,"minecraft:shield":1,"minecraft:iron_axe":1,"minecraft:cracked_stone_bricks":8,"minecraft:iron_nugget":32,"minecraft:light_gray_wool":2,"quark:yellow_blossom_sapling":1,"minecraft:birch_sapling":1,"minecraft:egg":1,"minecraft:raw_iron":30,"immersive_melodies:tiny_drum":1,"sophisticatedbackpacks:backpack":4,"minecraft:redstone":29,"minecraft:dark_oak_planks":4,"minecraft:tnt":1,"biomesoplenty:jacaranda_log":8,"minecraft:arrow":20,"minecraft:hay_block":13,"minecraft:black_banner":3,"minecraft:gold_ingot":2,"minecraft:mutton":1,"minecraft:white_wool":15,"minecraft:rail":1,"minecraft:bone_block":16,"minecraft:filled_map":2,"doggytalents:rice_grains":5,"minecraft:oak_log":22,"artifacts:cloud_in_a_bottle":1,"minecraft:white_banner":1,"minecraft:apple":3,"minecraft:stone_bricks":7,"minecraft:cooked_chicken":8,"minecraft:iron_sword":2,"minecraft:book":64,"iceandfire:ash":6,"minecraft:dripstone_block":11,"minecraft:gravel":6,"minecraft:white_bed":5,"minecraft:spider_eye":4,"minecraft:slime_ball":4,"minecraft:iron_helmet":1,"iceandfire:myrmex_jungle_egg":7,"minecraft:painting":3,"minecraft:gray_wool":96,"minecraft:baked_potato":2,"minecraft:coal":150},"minecraft:dropped":{"minecraft:iron_sword":2,"minecraft:oak_log":3,"minecraft:cracked_stone_bricks":3,"minecraft:rail":1,"paraglider:spirit_orb":4,"minecraft:dirt":4,"gravestone:obituary":1,"minecraft:gold_nugget":10,"minecraft:bone_block":8,"iceandfire:ash":6,"minecraft:dark_oak_planks":10,"minecraft:bone":8,"minecraft:gravel":6,"minecraft:cobbled_deepslate":36,"minecraft:cooked_chicken":6,"alexsmobs:animal_dictionary":1,"minecraft:birch_sapling":1,"minecraft:wheat":1,"minecraft:blue_wool":2,"minecraft:pointed_dripstone":9,"minecraft:rotten_flesh":13,"minecraft:azure_bluet":3,"supplementaries:ash":16,"minecraft:gunpowder":5,"alexsmobs:bison_carpet":1,"minecraft:charcoal":2,"minecraft:beetroot_seeds":2,"doggytalents:rice_grains":5,"comforts:sleeping_bag_white":1,"minecraft:arrow":3,"minecraft:stone_brick_stairs":1,"minecraft:written_book":3,"minecraft:oak_leaves":2,"minecraft:netherrack":25,"minecraft:iron_ingot":2,"minecraft:wheat_seeds":4,"iceandfire:myrmex_jungle_egg":4,"quark:blossom_planks":49,"minecraft:dripstone_block":1,"biomesoplenty:lavender":1,"minecraft:feather":3,"minecraft:cobblestone":84,"minecraft:coal":2,"biomesoplenty:jacaranda_log":8,"minecraft:stick":3,"iceandfire:myrmex_jungle_biolight":3,"minecraft:smooth_quartz":1,"minecraft:map":1,"minecraft:iron_leggings":2,"minecraft:white_banner":1,"minecraft:iron_axe":1,"minecraft:string":17,"create:ochrum":4,"minecraft:raw_copper":5,"minecraft:tuff":1,"minecraft:light_gray_wool":2,"minecraft:clay_ball":28,"iceandfire:myrmex_jungle_resin":4,"minecraft:filled_map":2,"minecraft:mossy_stone_bricks":4,"minecraft:oak_sapling":3,"minecraft:stone_bricks":4,"minecraft:spider_eye":4,"minecraft:slime_ball":3,"minecraft:bow":2},"minecraft:custom":{"minecraft:interact_with_crafting_table":29,"minecraft:open_barrel":86,"goblintraders:trade_with_goblin":4,"minecraft:leave_game":12,"minecraft:time_since_death":321864,"minecraft:sprint_one_cm":405688,"minecraft:damage_blocked_by_shield":1495,"minecraft:drop":139,"minecraft:talked_to_villager":7,"minecraft:play_time":371500,"minecraft:deaths":1,"minecraft:jump":5461,"minecraft:walk_on_water_one_cm":48850,"minecraft:interact_with_furnace":74,"minecraft:interact_with_cartography_table":1,"minecraft:interact_with_loom":2,"minecraft:sleep_in_bed":17,"minecraft:waystone_activated":5,"minecraft:damage_dealt":14555,"minecraft:player_kills":1,"minecraft:crouch_one_cm":374684,"minecraft:interact_with_smoker":13,"minecraft:interact_with_smithing_table":5,"minecraft:mob_kills":74,"minecraft:interact_with_anvil":1,"minecraft:damage_dealt_resisted":147,"minecraft:climb_one_cm":40841,"minecraft:walk_one_cm":942152,"minecraft:sneak_time":86730,"minecraft:walk_under_water_one_cm":33014,"minecraft:total_world_time":371500,"minecraft:tune_noteblock":6,"minecraft:raid_trigger":1,"minecraft:interact_with_grindstone":1,"minecraft:time_since_rest":9936,"minecraft:damage_taken":4750,"minecraft:damage_absorbed":19,"minecraft:trigger_trapped_chest":3,"minecraft:swim_one_cm":59776,"minecraft:fly_one_cm":1254082,"minecraft:open_chest":105,"minecraft:fall_one_cm":297540},"minecraft:killed":{"minecraft:cave_spider":6,"minecraft:spider":3,"minecraft:skeleton":9,"minecraft:chicken":1,"iceandfire:myrmex_royal":1,"minecraft:piglin_brute":2,"iceandfire:myrmex_worker":9,"alexsmobs:anteater":1,"minecraft:pig":1,"minecraft:sheep":1,"minecraft:pillager":8,"minecraft:zombie":22,"iceandfire:myrmex_queen":1,"minecraft:vindicator":2,"alexsmobs:seagull":1,"minecraft:slime":2,"iceandfire:myrmex_sentinel":1,"iceandfire:myrmex_soldier":1},"minecraft:mined":{"minecraft:dark_oak_planks":2,"create:deepslate_zinc_ore":1,"minecraft:white_bed":5,"quark:yellow_blossom_leaves":69,"minecraft:mossy_stone_brick_slab":2,"minecraft:sculk_vein":57,"minecraft:jungle_leaves":2,"minecraft:granite":12,"minecraft:grass_block":9,"minecraft:blue_wool":7,"minecraft:spawner":2,"minecraft:magma_block":3,"minecraft:sculk_catalyst":5,"minecraft:iron_ore":29,"minecraft:cobbled_deepslate":7,"minecraft:fire":2,"biomesoplenty:lavender":1,"quark:blossom_planks":3,"minecraft:deepslate_lapis_ore":4,"minecraft:anvil":2,"minecraft:azure_bluet":1,"biomesoplenty:hanging_cobweb":2,"minecraft:sculk_shrieker":1,"minecraft:pointed_dripstone":7,"iceandfire:gold_pile":37,"minecraft:iron_block":2,"biomesoplenty:jacaranda_leaves":4,"minecraft:deepslate_redstone_ore":7,"minecraft:smoker":2,"minecraft:torch":2,"quark:blossom_log":40,"minecraft:cobblestone":4,"minecraft:cyan_bed":1,"minecraft:oak_planks":4,"minecraft:wall_torch":1,"minecraft:cyan_wool":5,"minecraft:tnt":1,"minecraft:stone_brick_stairs":1,"minecraft:grass":24,"minecraft:oak_log":24,"minecraft:dirt":8,"minecraft:smooth_quartz":1,"minecraft:netherrack":52,"minecraft:oak_leaves":18,"minecraft:deepslate":262,"minecraft:tuff":16,"minecraft:deepslate_diamond_ore":7,"minecraft:dark_oak_log":3,"gravestone:gravestone":1,"create:ochrum":4,"minecraft:hay_block":15,"iceandfire:jungle_myrmex_cocoon":3,"biomesoplenty:jacaranda_log":4,"minecraft:furnace":3,"minecraft:andesite":8,"minecraft:stripped_spruce_log":1,"minecraft:gold_block":1,"minecraft:mossy_stone_brick_stairs":1,"minecraft:bookshelf":24,"minecraft:deepslate_iron_ore":1,"minecraft:vine":2,"minecraft:rail":1,"iceandfire:myrmex_resin_sticky_jungle":1,"biomesoplenty:spider_egg":1,"minecraft:stone":264,"sophisticatedbackpacks:backpack":2,"minecraft:crafting_table":9,"minecraft:sculk_sensor":22,"minecraft:campfire":1,"minecraft:tall_grass":3,"minecraft:copper_ore":4,"minecraft:sculk":994,"supplementaries:urn":13,"minecraft:gray_wool":100,"minecraft:black_wall_banner":3,"iceandfire:myrmex_jungle_biolight":4,"minecraft:birch_leaves":1,"minecraft:coal_ore":114,"alexsmobs:bison_fur_block":1,"minecraft:gravel":1,"minecraft:dripstone_block":11,"biomesoplenty:stringy_cobweb":1,"minecraft:cobweb":11,"minecraft:cracked_stone_bricks":7,"minecraft:stone_bricks":9,"minecraft:mossy_stone_bricks":4,"create:light_blue_seat":1,"minecraft:fern":2,"paraglider:goddess_statue":1}},"DataVersion":3465}