{"stats":{"minecraft:killed":{"minecraft:cave_spider":5,"minecraft:vindicator":1,"minecraft:spider":2,"minecraft:slime":2,"minecraft:skeleton":7,"minecraft:chicken":1,"minecraft:pig":1,"minecraft:sheep":1,"minecraft:pillager":6,"minecraft:zombie":21},"minecraft:killed_by":{"alexsmobs:centipede_head":1},"minecraft:mined":{"create:deepslate_zinc_ore":1,"minecraft:tuff":15,"quark:yellow_blossom_leaves":69,"minecraft:deepslate_diamond_ore":7,"minecraft:sculk_vein":53,"minecraft:dark_oak_log":3,"minecraft:granite":12,"gravestone:gravestone":1,"minecraft:grass_block":2,"create:ochrum":4,"minecraft:blue_wool":7,"minecraft:spawner":1,"biomesoplenty:jacaranda_log":4,"minecraft:sculk_catalyst":5,"minecraft:furnace":1,"minecraft:iron_ore":19,"minecraft:cobbled_deepslate":7,"biomesoplenty:lavender":1,"minecraft:andesite":8,"minecraft:deepslate_lapis_ore":4,"minecraft:azure_bluet":1,"minecraft:sculk_shrieker":1,"minecraft:pointed_dripstone":7,"minecraft:deepslate_iron_ore":1,"minecraft:rail":1,"minecraft:stone":96,"biomesoplenty:jacaranda_leaves":4,"minecraft:deepslate_redstone_ore":7,"minecraft:crafting_table":7,"minecraft:torch":2,"quark:blossom_log":40,"minecraft:sculk_sensor":22,"minecraft:campfire":1,"minecraft:copper_ore":4,"minecraft:cobblestone":2,"minecraft:cyan_bed":1,"minecraft:oak_planks":4,"minecraft:sculk":986,"minecraft:wall_torch":1,"supplementaries:urn":13,"minecraft:cyan_wool":5,"minecraft:gray_wool":100,"minecraft:tnt":1,"minecraft:grass":8,"minecraft:oak_log":22,"minecraft:coal_ore":88,"minecraft:dripstone_block":11,"minecraft:dirt":8,"minecraft:cobweb":11,"minecraft:cracked_stone_bricks":7,"minecraft:stone_bricks":3,"minecraft:mossy_stone_bricks":3,"minecraft:oak_leaves":13,"create:light_blue_seat":1,"minecraft:deepslate":262,"minecraft:fern":1},"minecraft:used":{"minecraft:shield":29,"minecraft:iron_sword":143,"minecraft:cooked_salmon":2,"minecraft:cooked_chicken":6,"minecraft:rotten_flesh":1,"minecraft:stone_hoe":131,"minecraft:torch":229,"minecraft:dirt":10,"minecraft:iron_hoe":886,"minecraft:iron_axe":164,"minecraft:stone_bricks":3,"minecraft:furnace":2,"quark:blossom_planks":9,"comforts:sleeping_bag_white":4,"minecraft:cobbled_deepslate":64,"minecraft:oak_planks":8,"minecraft:stone_pickaxe":68,"minecraft:wooden_pickaxe":26,"minecraft:cracked_stone_bricks":5,"minecraft:golden_apple":2,"minecraft:crafting_table":7,"minecraft:dripstone_block":10,"minecraft:shears":111,"minecraft:diamond_pickaxe":289,"minecraft:bread":27,"minecraft:cyan_bed":1,"minecraft:iron_pickaxe":252,"minecraft:map":1,"minecraft:stone_axe":38,"minecraft:cooked_porkchop":6,"alexsmobs:animal_dictionary":1,"minecraft:gray_wool":96},"minecraft:crafted":{"minecraft:oak_planks":76,"comforts:sleeping_bag_white":2,"minecraft:cooked_chicken":4,"minecraft:furnace":1,"map_atlases:atlas":1,"minecraft:iron_hoe":4,"minecraft:stone_pickaxe":1,"minecraft:dark_oak_planks":8,"minecraft:stone_hoe":1,"minecraft:cooked_beef":7,"quark:blossom_planks":124,"minecraft:cooked_porkchop":5,"minecraft:crafting_table":2,"minecraft:wooden_pickaxe":1,"minecraft:cooked_salmon":2,"minecraft:stone_axe":1,"minecraft:air":0,"minecraft:diamond_pickaxe":1,"minecraft:stick":60,"minecraft:iron_ingot":10,"minecraft:torch":164,"minecraft:shears":1},"minecraft:broken":{"minecraft:stone_hoe":1,"minecraft:iron_pickaxe":1,"minecraft:iron_hoe":3},"minecraft:custom":{"minecraft:interact_with_smithing_table":2,"minecraft:mob_kills":48,"minecraft:interact_with_crafting_table":14,"minecraft:open_barrel":13,"goblintraders:trade_with_goblin":4,"minecraft:damage_dealt_resisted":147,"minecraft:leave_game":8,"minecraft:time_since_death":192359,"minecraft:climb_one_cm":17969,"minecraft:sprint_one_cm":203612,"minecraft:walk_one_cm":564109,"minecraft:damage_blocked_by_shield":700,"minecraft:drop":89,"minecraft:play_time":241995,"minecraft:deaths":1,"minecraft:sneak_time":81744,"minecraft:walk_under_water_one_cm":12828,"minecraft:jump":2954,"minecraft:walk_on_water_one_cm":28576,"minecraft:total_world_time":241995,"minecraft:interact_with_furnace":29,"minecraft:interact_with_loom":2,"minecraft:sleep_in_bed":6,"minecraft:time_since_rest":10920,"minecraft:waystone_activated":1,"minecraft:damage_taken":2669,"minecraft:damage_absorbed":16,"minecraft:trigger_trapped_chest":3,"minecraft:damage_dealt":8205,"minecraft:swim_one_cm":35689,"minecraft:fly_one_cm":398372,"minecraft:player_kills":1,"minecraft:open_chest":27,"minecraft:crouch_one_cm":357097,"minecraft:fall_one_cm":106388},"minecraft:picked_up":{"minecraft:charcoal":2,"minecraft:crafting_table":7,"minecraft:iron_chestplate":1,"minecraft:azure_bluet":3,"minecraft:chicken":1,"minecraft:clay_ball":14,"create:light_blue_seat":1,"biomesoplenty:jacaranda_sapling":1,"gravestone:obituary":1,"minecraft:shield":1,"minecraft:iron_axe":1,"minecraft:string":10,"minecraft:raw_copper":10,"minecraft:iron_leggings":1,"minecraft:cracked_stone_bricks":8,"minecraft:diamond_leggings":1,"minecraft:cobbled_deepslate":164,"minecraft:gold_nugget":39,"comforts:sleeping_bag_white":4,"minecraft:written_book":3,"minecraft:iron_nugget":32,"minecraft:iron_pickaxe":1,"minecraft:light_gray_wool":2,"quark:yellow_blossom_sapling":1,"minecraft:furnace":1,"minecraft:iron_boots":1,"minecraft:egg":1,"minecraft:blue_wool":2,"minecraft:stick":5,"minecraft:raw_iron":20,"minecraft:torch":85,"immersive_melodies:tiny_drum":1,"sophisticatedbackpacks:backpack":2,"quark:blossom_log":40,"minecraft:porkchop":2,"minecraft:pointed_dripstone":9,"minecraft:redstone":29,"minecraft:tnt":1,"minecraft:arrow":17,"minecraft:rotten_flesh":13,"biomesoplenty:jacaranda_log":8,"create:ochrum":4,"supplementaries:ash":15,"minecraft:mutton":1,"minecraft:bone_block":16,"minecraft:rail":1,"minecraft:white_wool":15,"minecraft:cobblestone":96,"biomesoplenty:lavender":1,"minecraft:feather":2,"minecraft:filled_map":2,"doggytalents:rice_grains":3,"paraglider:spirit_orb":4,"minecraft:tuff":15,"minecraft:oak_log":22,"artifacts:cloud_in_a_bottle":1,"minecraft:lapis_lazuli":30,"minecraft:map":1,"minecraft:dirt":14,"minecraft:white_banner":1,"minecraft:name_tag":1,"minecraft:bone":8,"minecraft:stone_bricks":4,"minecraft:bow":1,"minecraft:wheat_seeds":2,"minecraft:raw_gold":3,"minecraft:cooked_chicken":8,"minecraft:mossy_stone_bricks":4,"minecraft:iron_sword":1,"minecraft:oak_planks":4,"minecraft:book":1,"minecraft:cooked_porkchop":1,"minecraft:dripstone_block":11,"minecraft:gravel":6,"minecraft:cyan_bed":1,"alexsmobs:bison_carpet":1,"minecraft:dark_oak_log":2,"minecraft:spider_eye":4,"minecraft:slime_ball":4,"minecraft:diamond":7,"minecraft:iron_helmet":1,"minecraft:granite":12,"minecraft:gray_wool":96,"minecraft:emerald":5,"minecraft:bread":29,"minecraft:oak_sapling":2,"minecraft:coal":115},"minecraft:dropped":{"minecraft:iron_ingot":2,"minecraft:wheat_seeds":2,"minecraft:oak_log":3,"minecraft:dripstone_block":1,"biomesoplenty:lavender":1,"minecraft:feather":3,"minecraft:cobblestone":13,"minecraft:cracked_stone_bricks":3,"minecraft:rail":1,"minecraft:coal":1,"biomesoplenty:jacaranda_log":8,"minecraft:stick":3,"minecraft:dirt":3,"minecraft:map":1,"minecraft:iron_leggings":1,"gravestone:obituary":1,"minecraft:gold_nugget":3,"minecraft:bone_block":8,"minecraft:iron_axe":1,"minecraft:string":7,"minecraft:bone":8,"minecraft:gravel":6,"create:ochrum":4,"minecraft:cooked_chicken":6,"alexsmobs:animal_dictionary":1,"minecraft:cobbled_deepslate":8,"minecraft:raw_copper":5,"minecraft:blue_wool":2,"minecraft:pointed_dripstone":9,"minecraft:rotten_flesh":13,"minecraft:clay_ball":28,"minecraft:azure_bluet":3,"minecraft:filled_map":2,"supplementaries:ash":15,"minecraft:gunpowder":5,"alexsmobs:bison_carpet":1,"minecraft:beetroot_seeds":2,"minecraft:mossy_stone_bricks":4,"minecraft:oak_sapling":2,"minecraft:spider_eye":4,"minecraft:stone_bricks":1,"doggytalents:rice_grains":3,"comforts:sleeping_bag_white":1,"minecraft:slime_ball":3,"minecraft:arrow":2,"minecraft:written_book":3}},"DataVersion":3465}