{"stats":{"minecraft:killed":{"minecraft:sheep":1,"minecraft:zombie":1,"minecraft:pig":2,"minecraft:chicken":1,"minecraft:spider":1,"minecraft:wither_skeleton":1,"minecraft:creeper":4,"minecraft:cow":2,"minecraft:phantom":1},"minecraft:dropped":{"minecraft:feather":2,"minecraft:spider_eye":1,"minecraft:string":1,"minecraft:bone":2},"minecraft:mined":{"minecraft:acacia_leaves":2,"minecraft:grass":16,"minecraft:acacia_log":8},"minecraft:custom":{"minecraft:time_since_rest":12815,"minecraft:sprint_one_cm":18748,"minecraft:damage_taken":164,"minecraft:walk_one_cm":30420,"minecraft:mob_kills":14,"minecraft:drop":6,"minecraft:damage_dealt":112,"minecraft:swim_one_cm":17569,"minecraft:fly_one_cm":116183,"minecraft:crouch_one_cm":535,"minecraft:play_time":17716,"minecraft:deaths":2,"minecraft:sneak_time":242,"minecraft:walk_under_water_one_cm":32857,"minecraft:jump":202,"minecraft:time_since_death":12772,"minecraft:walk_on_water_one_cm":8499,"minecraft:total_world_time":17716,"minecraft:fall_one_cm":2719},"minecraft:used":{"minecraft:trident":119,"minecraft:elytra":1,"minecraft:wither_skeleton_spawn_egg":1,"minecraft:bow":45,"minecraft:phantom_spawn_egg":1,"minecraft:magenta_candle":1,"minecraft:sculk_catalyst":36},"minecraft:picked_up":{"minecraft:sculk_catalyst":2,"minecraft:feather":2,"minecraft:chicken":1,"minecraft:acacia_log":7,"minecraft:spider_eye":1,"minecraft:string":1,"minecraft:bone":2,"minecraft:wheat_seeds":2}},"DataVersion":3465}