{"stats":{"minecraft:killed":{"minecraft:cave_spider":4,"minecraft:pig":1,"minecraft:skeleton":4,"minecraft:sheep":1,"minecraft:zombie":10,"minecraft:chicken":1},"minecraft:killed_by":{"alexsmobs:centipede_head":1},"minecraft:mined":{"minecraft:deepslate_diamond_ore":1,"minecraft:sculk_vein":8,"gravestone:gravestone":1,"minecraft:crafting_table":2,"minecraft:grass_block":2,"minecraft:sculk_sensor":7,"minecraft:cobblestone":2,"minecraft:oak_planks":4,"minecraft:sculk":142,"supplementaries:urn":1,"minecraft:sculk_catalyst":2,"minecraft:furnace":1,"minecraft:iron_ore":12,"minecraft:cobbled_deepslate":1,"minecraft:tnt":1,"minecraft:azure_bluet":1,"minecraft:grass":3,"minecraft:pointed_dripstone":5,"minecraft:oak_log":22,"minecraft:coal_ore":46,"minecraft:rail":1,"minecraft:dripstone_block":1,"minecraft:dirt":8,"minecraft:cobweb":11,"minecraft:cracked_stone_bricks":6,"minecraft:stone_bricks":3,"minecraft:stone":30,"minecraft:mossy_stone_bricks":3,"create:light_blue_seat":1,"minecraft:oak_leaves":13,"minecraft:deepslate":44,"minecraft:fern":1},"minecraft:used":{"minecraft:stone_pickaxe":68,"minecraft:oak_planks":8,"minecraft:shield":1,"minecraft:wooden_pickaxe":26,"minecraft:cracked_stone_bricks":5,"minecraft:iron_sword":72,"minecraft:cooked_salmon":2,"minecraft:rotten_flesh":1,"minecraft:cooked_chicken":6,"minecraft:torch":95,"minecraft:dirt":10,"minecraft:crafting_table":3,"minecraft:iron_hoe":150,"minecraft:iron_axe":5,"minecraft:bread":3,"minecraft:iron_pickaxe":81,"minecraft:stone_bricks":2,"minecraft:stone_axe":38,"minecraft:furnace":2,"minecraft:cobbled_deepslate":4,"alexsmobs:animal_dictionary":1,"comforts:sleeping_bag_white":3},"minecraft:crafted":{"minecraft:cooked_beef":7,"minecraft:oak_planks":44,"minecraft:cooked_porkchop":5,"minecraft:crafting_table":1,"comforts:sleeping_bag_white":2,"minecraft:wooden_pickaxe":1,"minecraft:cooked_chicken":4,"minecraft:furnace":1,"minecraft:cooked_salmon":2,"minecraft:stone_axe":1,"minecraft:air":0,"minecraft:iron_hoe":1,"minecraft:stick":56,"minecraft:iron_ingot":2,"minecraft:stone_pickaxe":1,"minecraft:torch":148,"minecraft:shears":1},"minecraft:custom":{"minecraft:interact_with_furnace":25,"minecraft:mob_kills":21,"minecraft:interact_with_crafting_table":7,"minecraft:open_barrel":6,"minecraft:interact_with_loom":2,"minecraft:damage_dealt_resisted":147,"minecraft:time_since_death":28104,"minecraft:sleep_in_bed":3,"minecraft:climb_one_cm":11529,"minecraft:time_since_rest":28223,"minecraft:waystone_activated":1,"minecraft:sprint_one_cm":91047,"minecraft:damage_taken":865,"minecraft:walk_one_cm":223572,"minecraft:damage_blocked_by_shield":25,"minecraft:drop":51,"minecraft:damage_dealt":2777,"minecraft:swim_one_cm":35689,"minecraft:fly_one_cm":119779,"minecraft:player_kills":1,"minecraft:deaths":1,"minecraft:open_chest":5,"minecraft:crouch_one_cm":47549,"minecraft:play_time":77740,"minecraft:sneak_time":13387,"minecraft:walk_under_water_one_cm":10268,"minecraft:jump":1021,"minecraft:walk_on_water_one_cm":15517,"minecraft:total_world_time":77740,"minecraft:fall_one_cm":32875},"minecraft:picked_up":{"minecraft:crafting_table":2,"minecraft:azure_bluet":3,"minecraft:feather":2,"minecraft:chicken":1,"minecraft:clay_ball":14,"create:light_blue_seat":1,"minecraft:filled_map":2,"paraglider:spirit_orb":2,"doggytalents:rice_grains":3,"minecraft:oak_log":22,"gravestone:obituary":1,"minecraft:shield":1,"minecraft:raw_copper":10,"minecraft:string":9,"minecraft:dirt":14,"minecraft:name_tag":1,"minecraft:bone":4,"minecraft:stone_bricks":4,"minecraft:bow":1,"minecraft:cracked_stone_bricks":6,"minecraft:wheat_seeds":2,"minecraft:gold_nugget":3,"minecraft:cobbled_deepslate":36,"comforts:sleeping_bag_white":3,"minecraft:cooked_chicken":8,"minecraft:mossy_stone_bricks":2,"minecraft:iron_nugget":8,"minecraft:iron_pickaxe":1,"minecraft:oak_planks":4,"minecraft:iron_sword":1,"minecraft:furnace":1,"minecraft:egg":1,"minecraft:stick":2,"minecraft:raw_iron":12,"minecraft:cooked_porkchop":1,"minecraft:torch":2,"minecraft:dripstone_block":1,"sophisticatedbackpacks:backpack":2,"minecraft:porkchop":2,"minecraft:pointed_dripstone":8,"minecraft:spider_eye":2,"minecraft:tnt":1,"minecraft:arrow":7,"minecraft:rotten_flesh":5,"minecraft:diamond":1,"minecraft:bread":16,"minecraft:rail":1,"minecraft:bone_block":8,"minecraft:oak_sapling":2,"minecraft:mutton":1,"minecraft:coal":73,"minecraft:white_wool":6,"minecraft:cobblestone":29},"minecraft:dropped":{"minecraft:wheat_seeds":2,"alexsmobs:animal_dictionary":1,"minecraft:cooked_chicken":6,"minecraft:oak_log":3,"minecraft:cobbled_deepslate":1,"minecraft:raw_copper":5,"minecraft:pointed_dripstone":1,"minecraft:feather":3,"minecraft:cobblestone":13,"minecraft:rotten_flesh":5,"minecraft:clay_ball":28,"minecraft:cracked_stone_bricks":1,"minecraft:azure_bluet":3,"minecraft:coal":1,"minecraft:filled_map":1,"minecraft:dirt":3,"minecraft:gunpowder":5,"minecraft:beetroot_seeds":2,"minecraft:stone_bricks":1,"minecraft:oak_sapling":2,"gravestone:obituary":1,"minecraft:gold_nugget":3,"doggytalents:rice_grains":3,"comforts:sleeping_bag_white":1,"minecraft:string":4,"minecraft:bone":2}},"DataVersion":3465}