{"stats":{"minecraft:killed":{"minecraft:cave_spider":2,"minecraft:pig":1,"minecraft:skeleton":1,"minecraft:sheep":1,"minecraft:zombie":8,"minecraft:chicken":1},"minecraft:killed_by":{"alexsmobs:centipede_head":1},"minecraft:mined":{"gravestone:gravestone":1,"minecraft:crafting_table":2,"minecraft:grass_block":2,"minecraft:furnace":1,"minecraft:iron_ore":12,"minecraft:tnt":1,"minecraft:azure_bluet":1,"minecraft:grass":3,"minecraft:pointed_dripstone":1,"minecraft:oak_log":22,"minecraft:coal_ore":46,"minecraft:dirt":8,"minecraft:cobweb":9,"minecraft:stone":30,"create:light_blue_seat":1,"minecraft:oak_leaves":13,"minecraft:deepslate":3,"minecraft:fern":1},"minecraft:used":{"minecraft:stone_pickaxe":68,"minecraft:oak_planks":8,"minecraft:shield":1,"minecraft:wooden_pickaxe":26,"minecraft:iron_sword":49,"minecraft:cooked_salmon":2,"minecraft:rotten_flesh":1,"minecraft:cooked_chicken":6,"minecraft:torch":26,"minecraft:dirt":10,"minecraft:crafting_table":2,"minecraft:iron_pickaxe":10,"minecraft:stone_axe":38,"minecraft:furnace":1,"alexsmobs:animal_dictionary":1,"comforts:sleeping_bag_white":3},"minecraft:crafted":{"minecraft:cooked_beef":7,"minecraft:oak_planks":44,"minecraft:cooked_porkchop":5,"minecraft:crafting_table":1,"comforts:sleeping_bag_white":2,"minecraft:wooden_pickaxe":1,"minecraft:cooked_chicken":4,"minecraft:furnace":1,"minecraft:cooked_salmon":2,"minecraft:stone_axe":1,"minecraft:air":0,"minecraft:stick":12,"minecraft:stone_pickaxe":1,"minecraft:torch":32,"minecraft:shears":1},"minecraft:custom":{"minecraft:interact_with_furnace":20,"minecraft:mob_kills":14,"minecraft:interact_with_crafting_table":4,"minecraft:open_barrel":1,"minecraft:interact_with_loom":2,"minecraft:damage_dealt_resisted":147,"minecraft:time_since_death":4104,"minecraft:sleep_in_bed":3,"minecraft:climb_one_cm":10425,"minecraft:time_since_rest":4223,"minecraft:waystone_activated":1,"minecraft:sprint_one_cm":68756,"minecraft:damage_taken":705,"minecraft:walk_one_cm":142539,"minecraft:damage_blocked_by_shield":25,"minecraft:drop":48,"minecraft:damage_dealt":2081,"minecraft:swim_one_cm":35689,"minecraft:fly_one_cm":109271,"minecraft:player_kills":1,"minecraft:deaths":1,"minecraft:open_chest":2,"minecraft:crouch_one_cm":14974,"minecraft:play_time":53740,"minecraft:sneak_time":4201,"minecraft:walk_under_water_one_cm":10142,"minecraft:jump":868,"minecraft:walk_on_water_one_cm":11050,"minecraft:total_world_time":53740,"minecraft:fall_one_cm":28224},"minecraft:picked_up":{"minecraft:crafting_table":2,"minecraft:azure_bluet":3,"minecraft:feather":2,"minecraft:chicken":1,"minecraft:clay_ball":14,"create:light_blue_seat":1,"doggytalents:rice_grains":3,"minecraft:oak_log":22,"gravestone:obituary":1,"minecraft:shield":1,"minecraft:raw_copper":10,"minecraft:string":7,"minecraft:dirt":14,"minecraft:bone":2,"minecraft:wheat_seeds":2,"minecraft:gold_nugget":3,"minecraft:cobbled_deepslate":1,"comforts:sleeping_bag_white":3,"minecraft:cooked_chicken":8,"minecraft:iron_pickaxe":1,"minecraft:iron_sword":1,"minecraft:furnace":1,"minecraft:egg":1,"minecraft:stick":2,"minecraft:raw_iron":12,"minecraft:cooked_porkchop":1,"minecraft:torch":1,"sophisticatedbackpacks:backpack":2,"minecraft:porkchop":2,"minecraft:pointed_dripstone":1,"minecraft:tnt":1,"minecraft:arrow":5,"minecraft:rotten_flesh":3,"minecraft:bread":16,"minecraft:oak_sapling":2,"minecraft:mutton":1,"minecraft:coal":73,"minecraft:white_wool":6,"minecraft:cobblestone":27},"minecraft:dropped":{"minecraft:wheat_seeds":2,"alexsmobs:animal_dictionary":1,"minecraft:cooked_chicken":6,"minecraft:oak_log":3,"minecraft:cobbled_deepslate":1,"minecraft:raw_copper":5,"minecraft:pointed_dripstone":1,"minecraft:feather":3,"minecraft:cobblestone":13,"minecraft:rotten_flesh":5,"minecraft:clay_ball":28,"minecraft:azure_bluet":3,"minecraft:coal":1,"minecraft:dirt":3,"minecraft:gunpowder":5,"minecraft:beetroot_seeds":2,"minecraft:oak_sapling":2,"gravestone:obituary":1,"minecraft:gold_nugget":3,"doggytalents:rice_grains":3,"comforts:sleeping_bag_white":1,"minecraft:string":4,"minecraft:bone":2}},"DataVersion":3465}