{"stats":{"minecraft:killed":{"minecraft:sheep":1,"minecraft:pig":1},"minecraft:mined":{"minecraft:azure_bluet":1,"minecraft:crafting_table":1,"minecraft:grass":3,"minecraft:coal_ore":24,"minecraft:grass_block":2,"minecraft:oak_log":20,"minecraft:dirt":8,"minecraft:stone":17,"minecraft:oak_leaves":13,"create:light_blue_seat":1},"minecraft:used":{"minecraft:stone_pickaxe":25,"minecraft:wooden_pickaxe":26,"minecraft:cooked_salmon":1,"minecraft:cooked_chicken":1,"minecraft:stone_axe":30,"minecraft:dirt":10,"minecraft:crafting_table":1,"comforts:sleeping_bag_white":1},"minecraft:crafted":{"minecraft:oak_planks":44,"minecraft:cooked_porkchop":1,"minecraft:crafting_table":1,"minecraft:stick":12,"minecraft:cooked_chicken":3,"comforts:sleeping_bag_white":2,"minecraft:wooden_pickaxe":1,"minecraft:stone_pickaxe":1,"minecraft:cooked_salmon":2,"minecraft:stone_axe":1,"minecraft:shears":1,"minecraft:air":0},"minecraft:custom":{"minecraft:time_since_rest":5170,"minecraft:waystone_activated":1,"minecraft:interact_with_furnace":6,"minecraft:sprint_one_cm":27905,"minecraft:damage_taken":160,"minecraft:walk_one_cm":41379,"minecraft:mob_kills":2,"minecraft:drop":19,"minecraft:damage_dealt":180,"minecraft:swim_one_cm":14152,"minecraft:interact_with_crafting_table":3,"minecraft:fly_one_cm":37400,"minecraft:open_chest":1,"minecraft:crouch_one_cm":2491,"minecraft:play_time":17740,"minecraft:sneak_time":1167,"minecraft:walk_under_water_one_cm":1816,"minecraft:jump":265,"minecraft:time_since_death":17740,"minecraft:walk_on_water_one_cm":2194,"minecraft:sleep_in_bed":1,"minecraft:total_world_time":17740,"minecraft:climb_one_cm":10205,"minecraft:fall_one_cm":9972},"minecraft:picked_up":{"minecraft:feather":1,"minecraft:stick":2,"minecraft:crafting_table":1,"minecraft:azure_bluet":2,"minecraft:cooked_porkchop":1,"minecraft:clay_ball":14,"create:light_blue_seat":1,"doggytalents:rice_grains":2,"minecraft:porkchop":2,"minecraft:oak_log":20,"minecraft:dirt":12,"minecraft:wheat_seeds":2,"comforts:sleeping_bag_white":1,"minecraft:cooked_chicken":6,"minecraft:oak_sapling":2,"minecraft:mutton":1,"minecraft:coal":24,"minecraft:white_wool":6,"minecraft:cobblestone":17},"minecraft:dropped":{"minecraft:dirt":1,"minecraft:wheat_seeds":2,"minecraft:cooked_chicken":6,"minecraft:oak_sapling":2,"minecraft:feather":2,"minecraft:clay_ball":28,"doggytalents:rice_grains":2,"comforts:sleeping_bag_white":1,"minecraft:azure_bluet":2}},"DataVersion":3465}