{"stats":{"minecraft:killed":{"minecraft:sheep":2,"minecraft:skeleton":2,"minecraft:zombie":4,"minecraft:pig":3,"minecraft:chicken":1,"minecraft:tropical_fish":1,"minecraft:creeper":2,"minecraft:cow":3},"minecraft:dropped":{"minecraft:sculk_catalyst":4,"minecraft:rotten_flesh":2,"minecraft:phantom_membrane":1},"minecraft:mined":{"minecraft:grass":13},"minecraft:custom":{"minecraft:time_since_rest":36815,"minecraft:interact_with_smithing_table":13,"minecraft:sprint_one_cm":17508,"minecraft:damage_taken":167,"minecraft:walk_one_cm":66791,"minecraft:mob_kills":18,"minecraft:drop":7,"minecraft:damage_dealt":1425,"minecraft:swim_one_cm":1211,"minecraft:fly_one_cm":413006,"minecraft:crouch_one_cm":1181,"minecraft:play_time":41763,"minecraft:deaths":2,"minecraft:sneak_time":298,"minecraft:walk_under_water_one_cm":146102,"minecraft:aviate_one_cm":1604818,"minecraft:jump":294,"minecraft:time_since_death":36785,"minecraft:walk_on_water_one_cm":11027,"minecraft:total_world_time":41763,"minecraft:fall_one_cm":1521},"minecraft:used":{"minecraft:warden_spawn_egg":32,"minecraft:ender_eye":18,"minecraft:trident":168,"minecraft:firework_rocket":416,"minecraft:redstone":3,"minecraft:netherite_chestplate":11,"minecraft:iron_golem_spawn_egg":19,"minecraft:iron_helmet":3,"minecraft:calibrated_sculk_sensor":1,"minecraft:sculk_sensor":2,"minecraft:snow_golem_spawn_egg":25,"minecraft:pitcher_plant":1,"minecraft:loom":1,"minecraft:smithing_table":1,"minecraft:diamond_helmet":3,"minecraft:sculk_shrieker":2,"minecraft:crossbow":10,"minecraft:netherite_helmet":3,"minecraft:egg":1,"minecraft:sculk_catalyst":46,"minecraft:small_amethyst_bud":2},"minecraft:crafted":{"minecraft:netherite_chestplate":5,"minecraft:diamond_helmet":1,"minecraft:iron_helmet":1,"minecraft:netherite_helmet":1},"minecraft:picked_up":{"minecraft:sculk_catalyst":7,"minecraft:feather":2,"minecraft:chicken":1,"minecraft:leather":3,"minecraft:acacia_log":1,"minecraft:redstone":1,"minecraft:rotten_flesh":2,"minecraft:beef":4,"minecraft:phantom_membrane":1,"minecraft:egg":1}},"DataVersion":3465}