{"stats":{"minecraft:killed":{"minecraft:cave_spider":1,"minecraft:pig":3,"minecraft:salmon":7,"minecraft:spider":1,"alexsmobs:seagull":2,"minecraft:sheep":2,"minecraft:skeleton":1,"minecraft:zombie":3,"minecraft:chicken":7,"alexsmobs:centipede_head":1,"minecraft:cow":9},"minecraft:killed_by":{"minecraft:player":1},"minecraft:mined":{"minecraft:deepslate_redstone_ore":11,"minecraft:tuff":1,"iceandfire:silver_ore":2,"minecraft:crafting_table":3,"gravestone:gravestone":2,"minecraft:allium":1,"minecraft:grass_block":4,"minecraft:rose_bush":25,"minecraft:sculk_sensor":4,"minecraft:light_gray_bed":1,"minecraft:deepslate_gold_ore":13,"minecraft:oak_planks":9,"minecraft:sugar_cane":5,"minecraft:sculk":2,"minecraft:spawner":1,"supplementaries:urn":2,"farmersdelight:wild_onions":13,"minecraft:sculk_catalyst":1,"minecraft:furnace":3,"minecraft:iron_ore":10,"minecraft:deepslate_lapis_ore":3,"minecraft:vine":1,"minecraft:grass":3,"biomesoplenty:clover":1,"minecraft:deepslate_iron_ore":3,"minecraft:oak_log":7,"minecraft:coal_ore":79,"minecraft:dirt":10,"minecraft:cobweb":20,"minecraft:stone":32,"minecraft:deepslate":6},"minecraft:used":{"minecraft:mossy_stone_bricks":1,"minecraft:cooked_mutton":2,"minecraft:oak_planks":3,"minecraft:stone_pickaxe":131,"minecraft:shield":48,"minecraft:wooden_pickaxe":4,"minecraft:iron_sword":47,"minecraft:cooked_salmon":3,"minecraft:torch":50,"farmersdelight:onion":17,"minecraft:dirt":12,"minecraft:crafting_table":4,"minecraft:allium":28,"minecraft:tuff":1,"minecraft:granite":1,"minecraft:wooden_axe":7,"minecraft:bread":3,"minecraft:iron_pickaxe":34,"minecraft:stone_axe":51,"minecraft:cobblestone":10,"minecraft:beef":1,"minecraft:furnace":5,"minecraft:porkchop":2,"comforts:sleeping_bag_white":2,"minecraft:egg":1,"minecraft:cobbled_deepslate":6,"minecraft:cobweb":10,"minecraft:light_gray_bed":1,"minecraft:pointed_dripstone":5},"minecraft:crafted":{"minecraft:cooked_beef":6,"minecraft:oak_planks":32,"sophisticatedbackpacks:backpack":1,"iceandfire:silver_ingot":2,"minecraft:cooked_porkchop":1,"minecraft:crafting_table":1,"minecraft:wooden_pickaxe":1,"minecraft:cooked_chicken":4,"minecraft:iron_sword":2,"minecraft:furnace":2,"immersive_melodies:lute":1,"minecraft:cooked_salmon":3,"minecraft:stone_axe":1,"minecraft:cooked_mutton":4,"minecraft:air":0,"minecraft:shield":2,"minecraft:stick":16,"quark:oak_chest":1,"minecraft:iron_ingot":12,"minecraft:iron_pickaxe":2,"minecraft:stone_pickaxe":1,"minecraft:torch":52},"minecraft:custom":{"minecraft:interact_with_furnace":55,"minecraft:mob_kills":38,"minecraft:interact_with_crafting_table":12,"minecraft:open_barrel":2,"minecraft:interact_with_loom":1,"minecraft:damage_dealt_resisted":6,"minecraft:time_since_death":19293,"minecraft:sleep_in_bed":3,"minecraft:climb_one_cm":13677,"minecraft:time_since_rest":19322,"minecraft:waystone_activated":1,"minecraft:sprint_one_cm":191568,"minecraft:damage_taken":1165,"minecraft:walk_one_cm":204798,"minecraft:damage_blocked_by_shield":570,"minecraft:drop":27,"minecraft:damage_dealt":3967,"minecraft:swim_one_cm":56261,"minecraft:fly_one_cm":162340,"minecraft:open_chest":5,"minecraft:crouch_one_cm":11551,"minecraft:play_time":65813,"minecraft:deaths":2,"minecraft:sneak_time":3947,"minecraft:walk_under_water_one_cm":11665,"minecraft:jump":1124,"minecraft:walk_on_water_one_cm":18821,"minecraft:total_world_time":65813,"minecraft:fall_one_cm":29519},"minecraft:broken":{"minecraft:stone_pickaxe":1},"minecraft:picked_up":{"minecraft:crafting_table":3,"minecraft:allium":28,"minecraft:feather":9,"minecraft:chicken":7,"minecraft:salmon":5,"minecraft:leather":7,"doggytalents:rice_grains":1,"minecraft:enchanted_book":1,"minecraft:tuff":1,"supplementaries:flax_seeds":2,"minecraft:oak_log":10,"gravestone:obituary":1,"minecraft:shield":1,"minecraft:lapis_lazuli":18,"minecraft:string":27,"minecraft:dirt":12,"minecraft:raw_copper":8,"minecraft:bone":6,"minecraft:wheat_seeds":1,"minecraft:cobbled_deepslate":6,"minecraft:raw_gold":13,"comforts:sleeping_bag_white":3,"minecraft:beef":19,"minecraft:cobweb":10,"minecraft:cooked_chicken":7,"minecraft:rose_bush":25,"minecraft:mossy_stone_bricks":1,"minecraft:iron_pickaxe":1,"minecraft:sugar_cane":6,"minecraft:oak_planks":9,"minecraft:furnace":3,"minecraft:egg":1,"minecraft:raw_iron":20,"minecraft:cooked_porkchop":1,"minecraft:torch":1,"minecraft:porkchop":6,"minecraft:pointed_dripstone":5,"minecraft:redstone":50,"minecraft:spider_eye":2,"minecraft:light_gray_bed":1,"minecraft:rotten_flesh":3,"farmersdelight:onion":13,"minecraft:granite":1,"minecraft:mutton":3,"minecraft:coal":123,"iceandfire:raw_silver":2,"minecraft:white_wool":2,"minecraft:cobblestone":32},"minecraft:dropped":{"minecraft:iron_sword":1,"minecraft:wheat_seeds":1,"minecraft:cooked_chicken":8,"minecraft:cooked_porkchop":2,"minecraft:rotten_flesh":1,"supplementaries:flax_seeds":2,"minecraft:shield":2,"minecraft:wooden_axe":1,"minecraft:spider_eye":2,"gravestone:obituary":3,"doggytalents:rice_grains":1,"minecraft:iron_pickaxe":2,"minecraft:white_wool":1}},"DataVersion":3465}