{"stats":{"minecraft:custom":{"minecraft:time_since_rest":1912,"minecraft:sprint_one_cm":24690,"minecraft:play_time":19763,"minecraft:damage_taken":410,"minecraft:deaths":2,"minecraft:walk_one_cm":18718,"minecraft:sneak_time":66,"minecraft:walk_under_water_one_cm":2858,"minecraft:drop":2,"minecraft:jump":257,"minecraft:damage_dealt":110,"minecraft:leave_game":2,"minecraft:walk_on_water_one_cm":1557,"minecraft:time_since_death":1886,"minecraft:total_world_time":19763,"minecraft:swim_one_cm":4698,"minecraft:fall_one_cm":6319,"minecraft:fly_one_cm":305069,"minecraft:player_kills":1},"minecraft:dropped":{"map_atlases:atlas":2},"minecraft:used":{"minecraft:oak_log":1,"alexsmobs:animal_dictionary":3},"minecraft:killed_by":{"alexsmobs:cachalot_whale":1},"minecraft:picked_up":{"quark:crab_leg":1,"minecraft:bone":1,"minecraft:prismarine_shard":2,"map_atlases:atlas":1,"minecraft:sand":2,"minecraft:string":1}},"DataVersion":3465}