{"stats":{"minecraft:killed":{"minecraft:pig":3,"minecraft:creeper":2,"minecraft:sheep":2,"minecraft:skeleton":3,"minecraft:zombie":4,"minecraft:chicken":1,"minecraft:tropical_fish":1,"minecraft:cow":4},"minecraft:dropped":{"minecraft:obsidian":1,"minecraft:rotten_flesh":2,"minecraft:leather":1,"minecraft:grass_block":1,"minecraft:stone":1,"minecraft:sculk_catalyst":4,"minecraft:phantom_membrane":1,"minecraft:beef":1,"minecraft:oak_leaves":1,"minecraft:netherrack":1},"minecraft:mined":{"minecraft:grass":13},"minecraft:custom":{"minecraft:interact_with_smithing_table":13,"minecraft:mob_kills":20,"minecraft:time_since_death":66785,"minecraft:time_since_rest":66815,"minecraft:walk_one_cm":134517,"minecraft:sprint_one_cm":23547,"minecraft:damage_taken":167,"minecraft:drop":14,"minecraft:damage_dealt":2069,"minecraft:swim_one_cm":6043,"minecraft:fly_one_cm":926113,"minecraft:open_chest":2,"minecraft:crouch_one_cm":5375,"minecraft:play_time":71763,"minecraft:deaths":2,"minecraft:sneak_time":1316,"minecraft:walk_under_water_one_cm":149823,"minecraft:aviate_one_cm":1604818,"minecraft:jump":489,"minecraft:walk_on_water_one_cm":13232,"minecraft:total_world_time":71763,"minecraft:fall_one_cm":1521},"minecraft:used":{"minecraft:trident":168,"minecraft:birch_leaves":2,"minecraft:redstone":3,"minecraft:netherite_chestplate":11,"minecraft:iron_golem_spawn_egg":19,"minecraft:stone":8,"minecraft:sugar_cane":2,"minecraft:calibrated_sculk_sensor":1,"minecraft:snow_golem_spawn_egg":25,"minecraft:sculk_sensor":2,"minecraft:netherrack":4,"minecraft:oak_leaves":7,"minecraft:loom":1,"minecraft:crossbow":10,"minecraft:sculk_shrieker":2,"minecraft:diamond_helmet":3,"minecraft:netherite_helmet":3,"minecraft:tuff":1,"minecraft:obsidian":6,"minecraft:small_amethyst_bud":2,"minecraft:warden_spawn_egg":32,"minecraft:sticky_piston":5,"minecraft:ender_eye":18,"minecraft:firework_rocket":416,"minecraft:coal_ore":19,"minecraft:grass_block":1,"minecraft:slime_block":1,"minecraft:iron_helmet":3,"minecraft:deepslate":22,"minecraft:gravel":4,"minecraft:deepslate_diamond_ore":1,"minecraft:pitcher_plant":1,"minecraft:smithing_table":1,"minecraft:egg":1,"minecraft:sculk_catalyst":46},"minecraft:crafted":{"minecraft:iron_helmet":1,"minecraft:netherite_chestplate":5,"minecraft:diamond_helmet":1,"minecraft:netherite_helmet":1},"minecraft:picked_up":{"minecraft:feather":2,"minecraft:chicken":1,"minecraft:leather":4,"minecraft:flint":4,"minecraft:flint_and_steel":1,"minecraft:wheat_seeds":1,"minecraft:beef":5,"minecraft:sugar_cane":2,"minecraft:phantom_membrane":1,"minecraft:egg":1,"minecraft:sculk_catalyst":7,"minecraft:golden_helmet":1,"minecraft:acacia_log":1,"minecraft:redstone":1,"minecraft:arrow":2,"minecraft:rotten_flesh":2,"minecraft:golden_hoe":1,"minecraft:golden_horse_armor":1}},"DataVersion":3465}