{"stats":{"minecraft:killed":{"minecraft:sheep":2,"minecraft:skeleton":2,"minecraft:zombie":4,"minecraft:pig":3,"minecraft:chicken":1,"minecraft:tropical_fish":1,"minecraft:creeper":2,"minecraft:cow":4},"minecraft:dropped":{"minecraft:sculk_catalyst":4,"minecraft:obsidian":1,"minecraft:rotten_flesh":2,"minecraft:leather":1,"minecraft:phantom_membrane":1,"minecraft:beef":1,"minecraft:grass_block":1,"minecraft:netherrack":1},"minecraft:mined":{"minecraft:grass":13},"minecraft:custom":{"minecraft:time_since_rest":48815,"minecraft:interact_with_smithing_table":13,"minecraft:sprint_one_cm":20636,"minecraft:damage_taken":167,"minecraft:walk_one_cm":107733,"minecraft:mob_kills":19,"minecraft:drop":12,"minecraft:damage_dealt":1601,"minecraft:swim_one_cm":3295,"minecraft:fly_one_cm":545801,"minecraft:open_chest":2,"minecraft:crouch_one_cm":5375,"minecraft:play_time":53763,"minecraft:deaths":2,"minecraft:sneak_time":973,"minecraft:walk_under_water_one_cm":149140,"minecraft:aviate_one_cm":1604818,"minecraft:jump":402,"minecraft:time_since_death":48785,"minecraft:walk_on_water_one_cm":11656,"minecraft:total_world_time":53763,"minecraft:fall_one_cm":1521},"minecraft:used":{"minecraft:warden_spawn_egg":32,"minecraft:sticky_piston":5,"minecraft:ender_eye":18,"minecraft:trident":168,"minecraft:firework_rocket":416,"minecraft:coal_ore":19,"minecraft:grass_block":1,"minecraft:slime_block":1,"minecraft:redstone":3,"minecraft:netherite_chestplate":11,"minecraft:iron_golem_spawn_egg":19,"minecraft:iron_helmet":3,"minecraft:stone":5,"minecraft:sugar_cane":2,"minecraft:gravel":4,"minecraft:netherrack":4,"minecraft:calibrated_sculk_sensor":1,"minecraft:sculk_sensor":2,"minecraft:snow_golem_spawn_egg":25,"minecraft:oak_leaves":3,"minecraft:pitcher_plant":1,"minecraft:loom":1,"minecraft:smithing_table":1,"minecraft:diamond_helmet":3,"minecraft:sculk_shrieker":2,"minecraft:crossbow":10,"minecraft:netherite_helmet":3,"minecraft:egg":1,"minecraft:sculk_catalyst":46,"minecraft:obsidian":6,"minecraft:small_amethyst_bud":2},"minecraft:crafted":{"minecraft:netherite_chestplate":5,"minecraft:diamond_helmet":1,"minecraft:iron_helmet":1,"minecraft:netherite_helmet":1},"minecraft:picked_up":{"minecraft:sculk_catalyst":7,"minecraft:feather":2,"minecraft:chicken":1,"minecraft:leather":4,"minecraft:acacia_log":1,"minecraft:flint":4,"minecraft:redstone":1,"minecraft:flint_and_steel":1,"minecraft:rotten_flesh":2,"minecraft:golden_hoe":1,"minecraft:beef":5,"minecraft:golden_horse_armor":1,"minecraft:sugar_cane":2,"minecraft:golden_helmet":1,"minecraft:phantom_membrane":1,"minecraft:egg":1}},"DataVersion":3465}