{"stats":{"minecraft:killed":{"minecraft:sheep":2,"minecraft:zombie":4,"minecraft:pig":3,"minecraft:tropical_fish":1,"minecraft:creeper":2,"minecraft:chicken":1,"minecraft:cow":3,"minecraft:skeleton":2},"minecraft:dropped":{"minecraft:phantom_membrane":1,"minecraft:sculk_catalyst":4,"minecraft:rotten_flesh":2},"minecraft:mined":{"minecraft:grass":13},"minecraft:custom":{"minecraft:time_since_rest":12815,"minecraft:crouch_one_cm":1155,"minecraft:deaths":2,"minecraft:play_time":17763,"minecraft:sprint_one_cm":13336,"minecraft:damage_taken":167,"minecraft:walk_one_cm":23819,"minecraft:sneak_time":288,"minecraft:walk_under_water_one_cm":75894,"minecraft:mob_kills":18,"minecraft:drop":7,"minecraft:jump":171,"minecraft:damage_dealt":1425,"minecraft:walk_on_water_one_cm":8741,"minecraft:time_since_death":12785,"minecraft:total_world_time":17763,"minecraft:swim_one_cm":1211,"minecraft:fall_one_cm":1521,"minecraft:fly_one_cm":323544},"minecraft:used":{"minecraft:warden_spawn_egg":32,"minecraft:snow_golem_spawn_egg":25,"minecraft:trident":168,"minecraft:crossbow":10,"minecraft:iron_golem_spawn_egg":19,"minecraft:egg":1,"minecraft:sculk_catalyst":46},"minecraft:picked_up":{"minecraft:sculk_catalyst":7,"minecraft:feather":2,"minecraft:chicken":1,"minecraft:rotten_flesh":2,"minecraft:leather":3,"minecraft:acacia_log":1,"minecraft:beef":4,"minecraft:phantom_membrane":1,"minecraft:egg":1}},"DataVersion":3465}