{"stats":{"minecraft:broken":{"minecraft:stone_pickaxe":1,"minecraft:golden_sword":1,"minecraft:iron_sword":1,"minecraft:iron_hoe":1,"minecraft:iron_pickaxe":1},"minecraft:killed_by":{"minecraft:player":1},"minecraft:used":{"minecraft:diamond_hoe":21,"minecraft:shield":218,"minecraft:iron_sword":361,"doggytalents:rice_grains":23,"minecraft:player_head":1,"minecraft:iron_chestplate":1,"alexsmobs:bison_fur_block":2,"minecraft:allium":28,"minecraft:tuff":4,"minecraft:big_dripleaf":2,"minecraft:spruce_boat":1,"minecraft:golden_sword":7,"minecraft:bow":46,"supplementaries:ash":2,"minecraft:furnace":16,"minecraft:egg":1,"minecraft:mossy_stone_bricks":1,"minecraft:oak_planks":23,"minecraft:stone_pickaxe":131,"minecraft:wooden_pickaxe":4,"minecraft:composter":7,"minecraft:diamond_axe":1624,"minecraft:golden_apple":2,"minecraft:blast_furnace":4,"minecraft:shears":229,"minecraft:bread":6,"minecraft:gravel":10,"minecraft:grindstone":1,"minecraft:smithing_table":5,"minecraft:bone_meal":115,"minecraft:oak_fence":3,"minecraft:cobweb":10,"doggytalents:rice_mill":4,"minecraft:flint_and_steel":77,"minecraft:spruce_planks":8,"minecraft:cooked_salmon":7,"minecraft:cooked_chicken":1,"minecraft:torch":249,"create:ochrum":1,"minecraft:dirt":34,"minecraft:anvil":2,"minecraft:granite":1,"minecraft:iron_hoe":415,"minecraft:wooden_axe":7,"minecraft:iron_axe":324,"minecraft:smooth_basalt":8,"minecraft:beef":1,"comforts:sleeping_bag_white":15,"minecraft:cooked_beef":18,"minecraft:cobbled_deepslate":36,"minecraft:light_gray_bed":3,"minecraft:pointed_dripstone":10,"minecraft:cooked_mutton":9,"minecraft:water_bucket":2,"minecraft:amethyst_block":3,"minecraft:baked_potato":18,"minecraft:cartography_table":1,"minecraft:fletching_table":48,"farmersdelight:onion":17,"minecraft:oak_slab":1,"minecraft:crafting_table":14,"minecraft:white_bed":2,"minecraft:painting":3,"minecraft:spruce_log":17,"minecraft:diamond_pickaxe":8,"minecraft:diamond_shovel":20,"minecraft:iron_pickaxe":650,"minecraft:map":1,"minecraft:spruce_trapdoor":12,"minecraft:spruce_sapling":94,"minecraft:stone_axe":61,"minecraft:cobblestone":166,"minecraft:porkchop":6,"minecraft:cooked_porkchop":12,"minecraft:bucket":3,"minecraft:yellow_bed":5,"minecraft:dandelion":2,"minecraft:gray_wool":218},"minecraft:crafted":{"minecraft:grindstone":1,"minecraft:oak_planks":96,"minecraft:smooth_stone":3,"minecraft:cobblestone_slab":6,"minecraft:cooked_chicken":4,"minecraft:stone":6,"minecraft:diamond_shovel":1,"minecraft:suspicious_stew":7,"minecraft:cooked_mutton":9,"minecraft:diamond_helmet":1,"minecraft:iron_boots":1,"minecraft:bow":1,"minecraft:oak_fence":6,"sophisticatedbackpacks:backpack":1,"minecraft:emerald":494,"minecraft:arrow":76,"minecraft:cooked_porkchop":8,"minecraft:diamond_axe":2,"minecraft:map":12,"minecraft:crafting_table":4,"minecraft:spruce_planks":2468,"minecraft:wooden_pickaxe":1,"minecraft:iron_helmet":2,"minecraft:smithing_table":1,"immersive_melodies:lute":1,"minecraft:fletching_table":3,"minecraft:cartography_table":1,"minecraft:apple":112,"minecraft:spruce_trapdoor":8,"minecraft:iron_chestplate":1,"minecraft:book":2,"minecraft:diamond_pickaxe":2,"minecraft:shield":17,"sophisticatedbackpacks:diamond_backpack":1,"minecraft:stick":13309,"minecraft:stone_slab":6,"quark:oak_chest":1,"minecraft:compass":1,"minecraft:iron_ingot":71,"minecraft:iron_pickaxe":6,"minecraft:iron_block":6,"minecraft:gold_ingot":41,"minecraft:shears":1,"minecraft:golden_carrot":36,"minecraft:diamond_hoe":1,"minecraft:spruce_button":64,"doggytalents:rice_mill":1,"minecraft:furnace":3,"minecraft:blast_furnace":1,"minecraft:bone_meal":126,"minecraft:flint_and_steel":2,"map_atlases:atlas":12,"minecraft:leather":5,"minecraft:iron_axe":1,"minecraft:iron_hoe":2,"minecraft:stone_pickaxe":9,"minecraft:diamond_boots":4,"minecraft:spruce_boat":1,"sophisticatedbackpacks:iron_backpack":1,"minecraft:cooked_beef":44,"iceandfire:silver_ingot":2,"minecraft:iron_sword":8,"minecraft:bowl":4,"minecraft:cooked_salmon":7,"sophisticatedbackpacks:gold_backpack":1,"minecraft:bucket":1,"minecraft:stone_axe":1,"minecraft:bread":60,"minecraft:air":0,"minecraft:raw_gold":18,"minecraft:iron_leggings":1,"doggytalents:rice_grains":21,"minecraft:anvil":2,"minecraft:torch":288,"minecraft:diamond_chestplate":1},"minecraft:picked_up":{"quark:diamond_heart":1,"irons_spellbooks:scroll":1,"minecraft:suspicious_stew":7,"doggytalents:koji":7,"minecraft:smithing_table":4,"alexsmobs:bison_fur_block":2,"minecraft:enchanted_book":2,"minecraft:golden_sword":1,"minecraft:amethyst_block":11,"minecraft:string":44,"minecraft:dark_oak_trapdoor":5,"minecraft:raw_copper":122,"minecraft:experience_bottle":1,"minecraft:zombie_head":1,"irons_spellbooks:arcane_essence":2,"minecraft:gold_nugget":306,"minecraft:cobbled_deepslate":55,"minecraft:bucket":1,"comforts:sleeping_bag_white":17,"minecraft:spruce_planks":60,"minecraft:rose_bush":30,"minecraft:calcite":9,"minecraft:iron_pickaxe":1,"minecraft:melon_slice":58,"iceandfire:dragonscales_red":7,"minecraft:furnace":16,"minecraft:stick":398,"minecraft:composter":9,"minecraft:big_dripleaf":2,"minecraft:oak_fence":3,"minecraft:torch":19,"minecraft:porkchop":25,"minecraft:pointed_dripstone":10,"minecraft:light_gray_bed":3,"minecraft:rotten_flesh":26,"farmersdelight:onion":13,"create:ochrum":1,"iceandfire:fire_dragon_heart":1,"supplementaries:ash":19,"minecraft:cod":2,"minecraft:cobblestone":231,"minecraft:feather":9,"farmersdelight:rice":3,"minecraft:potato":2,"map_atlases:atlas":1,"paraglider:spirit_orb":26,"minecraft:flint":1,"minecraft:tuff":4,"create:raw_zinc":55,"supplementaries:flax_seeds":2,"minecraft:lantern":1,"minecraft:map":1,"minecraft:lapis_lazuli":40,"minecraft:dirt":34,"minecraft:name_tag":2,"minecraft:bone":18,"minecraft:wheat_seeds":15,"minecraft:raw_gold":81,"minecraft:mossy_stone_bricks":1,"minecraft:fletching_table":45,"minecraft:bamboo":10,"minecraft:oak_planks":24,"minecraft:cooked_porkchop":8,"iceandfire:dragon_skull_fire":1,"iceandfire:stymphalian_bird_feather":4,"wandering_bags:emerald_of_renegade":1,"minecraft:dark_oak_log":12,"minecraft:barrel":2,"alexsmobs:bison_carpet":1,"minecraft:diamond":3,"minecraft:spruce_boat":1,"minecraft:granite":1,"minecraft:bone_meal":5,"minecraft:spruce_button":64,"minecraft:emerald":19,"minecraft:bread":5,"iceandfire:raw_silver":2,"create_new_age:thorium":82,"minecraft:charcoal":2,"minecraft:crafting_table":10,"minecraft:allium":28,"minecraft:chicken":7,"minecraft:ladder":4,"doggytalents:rice_wheat":11,"gravestone:obituary":1,"minecraft:shield":1,"doggytalents:rice_mill":3,"minecraft:iron_axe":1,"minecraft:flint_and_steel":1,"minecraft:cyan_carpet":1,"minecraft:beef":34,"minecraft:player_head":1,"minecraft:sugar_cane":12,"minecraft:spruce_trapdoor":5,"minecraft:egg":1,"minecraft:raw_iron":51,"iceandfire:dragonbone":9,"minecraft:raw_gold_block":2,"minecraft:copper_ingot":1,"minecraft:bowl":1,"sophisticatedbackpacks:backpack":1,"minecraft:note_block":9,"minecraft:redstone":71,"minecraft:dark_oak_planks":28,"minecraft:arrow":7,"minecraft:shears":1,"minecraft:hay_block":41,"alexscaves:spelunkery_table":1,"minecraft:saddle":1,"minecraft:gold_ingot":2,"minecraft:mutton":8,"minecraft:bone_block":21,"minecraft:white_wool":6,"minecraft:stripped_oak_log":9,"iceandfire:sea_serpent_fang":7,"wandering_bags:pillager_bag":1,"minecraft:salmon":5,"minecraft:leather":12,"minecraft:filled_map":2,"doggytalents:rice_grains":10,"minecraft:oak_log":18,"minecraft:yellow_bed":9,"minecraft:gunpowder":48,"minecraft:white_banner":1,"minecraft:kelp":92,"minecraft:rabbit_hide":22,"minecraft:iron_ingot":22,"minecraft:cooked_chicken":7,"minecraft:cobweb":10,"minecraft:iron_sword":5,"iceandfire:sea_serpent_scales_deepblue":6,"iceandfire:fire_dragon_flesh":7,"minecraft:book":81,"minecraft:oak_slab":1,"minecraft:smooth_basalt":8,"iceandfire:copper_nugget":1,"minecraft:dark_oak_slab":2,"minecraft:pumpkin":9,"minecraft:dandelion":4,"minecraft:gravel":14,"minecraft:amethyst_shard":4,"minecraft:spruce_sapling":282,"minecraft:blast_furnace":3,"minecraft:white_bed":7,"minecraft:spruce_log":1959,"minecraft:spider_eye":6,"minecraft:music_disc_mall":1,"minecraft:slime_ball":4,"wandering_bags:witch_bag":1,"minecraft:painting":3,"minecraft:gray_wool":228,"minecraft:dark_oak_wood":3,"minecraft:coal":330},"minecraft:dropped":{"minecraft:iron_sword":13,"minecraft:glass_bottle":2,"minecraft:cooked_porkchop":2,"artifacts:cloud_in_a_bottle":1,"map_atlases:atlas":1,"farmersdelight:rice":3,"minecraft:emerald":4,"minecraft:dark_oak_log":12,"minecraft:dark_oak_trapdoor":5,"gravestone:obituary":4,"minecraft:bone_meal":5,"minecraft:iron_pickaxe":6,"minecraft:dark_oak_planks":15,"minecraft:white_wool":2,"minecraft:gravel":4,"minecraft:cooked_chicken":8,"minecraft:cobbled_deepslate":2,"minecraft:rotten_flesh":26,"minecraft:glowstone_dust":2,"minecraft:white_bed":5,"minecraft:rabbit_hide":2,"supplementaries:flax_seeds":2,"supplementaries:ash":17,"doggytalents:rice_grains":6,"comforts:sleeping_bag_white":1,"minecraft:arrow":5,"minecraft:beef":2,"minecraft:enchanted_book":2,"minecraft:iron_ingot":4,"minecraft:bread":65,"minecraft:wheat_seeds":15,"minecraft:diamond_leggings":1,"minecraft:oak_fence":2,"minecraft:iron_helmet":2,"minecraft:book":1,"minecraft:spruce_button":128,"minecraft:copper_ingot":1,"minecraft:stick":141,"wandering_bags:emerald_of_renegade":1,"minecraft:torch":66,"minecraft:wooden_axe":1,"minecraft:map":1,"doggytalents:koji":7,"minecraft:iron_axe":3,"minecraft:string":2,"minecraft:spruce_sapling":128,"minecraft:dandelion":2,"minecraft:bowl":1,"minecraft:composter":2,"minecraft:experience_bottle":1,"minecraft:raw_iron":7,"minecraft:sculk_sensor":2,"minecraft:iron_boots":1,"minecraft:iron_hoe":1,"minecraft:stone_slab":5,"minecraft:shears":1,"minecraft:suspicious_stew":14,"minecraft:flint_and_steel":1,"minecraft:filled_map":3,"minecraft:cobblestone_slab":5,"minecraft:potato":2,"minecraft:shield":16,"minecraft:spruce_trapdoor":1,"minecraft:spruce_planks":11,"minecraft:iron_chestplate":2,"minecraft:yellow_bed":4,"iceandfire:silver_ingot":2,"minecraft:spider_eye":6,"minecraft:spruce_log":128,"minecraft:slime_ball":1,"minecraft:stone_pickaxe":8,"minecraft:calcite":9},"minecraft:custom":{"minecraft:interact_with_crafting_table":81,"minecraft:open_barrel":97,"goblintraders:trade_with_goblin":2,"minecraft:bell_ring":59,"minecraft:leave_game":13,"minecraft:time_since_death":362697,"minecraft:sprint_one_cm":987344,"minecraft:damage_blocked_by_shield":1790,"minecraft:drop":207,"minecraft:play_noteblock":9,"minecraft:talked_to_villager":196,"minecraft:play_time":484679,"minecraft:deaths":3,"minecraft:jump":7387,"minecraft:walk_on_water_one_cm":76703,"minecraft:interact_with_furnace":152,"minecraft:traded_with_villager":605,"minecraft:interact_with_cartography_table":3,"minecraft:interact_with_loom":2,"minecraft:sleep_in_bed":24,"minecraft:waystone_activated":4,"minecraft:damage_dealt":22792,"minecraft:crouch_one_cm":311090,"minecraft:interact_with_smoker":7,"minecraft:interact_with_smithing_table":1,"minecraft:interact_with_anvil":17,"minecraft:mob_kills":134,"minecraft:damage_dealt_resisted":6,"minecraft:climb_one_cm":24996,"minecraft:walk_one_cm":1014222,"minecraft:damage_dealt_absorbed":6,"minecraft:sneak_time":84671,"minecraft:walk_under_water_one_cm":58926,"minecraft:total_world_time":484679,"minecraft:tune_noteblock":2,"minecraft:time_since_rest":11886,"minecraft:damage_absorbed":80,"minecraft:damage_taken":4847,"minecraft:trigger_trapped_chest":3,"minecraft:swim_one_cm":149920,"minecraft:fly_one_cm":1187826,"minecraft:open_chest":102,"minecraft:fall_one_cm":177402},"minecraft:killed":{"minecraft:cave_spider":6,"minecraft:witch":1,"minecraft:spider":4,"iceandfire:stymphalian_bird":1,"minecraft:skeleton":7,"minecraft:chicken":7,"minecraft:silverfish":1,"alexsmobs:centipede_head":1,"quark:stoneling":1,"minecraft:pig":12,"minecraft:zombie_villager":1,"minecraft:salmon":7,"irons_spellbooks:necromancer":1,"minecraft:sheep":5,"minecraft:pillager":6,"minecraft:goat":1,"minecraft:zombie":16,"alexsmobs:terrapin":1,"iceandfire:sea_serpent":1,"minecraft:cow":18,"mowziesmobs:naga":1,"minecraft:vindicator":20,"alexsmobs:seagull":2,"minecraft:slime":3,"iceandfire:fire_dragon":1,"minecraft:drowned":5,"minecraft:bat":1,"creeperoverhaul:ocean_creeper":1},"minecraft:mined":{"create:deepslate_zinc_ore":46,"minecraft:spruce_planks":8,"minecraft:white_bed":4,"minecraft:sculk_vein":20,"minecraft:spruce_trapdoor":5,"minecraft:grass_block":23,"minecraft:light_gray_bed":3,"minecraft:composter":9,"minecraft:spawner":14,"minecraft:sculk_catalyst":5,"farmersdelight:wild_rice":3,"minecraft:cobbled_deepslate":2,"minecraft:iron_ore":33,"minecraft:fire":78,"minecraft:barrel":1,"minecraft:pumpkin":9,"minecraft:fletching_table":45,"minecraft:deepslate_lapis_ore":7,"minecraft:sculk_shrieker":5,"iceandfire:gold_pile":30,"biomesoplenty:webbing":1,"alexsmobs:bison_carpet":1,"minecraft:deepslate_redstone_ore":16,"minecraft:kelp_plant":14,"minecraft:amethyst_cluster":3,"minecraft:torch":1,"minecraft:note_block":9,"minecraft:blast_furnace":3,"minecraft:calcite":9,"minecraft:melon":14,"minecraft:cobblestone":84,"minecraft:white_candle":1,"minecraft:sugar_cane":8,"minecraft:oak_planks":23,"minecraft:wall_torch":2,"minecraft:amethyst_block":11,"minecraft:grass":61,"biomesoplenty:clover":1,"minecraft:oak_log":17,"minecraft:dirt":14,"minecraft:smooth_basalt":8,"minecraft:oak_leaves":18,"minecraft:deepslate":68,"create:zinc_ore":9,"alexscaves:spelunkery_table":1,"minecraft:tuff":4,"iceandfire:silver_ore":2,"minecraft:deepslate_diamond_ore":3,"gravestone:gravestone":3,"biomesoplenty:bush":3,"minecraft:allium":1,"create_new_age:thorium_ore":22,"create:ochrum":1,"minecraft:spruce_leaves":93,"minecraft:kelp":3,"minecraft:hay_block":42,"farmersdelight:wild_onions":13,"minecraft:spruce_sapling":6,"minecraft:furnace":16,"minecraft:raw_gold_block":2,"minecraft:big_dripleaf_stem":1,"minecraft:bookshelf":27,"biomesoplenty:high_grass":8,"minecraft:deepslate_iron_ore":7,"minecraft:vine":1,"minecraft:stripped_oak_log":9,"minecraft:packed_ice":1,"minecraft:bamboo":1,"biomesoplenty:spider_egg":1,"minecraft:stone":156,"doggytalents:rice_crop":4,"minecraft:smithing_table":4,"minecraft:oak_slab":1,"minecraft:dandelion":3,"minecraft:oak_fence":3,"minecraft:crafting_table":10,"doggytalents:rice_mill":3,"minecraft:rose_bush":30,"minecraft:sculk_sensor":27,"biomesoplenty:high_grass_plant":14,"minecraft:tall_grass":14,"minecraft:copper_ore":30,"minecraft:deepslate_gold_ore":73,"minecraft:sculk":282,"supplementaries:urn":16,"minecraft:gray_wool":230,"minecraft:spruce_log":1716,"minecraft:birch_leaves":1,"minecraft:yellow_bed":7,"minecraft:coal_ore":121,"alexsmobs:bison_fur_block":2,"minecraft:gravel":9,"minecraft:cobweb":29,"minecraft:gold_ore":8,"minecraft:fern":1}},"DataVersion":3465}