{"stats":{"minecraft:killed":{"minecraft:cave_spider":3,"minecraft:spider":3,"alexsmobs:seagull":2,"minecraft:skeleton":6,"minecraft:chicken":7,"alexsmobs:centipede_head":1,"minecraft:pig":3,"minecraft:zombie_villager":1,"minecraft:salmon":7,"minecraft:sheep":2,"minecraft:zombie":10,"minecraft:cow":9},"minecraft:killed_by":{"minecraft:player":1},"minecraft:mined":{"alexscaves:spelunkery_table":1,"minecraft:tuff":1,"iceandfire:silver_ore":2,"minecraft:sculk_vein":19,"gravestone:gravestone":2,"minecraft:allium":1,"minecraft:grass_block":4,"minecraft:light_gray_bed":3,"minecraft:spawner":1,"farmersdelight:wild_onions":13,"minecraft:sculk_catalyst":3,"minecraft:furnace":6,"minecraft:iron_ore":10,"minecraft:cobbled_deepslate":1,"minecraft:deepslate_lapis_ore":7,"minecraft:deepslate_iron_ore":6,"minecraft:vine":1,"minecraft:stripped_oak_log":9,"minecraft:stone":32,"minecraft:deepslate_redstone_ore":11,"minecraft:amethyst_cluster":1,"minecraft:crafting_table":4,"minecraft:rose_bush":25,"minecraft:sculk_sensor":11,"minecraft:deepslate_gold_ore":41,"minecraft:sugar_cane":5,"minecraft:oak_planks":11,"minecraft:sculk":229,"minecraft:wall_torch":1,"supplementaries:urn":6,"minecraft:grass":3,"biomesoplenty:clover":1,"minecraft:coal_ore":79,"minecraft:oak_log":12,"minecraft:dirt":10,"minecraft:cobweb":20,"minecraft:deepslate":34},"minecraft:used":{"minecraft:shield":52,"minecraft:iron_sword":95,"minecraft:cooked_salmon":3,"minecraft:iron_chestplate":1,"minecraft:torch":115,"minecraft:dirt":12,"minecraft:allium":28,"minecraft:tuff":1,"minecraft:granite":1,"minecraft:iron_hoe":251,"minecraft:wooden_axe":7,"minecraft:iron_axe":9,"minecraft:beef":1,"minecraft:furnace":5,"minecraft:egg":1,"comforts:sleeping_bag_white":2,"minecraft:cooked_beef":7,"minecraft:cobbled_deepslate":27,"minecraft:light_gray_bed":2,"minecraft:pointed_dripstone":10,"minecraft:cooked_mutton":2,"minecraft:mossy_stone_bricks":1,"minecraft:stone_pickaxe":131,"minecraft:oak_planks":6,"minecraft:wooden_pickaxe":4,"farmersdelight:onion":17,"minecraft:crafting_table":4,"minecraft:bread":4,"minecraft:iron_pickaxe":105,"minecraft:stone_axe":61,"minecraft:cobblestone":10,"minecraft:porkchop":2,"minecraft:cobweb":10},"minecraft:crafted":{"minecraft:oak_planks":96,"minecraft:cooked_chicken":4,"minecraft:furnace":2,"minecraft:cooked_mutton":4,"minecraft:leather":2,"minecraft:iron_hoe":1,"minecraft:stone_pickaxe":1,"minecraft:cooked_beef":11,"sophisticatedbackpacks:backpack":1,"minecraft:cooked_porkchop":1,"iceandfire:silver_ingot":2,"minecraft:crafting_table":1,"minecraft:wooden_pickaxe":1,"minecraft:iron_sword":2,"immersive_melodies:lute":1,"minecraft:cooked_salmon":3,"minecraft:stone_axe":1,"minecraft:air":0,"minecraft:iron_chestplate":1,"minecraft:shield":2,"minecraft:stick":32,"quark:oak_chest":1,"minecraft:iron_ingot":27,"minecraft:iron_pickaxe":2,"minecraft:torch":112},"minecraft:broken":{"minecraft:stone_pickaxe":1,"minecraft:iron_hoe":1},"minecraft:custom":{"minecraft:mob_kills":55,"minecraft:interact_with_crafting_table":16,"minecraft:open_barrel":8,"goblintraders:trade_with_goblin":2,"minecraft:damage_dealt_resisted":6,"minecraft:time_since_death":55293,"minecraft:climb_one_cm":15156,"minecraft:sprint_one_cm":314278,"minecraft:walk_one_cm":328941,"minecraft:damage_blocked_by_shield":675,"minecraft:drop":35,"minecraft:play_time":101813,"minecraft:sneak_time":4841,"minecraft:deaths":2,"minecraft:walk_under_water_one_cm":14211,"minecraft:jump":1655,"minecraft:walk_on_water_one_cm":22531,"minecraft:total_world_time":101813,"minecraft:interact_with_furnace":69,"minecraft:interact_with_loom":2,"minecraft:sleep_in_bed":3,"minecraft:time_since_rest":55322,"minecraft:waystone_activated":1,"minecraft:damage_taken":1587,"minecraft:damage_dealt":6724,"minecraft:swim_one_cm":56261,"minecraft:fly_one_cm":215630,"minecraft:open_chest":6,"minecraft:crouch_one_cm":14998,"minecraft:fall_one_cm":40803},"minecraft:picked_up":{"minecraft:crafting_table":4,"minecraft:allium":28,"minecraft:chicken":7,"minecraft:enchanted_book":1,"gravestone:obituary":1,"minecraft:shield":1,"minecraft:string":35,"minecraft:raw_copper":12,"minecraft:cobbled_deepslate":36,"comforts:sleeping_bag_white":3,"minecraft:beef":19,"minecraft:rose_bush":25,"minecraft:iron_pickaxe":1,"minecraft:sugar_cane":6,"minecraft:egg":1,"minecraft:furnace":6,"minecraft:raw_iron":23,"minecraft:torch":4,"minecraft:porkchop":6,"minecraft:pointed_dripstone":10,"minecraft:redstone":50,"minecraft:arrow":5,"minecraft:rotten_flesh":11,"minecraft:light_gray_bed":3,"farmersdelight:onion":13,"alexscaves:spelunkery_table":1,"supplementaries:ash":17,"minecraft:mutton":3,"minecraft:bone_block":21,"minecraft:cobblestone":32,"minecraft:white_wool":2,"minecraft:stripped_oak_log":9,"minecraft:feather":9,"minecraft:salmon":5,"minecraft:leather":7,"minecraft:filled_map":2,"doggytalents:rice_grains":1,"minecraft:tuff":1,"minecraft:oak_log":15,"supplementaries:flax_seeds":2,"minecraft:lapis_lazuli":40,"minecraft:dirt":12,"minecraft:name_tag":1,"minecraft:bone":11,"minecraft:wheat_seeds":1,"minecraft:raw_gold":41,"minecraft:rabbit_hide":8,"minecraft:cooked_chicken":7,"minecraft:cobweb":10,"minecraft:mossy_stone_bricks":1,"minecraft:oak_planks":11,"minecraft:cooked_porkchop":1,"minecraft:amethyst_shard":4,"minecraft:spider_eye":3,"minecraft:granite":1,"minecraft:bread":5,"minecraft:coal":148,"iceandfire:raw_silver":2},"minecraft:dropped":{"minecraft:bread":5,"minecraft:iron_sword":1,"minecraft:wheat_seeds":1,"minecraft:cooked_porkchop":2,"minecraft:wooden_axe":1,"gravestone:obituary":3,"minecraft:iron_pickaxe":2,"minecraft:white_wool":1,"minecraft:cobbled_deepslate":2,"minecraft:cooked_chicken":8,"minecraft:rotten_flesh":1,"minecraft:filled_map":3,"supplementaries:flax_seeds":2,"supplementaries:ash":17,"minecraft:shield":2,"minecraft:spider_eye":2,"doggytalents:rice_grains":1}},"DataVersion":3465}