{"stats":{"minecraft:killed":{"minecraft:pig":3,"minecraft:salmon":7,"minecraft:spider":1,"alexsmobs:seagull":2,"minecraft:sheep":2,"minecraft:skeleton":1,"minecraft:zombie":1,"minecraft:chicken":7,"minecraft:cow":5},"minecraft:mined":{"iceandfire:silver_ore":2,"minecraft:crafting_table":3,"minecraft:allium":1,"minecraft:grass_block":4,"minecraft:rose_bush":25,"minecraft:sugar_cane":5,"farmersdelight:wild_onions":13,"minecraft:furnace":3,"minecraft:iron_ore":8,"minecraft:grass":3,"biomesoplenty:clover":1,"minecraft:oak_log":5,"minecraft:coal_ore":63,"minecraft:dirt":10,"minecraft:stone":31},"minecraft:used":{"minecraft:cooked_mutton":2,"minecraft:stone_pickaxe":104,"minecraft:shield":1,"minecraft:wooden_pickaxe":4,"minecraft:torch":19,"farmersdelight:onion":10,"minecraft:dirt":12,"minecraft:crafting_table":3,"minecraft:allium":28,"minecraft:stone_axe":40,"minecraft:cobblestone":7,"minecraft:furnace":3,"minecraft:porkchop":2,"comforts:sleeping_bag_white":2,"minecraft:egg":1},"minecraft:crafted":{"minecraft:cooked_beef":6,"minecraft:oak_planks":32,"iceandfire:silver_ingot":2,"minecraft:cooked_porkchop":1,"minecraft:crafting_table":1,"minecraft:wooden_pickaxe":1,"minecraft:cooked_chicken":4,"minecraft:iron_sword":2,"minecraft:furnace":2,"minecraft:cooked_salmon":3,"minecraft:stone_axe":1,"minecraft:cooked_mutton":4,"minecraft:air":0,"minecraft:shield":2,"minecraft:stick":16,"minecraft:iron_ingot":12,"minecraft:iron_pickaxe":2,"minecraft:stone_pickaxe":1,"minecraft:torch":52},"minecraft:custom":{"minecraft:interact_with_furnace":48,"minecraft:mob_kills":29,"minecraft:interact_with_crafting_table":10,"minecraft:time_since_death":2953,"minecraft:sleep_in_bed":3,"minecraft:climb_one_cm":13213,"minecraft:time_since_rest":0,"minecraft:waystone_activated":1,"minecraft:sprint_one_cm":132830,"minecraft:damage_taken":580,"minecraft:walk_one_cm":144043,"minecraft:damage_blocked_by_shield":25,"minecraft:drop":19,"minecraft:damage_dealt":2134,"minecraft:swim_one_cm":40388,"minecraft:fly_one_cm":129799,"minecraft:open_chest":3,"minecraft:crouch_one_cm":1490,"minecraft:play_time":41813,"minecraft:deaths":1,"minecraft:sneak_time":657,"minecraft:walk_under_water_one_cm":6788,"minecraft:jump":869,"minecraft:walk_on_water_one_cm":11403,"minecraft:total_world_time":41813,"minecraft:fall_one_cm":23539},"minecraft:picked_up":{"minecraft:crafting_table":3,"minecraft:allium":28,"minecraft:feather":9,"minecraft:chicken":7,"minecraft:salmon":5,"minecraft:leather":4,"doggytalents:rice_grains":1,"minecraft:oak_log":8,"minecraft:shield":1,"minecraft:dirt":12,"minecraft:wheat_seeds":1,"comforts:sleeping_bag_white":3,"minecraft:beef":13,"minecraft:cooked_chicken":7,"minecraft:rose_bush":25,"minecraft:iron_pickaxe":1,"minecraft:sugar_cane":6,"minecraft:furnace":3,"minecraft:egg":1,"minecraft:raw_iron":8,"minecraft:cooked_porkchop":1,"minecraft:torch":1,"minecraft:porkchop":6,"minecraft:rotten_flesh":1,"farmersdelight:onion":13,"minecraft:mutton":3,"minecraft:coal":109,"iceandfire:raw_silver":2,"minecraft:white_wool":2,"minecraft:cobblestone":31},"minecraft:dropped":{"minecraft:iron_sword":1,"minecraft:wheat_seeds":1,"minecraft:cooked_chicken":8,"minecraft:cooked_porkchop":2,"minecraft:rotten_flesh":1,"minecraft:shield":2,"doggytalents:rice_grains":1,"minecraft:iron_pickaxe":2,"minecraft:white_wool":1}},"DataVersion":3465}