{"stats":{"minecraft:dropped":{"minecraft:enchanted_book":2,"minecraft:iron_ingot":4,"minecraft:bread":5,"minecraft:iron_sword":1,"minecraft:wheat_seeds":9,"minecraft:glass_bottle":2,"minecraft:cooked_porkchop":2,"minecraft:diamond_leggings":1,"minecraft:iron_helmet":1,"minecraft:book":1,"artifacts:cloud_in_a_bottle":1,"map_atlases:atlas":1,"farmersdelight:rice":3,"minecraft:emerald":4,"minecraft:stick":1,"wandering_bags:emerald_of_renegade":1,"minecraft:dark_oak_log":6,"minecraft:torch":66,"minecraft:wooden_axe":1,"minecraft:map":1,"gravestone:obituary":4,"minecraft:iron_pickaxe":2,"minecraft:white_wool":2,"minecraft:gravel":4,"minecraft:cooked_chicken":8,"minecraft:cobbled_deepslate":2,"minecraft:experience_bottle":1,"minecraft:raw_iron":5,"minecraft:sculk_sensor":2,"minecraft:rotten_flesh":11,"minecraft:glowstone_dust":2,"minecraft:filled_map":3,"minecraft:rabbit_hide":2,"supplementaries:flax_seeds":2,"supplementaries:ash":17,"minecraft:potato":2,"minecraft:shield":2,"minecraft:iron_chestplate":1,"iceandfire:silver_ingot":2,"minecraft:spider_eye":4,"doggytalents:rice_grains":1,"minecraft:slime_ball":1,"minecraft:arrow":5,"minecraft:calcite":9},"minecraft:killed":{"minecraft:cave_spider":6,"minecraft:witch":1,"minecraft:vindicator":1,"minecraft:spider":3,"alexsmobs:seagull":2,"minecraft:slime":3,"iceandfire:stymphalian_bird":1,"minecraft:skeleton":7,"minecraft:chicken":7,"minecraft:silverfish":1,"alexsmobs:centipede_head":1,"minecraft:pig":12,"quark:stoneling":1,"minecraft:zombie_villager":1,"minecraft:salmon":7,"minecraft:bat":1,"minecraft:sheep":5,"minecraft:pillager":6,"minecraft:goat":1,"minecraft:zombie":15,"iceandfire:sea_serpent":1,"minecraft:cow":14},"minecraft:crafted":{"minecraft:oak_planks":96,"minecraft:cooked_chicken":4,"minecraft:furnace":2,"minecraft:cooked_mutton":9,"minecraft:flint_and_steel":1,"map_atlases:atlas":1,"minecraft:iron_boots":1,"minecraft:leather":5,"minecraft:iron_hoe":2,"minecraft:stone_pickaxe":1,"sophisticatedbackpacks:iron_backpack":1,"minecraft:cooked_beef":18,"iceandfire:silver_ingot":2,"sophisticatedbackpacks:backpack":1,"minecraft:cooked_porkchop":8,"minecraft:map":1,"minecraft:crafting_table":3,"minecraft:wooden_pickaxe":1,"minecraft:iron_helmet":2,"minecraft:iron_sword":3,"immersive_melodies:lute":1,"minecraft:cooked_salmon":7,"sophisticatedbackpacks:gold_backpack":1,"minecraft:bucket":1,"minecraft:stone_axe":1,"minecraft:air":0,"minecraft:iron_chestplate":1,"minecraft:book":2,"minecraft:shield":3,"minecraft:stick":80,"quark:oak_chest":1,"minecraft:compass":1,"minecraft:iron_ingot":70,"minecraft:iron_pickaxe":3,"minecraft:iron_leggings":1,"minecraft:gold_ingot":2,"minecraft:torch":288,"minecraft:shears":1},"minecraft:custom":{"minecraft:interact_with_smithing_table":1,"minecraft:mob_kills":99,"minecraft:interact_with_crafting_table":39,"minecraft:open_barrel":14,"goblintraders:trade_with_goblin":2,"minecraft:damage_dealt_resisted":6,"minecraft:leave_game":10,"minecraft:time_since_death":172592,"minecraft:climb_one_cm":21522,"minecraft:sprint_one_cm":680539,"minecraft:walk_one_cm":611167,"minecraft:damage_blocked_by_shield":1674,"minecraft:drop":81,"minecraft:talked_to_villager":1,"minecraft:play_time":294574,"minecraft:sneak_time":63855,"minecraft:deaths":3,"minecraft:walk_under_water_one_cm":30275,"minecraft:jump":5262,"minecraft:walk_on_water_one_cm":48674,"minecraft:total_world_time":294574,"minecraft:interact_with_furnace":145,"minecraft:interact_with_loom":2,"minecraft:sleep_in_bed":10,"minecraft:time_since_rest":12266,"minecraft:damage_absorbed":54,"minecraft:waystone_activated":3,"minecraft:damage_taken":3350,"minecraft:trigger_trapped_chest":3,"minecraft:damage_dealt":14965,"minecraft:swim_one_cm":104232,"minecraft:fly_one_cm":778684,"minecraft:open_chest":51,"minecraft:crouch_one_cm":276865,"minecraft:fall_one_cm":150859},"minecraft:mined":{"create:zinc_ore":9,"alexscaves:spelunkery_table":1,"create:deepslate_zinc_ore":46,"minecraft:tuff":4,"iceandfire:silver_ore":2,"minecraft:deepslate_diamond_ore":3,"minecraft:sculk_vein":20,"gravestone:gravestone":3,"biomesoplenty:bush":3,"minecraft:allium":1,"minecraft:grass_block":4,"create_new_age:thorium_ore":22,"create:ochrum":1,"minecraft:light_gray_bed":3,"minecraft:spruce_leaves":63,"minecraft:kelp":3,"minecraft:spawner":5,"farmersdelight:wild_onions":13,"minecraft:sculk_catalyst":5,"minecraft:furnace":15,"farmersdelight:wild_rice":3,"minecraft:iron_ore":33,"minecraft:fire":20,"minecraft:cobbled_deepslate":2,"minecraft:pumpkin":9,"minecraft:deepslate_lapis_ore":7,"minecraft:big_dripleaf_stem":1,"minecraft:sculk_shrieker":5,"biomesoplenty:high_grass":8,"minecraft:vine":1,"iceandfire:gold_pile":2,"minecraft:deepslate_iron_ore":7,"biomesoplenty:webbing":1,"minecraft:stripped_oak_log":9,"minecraft:packed_ice":1,"minecraft:bamboo":1,"minecraft:stone":64,"biomesoplenty:spider_egg":1,"alexsmobs:bison_carpet":1,"minecraft:deepslate_redstone_ore":16,"minecraft:kelp_plant":14,"minecraft:amethyst_cluster":3,"minecraft:crafting_table":6,"minecraft:calcite":9,"minecraft:melon":7,"minecraft:rose_bush":30,"minecraft:sculk_sensor":27,"biomesoplenty:high_grass_plant":14,"minecraft:copper_ore":30,"minecraft:tall_grass":1,"minecraft:white_candle":1,"minecraft:deepslate_gold_ore":73,"minecraft:oak_planks":11,"minecraft:sugar_cane":8,"minecraft:sculk":282,"minecraft:wall_torch":2,"minecraft:amethyst_block":11,"supplementaries:urn":16,"minecraft:gray_wool":230,"minecraft:spruce_log":21,"minecraft:birch_leaves":1,"minecraft:grass":17,"biomesoplenty:clover":1,"minecraft:coal_ore":121,"minecraft:oak_log":12,"alexsmobs:bison_fur_block":2,"minecraft:gravel":9,"minecraft:dirt":10,"minecraft:cobweb":29,"minecraft:smooth_basalt":8,"minecraft:fern":1,"minecraft:gold_ore":8,"minecraft:oak_leaves":15,"minecraft:deepslate":68},"minecraft:killed_by":{"minecraft:player":1},"minecraft:used":{"minecraft:flint_and_steel":20,"minecraft:shield":209,"minecraft:iron_sword":246,"minecraft:cooked_salmon":7,"minecraft:cooked_chicken":1,"alexsmobs:bison_fur_block":2,"minecraft:iron_chestplate":1,"minecraft:torch":207,"create:ochrum":1,"minecraft:dirt":12,"minecraft:allium":28,"minecraft:tuff":4,"minecraft:granite":1,"minecraft:big_dripleaf":2,"minecraft:iron_hoe":380,"minecraft:wooden_axe":7,"minecraft:iron_axe":82,"minecraft:smooth_basalt":8,"minecraft:beef":1,"minecraft:furnace":14,"minecraft:egg":1,"comforts:sleeping_bag_white":7,"minecraft:cooked_beef":11,"minecraft:cobbled_deepslate":36,"minecraft:light_gray_bed":3,"minecraft:pointed_dripstone":10,"minecraft:cooked_mutton":9,"minecraft:mossy_stone_bricks":1,"minecraft:amethyst_block":3,"minecraft:oak_planks":22,"minecraft:stone_pickaxe":131,"minecraft:wooden_pickaxe":4,"minecraft:golden_apple":2,"farmersdelight:onion":17,"minecraft:crafting_table":8,"minecraft:shears":229,"minecraft:bread":4,"minecraft:iron_pickaxe":442,"minecraft:map":1,"minecraft:gravel":10,"minecraft:stone_axe":61,"minecraft:cobblestone":10,"minecraft:porkchop":6,"minecraft:cooked_porkchop":9,"minecraft:gray_wool":218,"minecraft:cobweb":10},"minecraft:broken":{"minecraft:stone_pickaxe":1,"minecraft:iron_sword":1,"minecraft:iron_hoe":1},"minecraft:picked_up":{"quark:diamond_heart":1,"create_new_age:thorium":82,"minecraft:crafting_table":6,"minecraft:allium":28,"minecraft:chicken":7,"alexsmobs:bison_fur_block":2,"minecraft:enchanted_book":2,"gravestone:obituary":1,"minecraft:shield":1,"minecraft:amethyst_block":11,"minecraft:string":42,"minecraft:raw_copper":122,"minecraft:experience_bottle":1,"minecraft:zombie_head":1,"minecraft:gold_nugget":8,"minecraft:cobbled_deepslate":55,"comforts:sleeping_bag_white":8,"minecraft:beef":27,"minecraft:rose_bush":30,"minecraft:calcite":9,"minecraft:iron_pickaxe":1,"minecraft:melon_slice":36,"minecraft:sugar_cane":12,"minecraft:furnace":15,"minecraft:egg":1,"minecraft:stick":5,"minecraft:raw_iron":51,"minecraft:big_dripleaf":2,"minecraft:torch":12,"minecraft:porkchop":25,"minecraft:pointed_dripstone":10,"minecraft:redstone":71,"minecraft:arrow":7,"minecraft:light_gray_bed":3,"minecraft:rotten_flesh":11,"farmersdelight:onion":13,"create:ochrum":1,"alexscaves:spelunkery_table":1,"minecraft:saddle":1,"minecraft:gold_ingot":2,"supplementaries:ash":17,"minecraft:mutton":8,"minecraft:bone_block":21,"minecraft:white_wool":6,"minecraft:cobblestone":55,"minecraft:stripped_oak_log":9,"minecraft:feather":9,"farmersdelight:rice":3,"iceandfire:sea_serpent_fang":7,"wandering_bags:pillager_bag":1,"minecraft:salmon":5,"minecraft:leather":8,"minecraft:potato":2,"minecraft:filled_map":2,"doggytalents:rice_grains":3,"map_atlases:atlas":1,"paraglider:spirit_orb":8,"minecraft:flint":1,"minecraft:tuff":4,"create:raw_zinc":55,"minecraft:oak_log":15,"supplementaries:flax_seeds":2,"minecraft:map":1,"minecraft:lapis_lazuli":40,"minecraft:dirt":12,"minecraft:white_banner":1,"minecraft:name_tag":2,"minecraft:bone":18,"minecraft:kelp":92,"minecraft:wheat_seeds":9,"minecraft:raw_gold":81,"minecraft:rabbit_hide":22,"minecraft:iron_ingot":7,"minecraft:cooked_chicken":7,"minecraft:cobweb":10,"minecraft:mossy_stone_bricks":1,"minecraft:bamboo":10,"iceandfire:sea_serpent_scales_deepblue":6,"minecraft:oak_planks":12,"iceandfire:copper_nugget":1,"minecraft:smooth_basalt":8,"minecraft:cooked_porkchop":8,"minecraft:pumpkin":9,"minecraft:gravel":14,"minecraft:amethyst_shard":4,"minecraft:spruce_sapling":4,"iceandfire:stymphalian_bird_feather":4,"minecraft:spruce_log":21,"wandering_bags:emerald_of_renegade":1,"minecraft:dark_oak_log":6,"minecraft:spider_eye":4,"alexsmobs:bison_carpet":1,"minecraft:music_disc_mall":1,"minecraft:slime_ball":4,"minecraft:diamond":3,"wandering_bags:witch_bag":1,"minecraft:granite":1,"minecraft:gray_wool":228,"minecraft:bread":5,"minecraft:emerald":8,"minecraft:coal":316,"iceandfire:raw_silver":2}},"DataVersion":3465}