{"stats":{"minecraft:killed":{"minecraft:pig":3,"minecraft:salmon":7,"minecraft:spider":1,"alexsmobs:seagull":2,"minecraft:sheep":2,"minecraft:skeleton":1,"minecraft:zombie":1,"minecraft:chicken":7,"alexsmobs:centipede_head":1,"minecraft:cow":9},"minecraft:killed_by":{"minecraft:player":1},"minecraft:mined":{"iceandfire:silver_ore":2,"minecraft:crafting_table":3,"gravestone:gravestone":2,"minecraft:allium":1,"minecraft:grass_block":4,"minecraft:rose_bush":25,"minecraft:light_gray_bed":1,"minecraft:oak_planks":8,"minecraft:sugar_cane":5,"farmersdelight:wild_onions":13,"minecraft:furnace":3,"minecraft:iron_ore":10,"minecraft:deepslate_lapis_ore":3,"minecraft:grass":3,"biomesoplenty:clover":1,"minecraft:deepslate_iron_ore":3,"minecraft:oak_log":7,"minecraft:coal_ore":78,"minecraft:dirt":10,"minecraft:cobweb":17,"minecraft:stone":32},"minecraft:used":{"minecraft:cooked_mutton":2,"minecraft:oak_planks":3,"minecraft:stone_pickaxe":128,"minecraft:shield":28,"minecraft:wooden_pickaxe":4,"minecraft:iron_sword":27,"minecraft:torch":34,"farmersdelight:onion":14,"minecraft:dirt":12,"minecraft:crafting_table":4,"minecraft:allium":28,"minecraft:granite":1,"minecraft:wooden_axe":7,"minecraft:bread":3,"minecraft:stone_axe":50,"minecraft:cobblestone":10,"minecraft:beef":1,"minecraft:furnace":3,"minecraft:porkchop":2,"comforts:sleeping_bag_white":2,"minecraft:egg":1,"minecraft:cobweb":10,"minecraft:light_gray_bed":1,"minecraft:pointed_dripstone":5},"minecraft:crafted":{"minecraft:cooked_beef":6,"minecraft:oak_planks":32,"sophisticatedbackpacks:backpack":1,"iceandfire:silver_ingot":2,"minecraft:cooked_porkchop":1,"minecraft:crafting_table":1,"minecraft:wooden_pickaxe":1,"minecraft:cooked_chicken":4,"minecraft:iron_sword":2,"minecraft:furnace":2,"immersive_melodies:lute":1,"minecraft:cooked_salmon":3,"minecraft:stone_axe":1,"minecraft:cooked_mutton":4,"minecraft:air":0,"minecraft:shield":2,"minecraft:stick":16,"quark:oak_chest":1,"minecraft:iron_ingot":12,"minecraft:iron_pickaxe":2,"minecraft:stone_pickaxe":1,"minecraft:torch":52},"minecraft:custom":{"minecraft:interact_with_furnace":48,"minecraft:mob_kills":35,"minecraft:interact_with_crafting_table":12,"minecraft:open_barrel":2,"minecraft:interact_with_loom":1,"minecraft:damage_dealt_resisted":6,"minecraft:time_since_death":7293,"minecraft:sleep_in_bed":3,"minecraft:climb_one_cm":13273,"minecraft:time_since_rest":7322,"minecraft:waystone_activated":1,"minecraft:sprint_one_cm":170318,"minecraft:damage_taken":870,"minecraft:walk_one_cm":172781,"minecraft:damage_blocked_by_shield":310,"minecraft:drop":23,"minecraft:damage_dealt":3031,"minecraft:swim_one_cm":56261,"minecraft:fly_one_cm":155470,"minecraft:open_chest":4,"minecraft:crouch_one_cm":2554,"minecraft:play_time":53813,"minecraft:deaths":2,"minecraft:sneak_time":1404,"minecraft:walk_under_water_one_cm":11125,"minecraft:jump":1006,"minecraft:walk_on_water_one_cm":15179,"minecraft:total_world_time":53813,"minecraft:fall_one_cm":28481},"minecraft:picked_up":{"minecraft:crafting_table":3,"minecraft:allium":28,"minecraft:feather":9,"minecraft:chicken":7,"minecraft:salmon":5,"minecraft:leather":7,"doggytalents:rice_grains":1,"minecraft:enchanted_book":1,"minecraft:oak_log":10,"gravestone:obituary":1,"minecraft:shield":1,"minecraft:lapis_lazuli":18,"minecraft:string":21,"minecraft:dirt":12,"minecraft:raw_copper":8,"minecraft:wheat_seeds":1,"comforts:sleeping_bag_white":3,"minecraft:beef":19,"minecraft:cobweb":10,"minecraft:cooked_chicken":7,"minecraft:rose_bush":25,"minecraft:iron_pickaxe":1,"minecraft:sugar_cane":6,"minecraft:oak_planks":8,"minecraft:furnace":3,"minecraft:egg":1,"minecraft:raw_iron":13,"minecraft:cooked_porkchop":1,"minecraft:torch":1,"minecraft:porkchop":6,"minecraft:pointed_dripstone":5,"minecraft:light_gray_bed":1,"minecraft:rotten_flesh":2,"farmersdelight:onion":13,"minecraft:granite":1,"minecraft:mutton":3,"minecraft:coal":122,"iceandfire:raw_silver":2,"minecraft:white_wool":2,"minecraft:cobblestone":32},"minecraft:dropped":{"minecraft:iron_sword":1,"minecraft:wheat_seeds":1,"minecraft:cooked_chicken":8,"minecraft:cooked_porkchop":2,"minecraft:rotten_flesh":1,"minecraft:shield":2,"minecraft:wooden_axe":1,"gravestone:obituary":3,"doggytalents:rice_grains":1,"minecraft:iron_pickaxe":2,"minecraft:white_wool":1}},"DataVersion":3465}