{"stats":{"minecraft:killed":{"minecraft:sheep":2,"minecraft:skeleton":2,"minecraft:zombie":4,"minecraft:pig":3,"minecraft:chicken":1,"minecraft:tropical_fish":1,"minecraft:creeper":2,"minecraft:cow":3},"minecraft:dropped":{"minecraft:sculk_catalyst":4,"minecraft:rotten_flesh":2,"minecraft:phantom_membrane":1},"minecraft:mined":{"minecraft:grass":13},"minecraft:custom":{"minecraft:time_since_rest":24815,"minecraft:interact_with_smithing_table":2,"minecraft:sprint_one_cm":13372,"minecraft:damage_taken":167,"minecraft:walk_one_cm":47913,"minecraft:mob_kills":18,"minecraft:drop":7,"minecraft:damage_dealt":1425,"minecraft:swim_one_cm":1211,"minecraft:fly_one_cm":372706,"minecraft:crouch_one_cm":1155,"minecraft:play_time":29763,"minecraft:deaths":2,"minecraft:sneak_time":288,"minecraft:walk_under_water_one_cm":146102,"minecraft:aviate_one_cm":1604818,"minecraft:jump":236,"minecraft:time_since_death":24785,"minecraft:walk_on_water_one_cm":11027,"minecraft:total_world_time":29763,"minecraft:fall_one_cm":1521},"minecraft:used":{"minecraft:warden_spawn_egg":32,"minecraft:trident":168,"minecraft:firework_rocket":416,"minecraft:redstone":3,"minecraft:netherite_chestplate":1,"minecraft:iron_golem_spawn_egg":19,"minecraft:calibrated_sculk_sensor":1,"minecraft:sculk_sensor":2,"minecraft:snow_golem_spawn_egg":25,"minecraft:smithing_table":1,"minecraft:sculk_shrieker":2,"minecraft:crossbow":10,"minecraft:netherite_helmet":1,"minecraft:egg":1,"minecraft:sculk_catalyst":46},"minecraft:crafted":{"minecraft:netherite_chestplate":1,"minecraft:netherite_helmet":1},"minecraft:picked_up":{"minecraft:sculk_catalyst":7,"minecraft:feather":2,"minecraft:chicken":1,"minecraft:leather":3,"minecraft:acacia_log":1,"minecraft:redstone":1,"minecraft:rotten_flesh":2,"minecraft:beef":4,"minecraft:phantom_membrane":1,"minecraft:egg":1}},"DataVersion":3465}