{"stats":{"minecraft:killed":{"minecraft:cave_spider":1,"minecraft:spider":1,"alexsmobs:seagull":2,"minecraft:skeleton":3,"minecraft:chicken":7,"alexsmobs:centipede_head":1,"minecraft:pig":3,"minecraft:salmon":7,"minecraft:sheep":2,"minecraft:zombie":3,"minecraft:cow":9},"minecraft:killed_by":{"minecraft:player":1},"minecraft:mined":{"minecraft:tuff":1,"iceandfire:silver_ore":2,"minecraft:sculk_vein":19,"gravestone:gravestone":2,"minecraft:allium":1,"minecraft:grass_block":4,"minecraft:light_gray_bed":1,"minecraft:spawner":1,"farmersdelight:wild_onions":13,"minecraft:sculk_catalyst":3,"minecraft:furnace":6,"minecraft:iron_ore":10,"minecraft:cobbled_deepslate":1,"minecraft:deepslate_lapis_ore":3,"minecraft:deepslate_iron_ore":5,"minecraft:vine":1,"minecraft:stripped_oak_log":9,"minecraft:stone":32,"minecraft:deepslate_redstone_ore":11,"minecraft:amethyst_cluster":1,"minecraft:crafting_table":4,"minecraft:rose_bush":25,"minecraft:sculk_sensor":11,"minecraft:deepslate_gold_ore":28,"minecraft:sugar_cane":5,"minecraft:oak_planks":9,"minecraft:sculk":229,"minecraft:wall_torch":1,"supplementaries:urn":3,"minecraft:grass":3,"biomesoplenty:clover":1,"minecraft:coal_ore":79,"minecraft:oak_log":7,"minecraft:dirt":10,"minecraft:cobweb":20,"minecraft:deepslate":32},"minecraft:used":{"minecraft:shield":50,"minecraft:iron_sword":53,"minecraft:cooked_salmon":3,"minecraft:iron_chestplate":1,"minecraft:torch":85,"minecraft:dirt":12,"minecraft:allium":28,"minecraft:tuff":1,"minecraft:granite":1,"minecraft:iron_hoe":251,"minecraft:wooden_axe":7,"minecraft:beef":1,"minecraft:furnace":5,"minecraft:egg":1,"comforts:sleeping_bag_white":2,"minecraft:cooked_beef":4,"minecraft:cobbled_deepslate":27,"minecraft:light_gray_bed":1,"minecraft:pointed_dripstone":10,"minecraft:cooked_mutton":2,"minecraft:mossy_stone_bricks":1,"minecraft:stone_pickaxe":131,"minecraft:oak_planks":6,"minecraft:wooden_pickaxe":4,"farmersdelight:onion":17,"minecraft:crafting_table":4,"minecraft:bread":4,"minecraft:iron_pickaxe":84,"minecraft:stone_axe":61,"minecraft:cobblestone":10,"minecraft:porkchop":2,"minecraft:cobweb":10},"minecraft:crafted":{"minecraft:oak_planks":76,"minecraft:cooked_chicken":4,"minecraft:furnace":2,"minecraft:cooked_mutton":4,"minecraft:iron_hoe":1,"minecraft:stone_pickaxe":1,"minecraft:cooked_beef":11,"sophisticatedbackpacks:backpack":1,"minecraft:cooked_porkchop":1,"iceandfire:silver_ingot":2,"minecraft:crafting_table":1,"minecraft:wooden_pickaxe":1,"minecraft:iron_sword":2,"immersive_melodies:lute":1,"minecraft:cooked_salmon":3,"minecraft:stone_axe":1,"minecraft:air":0,"minecraft:iron_chestplate":1,"minecraft:shield":2,"minecraft:stick":32,"quark:oak_chest":1,"minecraft:iron_ingot":27,"minecraft:iron_pickaxe":2,"minecraft:torch":112},"minecraft:broken":{"minecraft:stone_pickaxe":1,"minecraft:iron_hoe":1},"minecraft:custom":{"minecraft:mob_kills":40,"minecraft:interact_with_crafting_table":16,"minecraft:open_barrel":8,"goblintraders:trade_with_goblin":2,"minecraft:damage_dealt_resisted":6,"minecraft:time_since_death":43293,"minecraft:climb_one_cm":15156,"minecraft:sprint_one_cm":295452,"minecraft:walk_one_cm":294045,"minecraft:damage_blocked_by_shield":625,"minecraft:drop":31,"minecraft:play_time":89813,"minecraft:sneak_time":4728,"minecraft:deaths":2,"minecraft:walk_under_water_one_cm":14211,"minecraft:jump":1474,"minecraft:walk_on_water_one_cm":22510,"minecraft:total_world_time":89813,"minecraft:interact_with_furnace":69,"minecraft:interact_with_loom":1,"minecraft:sleep_in_bed":3,"minecraft:time_since_rest":43322,"minecraft:waystone_activated":1,"minecraft:damage_taken":1404,"minecraft:damage_dealt":4381,"minecraft:swim_one_cm":56261,"minecraft:fly_one_cm":189721,"minecraft:open_chest":6,"minecraft:crouch_one_cm":14909,"minecraft:fall_one_cm":34427},"minecraft:picked_up":{"minecraft:crafting_table":4,"minecraft:allium":28,"minecraft:chicken":7,"minecraft:enchanted_book":1,"gravestone:obituary":1,"minecraft:shield":1,"minecraft:string":27,"minecraft:raw_copper":8,"minecraft:cobbled_deepslate":29,"comforts:sleeping_bag_white":3,"minecraft:beef":19,"minecraft:rose_bush":25,"minecraft:iron_pickaxe":1,"minecraft:sugar_cane":6,"minecraft:egg":1,"minecraft:furnace":6,"minecraft:raw_iron":22,"minecraft:torch":3,"minecraft:porkchop":6,"minecraft:pointed_dripstone":10,"minecraft:redstone":50,"minecraft:arrow":3,"minecraft:rotten_flesh":3,"minecraft:light_gray_bed":1,"farmersdelight:onion":13,"minecraft:mutton":3,"minecraft:cobblestone":32,"minecraft:white_wool":2,"minecraft:stripped_oak_log":9,"minecraft:feather":9,"minecraft:salmon":5,"minecraft:leather":7,"minecraft:filled_map":2,"doggytalents:rice_grains":1,"minecraft:tuff":1,"minecraft:oak_log":10,"supplementaries:flax_seeds":2,"minecraft:lapis_lazuli":18,"minecraft:dirt":12,"minecraft:bone":9,"minecraft:wheat_seeds":1,"minecraft:raw_gold":28,"minecraft:cooked_chicken":7,"minecraft:cobweb":10,"minecraft:mossy_stone_bricks":1,"minecraft:oak_planks":9,"minecraft:cooked_porkchop":1,"minecraft:amethyst_shard":4,"minecraft:spider_eye":2,"minecraft:granite":1,"minecraft:coal":148,"iceandfire:raw_silver":2},"minecraft:dropped":{"minecraft:iron_sword":1,"minecraft:wheat_seeds":1,"minecraft:cooked_porkchop":2,"minecraft:wooden_axe":1,"gravestone:obituary":3,"minecraft:iron_pickaxe":2,"minecraft:white_wool":1,"minecraft:cobbled_deepslate":2,"minecraft:cooked_chicken":8,"minecraft:rotten_flesh":1,"minecraft:filled_map":2,"supplementaries:flax_seeds":2,"minecraft:shield":2,"minecraft:spider_eye":2,"doggytalents:rice_grains":1}},"DataVersion":3465}