{"stats":{"minecraft:broken":{"minecraft:stone_pickaxe":1,"minecraft:golden_sword":1,"minecraft:iron_sword":1,"minecraft:iron_hoe":1,"minecraft:iron_pickaxe":1},"minecraft:mined":{"create:deepslate_zinc_ore":46,"minecraft:spruce_planks":8,"minecraft:white_bed":4,"minecraft:sculk_vein":20,"minecraft:grass_block":5,"minecraft:light_gray_bed":3,"minecraft:spawner":14,"minecraft:sculk_catalyst":5,"farmersdelight:wild_rice":3,"minecraft:cobbled_deepslate":2,"minecraft:iron_ore":33,"minecraft:fire":27,"minecraft:barrel":1,"minecraft:pumpkin":9,"minecraft:fletching_table":16,"minecraft:deepslate_lapis_ore":7,"minecraft:sculk_shrieker":5,"iceandfire:gold_pile":30,"biomesoplenty:webbing":1,"alexsmobs:bison_carpet":1,"minecraft:deepslate_redstone_ore":16,"minecraft:kelp_plant":14,"minecraft:amethyst_cluster":3,"minecraft:note_block":9,"minecraft:calcite":9,"minecraft:melon":14,"minecraft:cobblestone":80,"minecraft:white_candle":1,"minecraft:sugar_cane":8,"minecraft:oak_planks":11,"minecraft:wall_torch":2,"minecraft:amethyst_block":11,"minecraft:grass":37,"biomesoplenty:clover":1,"minecraft:oak_log":12,"minecraft:dirt":10,"minecraft:smooth_basalt":8,"minecraft:oak_leaves":18,"minecraft:deepslate":68,"create:zinc_ore":9,"alexscaves:spelunkery_table":1,"minecraft:tuff":4,"iceandfire:silver_ore":2,"minecraft:deepslate_diamond_ore":3,"gravestone:gravestone":3,"biomesoplenty:bush":3,"minecraft:allium":1,"create_new_age:thorium_ore":22,"create:ochrum":1,"minecraft:spruce_leaves":64,"minecraft:kelp":3,"minecraft:hay_block":34,"farmersdelight:wild_onions":13,"minecraft:spruce_sapling":1,"minecraft:furnace":15,"minecraft:raw_gold_block":2,"minecraft:big_dripleaf_stem":1,"minecraft:bookshelf":27,"biomesoplenty:high_grass":8,"minecraft:deepslate_iron_ore":7,"minecraft:vine":1,"minecraft:stripped_oak_log":9,"minecraft:packed_ice":1,"minecraft:bamboo":1,"biomesoplenty:spider_egg":1,"minecraft:stone":156,"minecraft:smithing_table":2,"minecraft:dandelion":2,"minecraft:oak_fence":3,"minecraft:crafting_table":10,"minecraft:rose_bush":30,"minecraft:sculk_sensor":27,"biomesoplenty:high_grass_plant":14,"minecraft:tall_grass":4,"minecraft:copper_ore":30,"minecraft:deepslate_gold_ore":73,"minecraft:sculk":282,"supplementaries:urn":16,"minecraft:gray_wool":230,"minecraft:spruce_log":175,"minecraft:birch_leaves":1,"minecraft:yellow_bed":7,"minecraft:coal_ore":121,"alexsmobs:bison_fur_block":2,"minecraft:gravel":9,"minecraft:cobweb":29,"minecraft:gold_ore":8,"minecraft:fern":1},"minecraft:crafted":{"minecraft:oak_planks":96,"minecraft:cooked_chicken":4,"minecraft:diamond_shovel":1,"minecraft:cooked_mutton":9,"minecraft:iron_boots":1,"minecraft:bow":1,"minecraft:diamond_axe":1,"minecraft:emerald":82,"sophisticatedbackpacks:backpack":1,"minecraft:arrow":76,"minecraft:cooked_porkchop":8,"minecraft:map":1,"minecraft:crafting_table":4,"minecraft:spruce_planks":684,"minecraft:wooden_pickaxe":1,"minecraft:iron_helmet":2,"minecraft:smithing_table":1,"immersive_melodies:lute":1,"minecraft:fletching_table":3,"minecraft:spruce_trapdoor":6,"minecraft:book":2,"minecraft:iron_chestplate":1,"minecraft:shield":3,"sophisticatedbackpacks:diamond_backpack":1,"minecraft:stick":1366,"quark:oak_chest":1,"minecraft:iron_ingot":70,"minecraft:compass":1,"minecraft:iron_pickaxe":6,"minecraft:iron_block":3,"minecraft:gold_ingot":41,"minecraft:shears":1,"minecraft:furnace":2,"minecraft:bone_meal":45,"minecraft:flint_and_steel":2,"map_atlases:atlas":1,"minecraft:leather":5,"minecraft:iron_axe":1,"minecraft:iron_hoe":2,"minecraft:stone_pickaxe":9,"minecraft:spruce_boat":1,"sophisticatedbackpacks:iron_backpack":1,"minecraft:cooked_beef":44,"iceandfire:silver_ingot":2,"minecraft:iron_sword":3,"minecraft:cooked_salmon":7,"sophisticatedbackpacks:gold_backpack":1,"minecraft:bucket":1,"minecraft:stone_axe":1,"minecraft:air":0,"minecraft:raw_gold":18,"minecraft:iron_leggings":1,"minecraft:anvil":1,"minecraft:torch":288},"minecraft:killed":{"minecraft:cave_spider":6,"minecraft:witch":1,"minecraft:spider":3,"iceandfire:stymphalian_bird":1,"minecraft:skeleton":7,"minecraft:chicken":7,"minecraft:silverfish":1,"alexsmobs:centipede_head":1,"minecraft:pig":12,"quark:stoneling":1,"minecraft:zombie_villager":1,"minecraft:salmon":7,"minecraft:sheep":5,"minecraft:pillager":6,"minecraft:goat":1,"minecraft:zombie":15,"iceandfire:sea_serpent":1,"minecraft:cow":17,"mowziesmobs:naga":1,"minecraft:vindicator":20,"alexsmobs:seagull":2,"minecraft:slime":3,"iceandfire:fire_dragon":1,"minecraft:drowned":1,"minecraft:bat":1,"creeperoverhaul:ocean_creeper":1},"minecraft:dropped":{"minecraft:iron_sword":1,"minecraft:glass_bottle":2,"minecraft:cooked_porkchop":2,"artifacts:cloud_in_a_bottle":1,"map_atlases:atlas":1,"farmersdelight:rice":3,"minecraft:emerald":4,"minecraft:dark_oak_log":12,"minecraft:dark_oak_trapdoor":5,"gravestone:obituary":4,"minecraft:iron_pickaxe":3,"minecraft:dark_oak_planks":15,"minecraft:white_wool":2,"minecraft:gravel":4,"minecraft:cooked_chicken":8,"minecraft:cobbled_deepslate":2,"minecraft:rotten_flesh":11,"minecraft:glowstone_dust":2,"minecraft:white_bed":5,"minecraft:rabbit_hide":2,"supplementaries:flax_seeds":2,"supplementaries:ash":17,"doggytalents:rice_grains":2,"minecraft:arrow":5,"minecraft:beef":1,"minecraft:enchanted_book":2,"minecraft:iron_ingot":4,"minecraft:bread":5,"minecraft:wheat_seeds":11,"minecraft:diamond_leggings":1,"minecraft:iron_helmet":1,"minecraft:book":1,"minecraft:stick":1,"wandering_bags:emerald_of_renegade":1,"minecraft:torch":66,"minecraft:wooden_axe":1,"minecraft:map":1,"minecraft:iron_axe":1,"minecraft:bowl":1,"minecraft:raw_iron":7,"minecraft:experience_bottle":1,"minecraft:sculk_sensor":2,"minecraft:iron_hoe":1,"minecraft:shears":1,"minecraft:flint_and_steel":1,"minecraft:filled_map":3,"minecraft:potato":2,"minecraft:shield":2,"minecraft:iron_chestplate":1,"minecraft:yellow_bed":4,"iceandfire:silver_ingot":2,"minecraft:spider_eye":4,"minecraft:slime_ball":1,"minecraft:stone_pickaxe":8,"minecraft:calcite":9},"minecraft:custom":{"minecraft:interact_with_crafting_table":56,"minecraft:open_barrel":97,"goblintraders:trade_with_goblin":2,"minecraft:bell_ring":38,"minecraft:leave_game":12,"minecraft:time_since_death":250385,"minecraft:sprint_one_cm":792953,"minecraft:damage_blocked_by_shield":1790,"minecraft:drop":113,"minecraft:play_noteblock":9,"minecraft:talked_to_villager":48,"minecraft:play_time":372367,"minecraft:deaths":3,"minecraft:jump":5874,"minecraft:walk_on_water_one_cm":71459,"minecraft:interact_with_furnace":145,"minecraft:traded_with_villager":97,"minecraft:interact_with_loom":2,"minecraft:sleep_in_bed":15,"minecraft:waystone_activated":4,"minecraft:damage_dealt":21102,"minecraft:crouch_one_cm":280278,"minecraft:interact_with_smoker":7,"minecraft:interact_with_smithing_table":1,"minecraft:interact_with_anvil":5,"minecraft:mob_kills":125,"minecraft:damage_dealt_resisted":6,"minecraft:climb_one_cm":24494,"minecraft:walk_one_cm":820692,"minecraft:sneak_time":66549,"minecraft:walk_under_water_one_cm":58083,"minecraft:total_world_time":372367,"minecraft:tune_noteblock":2,"minecraft:time_since_rest":9440,"minecraft:damage_taken":4764,"minecraft:damage_absorbed":80,"minecraft:trigger_trapped_chest":3,"minecraft:swim_one_cm":148427,"minecraft:fly_one_cm":894015,"minecraft:open_chest":102,"minecraft:fall_one_cm":162566},"minecraft:picked_up":{"quark:diamond_heart":1,"minecraft:smithing_table":2,"alexsmobs:bison_fur_block":2,"minecraft:enchanted_book":2,"minecraft:golden_sword":1,"minecraft:amethyst_block":11,"minecraft:string":42,"minecraft:dark_oak_trapdoor":5,"minecraft:raw_copper":122,"minecraft:zombie_head":1,"minecraft:experience_bottle":1,"minecraft:gold_nugget":306,"minecraft:cobbled_deepslate":55,"minecraft:bucket":1,"comforts:sleeping_bag_white":13,"minecraft:spruce_planks":31,"minecraft:rose_bush":30,"minecraft:calcite":9,"minecraft:iron_pickaxe":1,"minecraft:melon_slice":58,"iceandfire:dragonscales_red":7,"minecraft:furnace":15,"minecraft:stick":18,"minecraft:big_dripleaf":2,"minecraft:oak_fence":3,"minecraft:torch":13,"minecraft:porkchop":25,"minecraft:pointed_dripstone":10,"minecraft:light_gray_bed":3,"minecraft:rotten_flesh":11,"farmersdelight:onion":13,"create:ochrum":1,"iceandfire:fire_dragon_heart":1,"supplementaries:ash":19,"minecraft:cod":2,"minecraft:cobblestone":227,"minecraft:feather":9,"farmersdelight:rice":3,"minecraft:potato":2,"map_atlases:atlas":1,"paraglider:spirit_orb":26,"minecraft:flint":1,"minecraft:tuff":4,"create:raw_zinc":55,"supplementaries:flax_seeds":2,"minecraft:lantern":1,"minecraft:map":1,"minecraft:lapis_lazuli":40,"minecraft:dirt":12,"minecraft:name_tag":2,"minecraft:bone":18,"minecraft:wheat_seeds":11,"minecraft:raw_gold":81,"minecraft:fletching_table":16,"minecraft:mossy_stone_bricks":1,"minecraft:bamboo":10,"minecraft:oak_planks":12,"minecraft:cooked_porkchop":8,"iceandfire:dragon_skull_fire":1,"iceandfire:stymphalian_bird_feather":4,"wandering_bags:emerald_of_renegade":1,"alexsmobs:bison_carpet":1,"minecraft:dark_oak_log":12,"minecraft:barrel":2,"minecraft:diamond":3,"minecraft:spruce_boat":1,"minecraft:granite":1,"minecraft:bread":5,"minecraft:emerald":19,"iceandfire:raw_silver":2,"minecraft:allium":28,"minecraft:charcoal":2,"minecraft:crafting_table":10,"create_new_age:thorium":82,"minecraft:chicken":7,"minecraft:ladder":4,"gravestone:obituary":1,"minecraft:shield":1,"minecraft:flint_and_steel":1,"minecraft:cyan_carpet":1,"minecraft:beef":33,"minecraft:player_head":1,"minecraft:sugar_cane":12,"minecraft:egg":1,"iceandfire:dragonbone":9,"minecraft:raw_iron":51,"minecraft:raw_gold_block":2,"minecraft:bowl":1,"minecraft:note_block":9,"minecraft:redstone":71,"minecraft:dark_oak_planks":28,"minecraft:arrow":7,"minecraft:shears":1,"minecraft:hay_block":33,"alexscaves:spelunkery_table":1,"minecraft:saddle":1,"minecraft:gold_ingot":2,"minecraft:mutton":8,"minecraft:white_wool":6,"minecraft:bone_block":21,"minecraft:stripped_oak_log":9,"iceandfire:sea_serpent_fang":7,"wandering_bags:pillager_bag":1,"minecraft:salmon":5,"minecraft:leather":12,"minecraft:filled_map":2,"doggytalents:rice_grains":4,"minecraft:oak_log":15,"minecraft:yellow_bed":9,"minecraft:gunpowder":48,"minecraft:white_banner":1,"minecraft:kelp":92,"minecraft:rabbit_hide":22,"minecraft:iron_ingot":22,"minecraft:cooked_chicken":7,"minecraft:cobweb":10,"iceandfire:sea_serpent_scales_deepblue":6,"iceandfire:fire_dragon_flesh":7,"minecraft:book":81,"minecraft:smooth_basalt":8,"iceandfire:copper_nugget":1,"minecraft:dark_oak_slab":2,"minecraft:pumpkin":9,"minecraft:dandelion":2,"minecraft:gravel":14,"minecraft:amethyst_shard":4,"minecraft:spruce_sapling":16,"minecraft:white_bed":7,"minecraft:spruce_log":175,"minecraft:spider_eye":4,"minecraft:music_disc_mall":1,"minecraft:slime_ball":4,"wandering_bags:witch_bag":1,"minecraft:painting":3,"minecraft:gray_wool":228,"minecraft:dark_oak_wood":3,"minecraft:coal":316},"minecraft:killed_by":{"minecraft:player":1},"minecraft:used":{"minecraft:shield":218,"minecraft:iron_sword":343,"minecraft:player_head":1,"minecraft:iron_chestplate":1,"alexsmobs:bison_fur_block":2,"minecraft:allium":28,"minecraft:tuff":4,"minecraft:big_dripleaf":2,"minecraft:spruce_boat":1,"minecraft:golden_sword":7,"minecraft:bow":46,"supplementaries:ash":2,"minecraft:furnace":14,"minecraft:egg":1,"minecraft:mossy_stone_bricks":1,"minecraft:oak_planks":22,"minecraft:stone_pickaxe":131,"minecraft:wooden_pickaxe":4,"minecraft:golden_apple":2,"minecraft:shears":229,"minecraft:bread":6,"minecraft:gravel":10,"minecraft:smithing_table":3,"minecraft:bone_meal":10,"minecraft:oak_fence":3,"minecraft:cobweb":10,"minecraft:flint_and_steel":25,"minecraft:spruce_planks":8,"minecraft:cooked_salmon":7,"minecraft:cooked_chicken":1,"minecraft:torch":213,"create:ochrum":1,"minecraft:dirt":12,"minecraft:anvil":1,"minecraft:granite":1,"minecraft:iron_hoe":415,"minecraft:wooden_axe":7,"minecraft:iron_axe":324,"minecraft:smooth_basalt":8,"minecraft:beef":1,"comforts:sleeping_bag_white":12,"minecraft:cooked_beef":15,"minecraft:cobbled_deepslate":36,"minecraft:light_gray_bed":3,"minecraft:pointed_dripstone":10,"minecraft:cooked_mutton":9,"minecraft:water_bucket":2,"minecraft:amethyst_block":3,"minecraft:baked_potato":9,"minecraft:fletching_table":19,"farmersdelight:onion":17,"minecraft:crafting_table":14,"minecraft:white_bed":2,"minecraft:painting":3,"minecraft:iron_pickaxe":650,"minecraft:map":1,"minecraft:spruce_trapdoor":5,"minecraft:spruce_sapling":9,"minecraft:stone_axe":61,"minecraft:cobblestone":151,"minecraft:porkchop":6,"minecraft:cooked_porkchop":12,"minecraft:bucket":3,"minecraft:yellow_bed":5,"minecraft:dandelion":2,"minecraft:gray_wool":218}},"DataVersion":3465}