{"stats":{"minecraft:killed":{"minecraft:sheep":2,"minecraft:pig":1,"minecraft:chicken":4,"minecraft:salmon":5,"alexsmobs:seagull":2},"minecraft:mined":{"minecraft:furnace":1,"minecraft:crafting_table":2,"minecraft:grass":2,"biomesoplenty:clover":1,"minecraft:coal_ore":23,"minecraft:grass_block":2,"minecraft:oak_log":5,"minecraft:rose_bush":25,"minecraft:dirt":10,"minecraft:stone":22,"minecraft:sugar_cane":5},"minecraft:used":{"minecraft:cooked_mutton":2,"minecraft:stone_pickaxe":43,"minecraft:wooden_pickaxe":4,"minecraft:stone_axe":19,"minecraft:dirt":11,"minecraft:crafting_table":2,"minecraft:furnace":1,"minecraft:porkchop":2,"comforts:sleeping_bag_white":1},"minecraft:crafted":{"minecraft:oak_planks":20,"minecraft:cooked_porkchop":1,"minecraft:crafting_table":1,"minecraft:stick":8,"minecraft:cooked_chicken":1,"minecraft:wooden_pickaxe":1,"minecraft:stone_pickaxe":1,"minecraft:furnace":1,"minecraft:cooked_salmon":2,"minecraft:stone_axe":1,"minecraft:air":0,"minecraft:cooked_mutton":4},"minecraft:custom":{"minecraft:time_since_rest":5170,"minecraft:waystone_activated":1,"minecraft:interact_with_furnace":13,"minecraft:sprint_one_cm":51555,"minecraft:damage_taken":100,"minecraft:walk_one_cm":54740,"minecraft:mob_kills":14,"minecraft:drop":4,"minecraft:damage_dealt":730,"minecraft:swim_one_cm":17401,"minecraft:interact_with_crafting_table":3,"minecraft:fly_one_cm":44752,"minecraft:open_chest":1,"minecraft:crouch_one_cm":250,"minecraft:play_time":17813,"minecraft:sneak_time":55,"minecraft:walk_under_water_one_cm":3899,"minecraft:jump":307,"minecraft:sleep_in_bed":1,"minecraft:time_since_death":17813,"minecraft:walk_on_water_one_cm":4623,"minecraft:climb_one_cm":11735,"minecraft:total_world_time":17813,"minecraft:fall_one_cm":9840},"minecraft:picked_up":{"minecraft:crafting_table":2,"minecraft:feather":7,"minecraft:chicken":4,"minecraft:cooked_porkchop":1,"minecraft:salmon":4,"minecraft:porkchop":2,"minecraft:oak_log":5,"minecraft:dirt":11,"minecraft:wheat_seeds":1,"comforts:sleeping_bag_white":2,"minecraft:cooked_chicken":1,"minecraft:rose_bush":25,"minecraft:sugar_cane":6,"minecraft:mutton":3,"minecraft:coal":24,"minecraft:white_wool":2,"minecraft:cobblestone":22,"minecraft:furnace":1},"minecraft:dropped":{"minecraft:wheat_seeds":1,"minecraft:cooked_porkchop":2,"minecraft:white_wool":1}},"DataVersion":3465}