{"stats":{"minecraft:killed":{"minecraft:cave_spider":3,"minecraft:witch":1,"minecraft:spider":3,"alexsmobs:seagull":2,"minecraft:slime":3,"minecraft:skeleton":6,"minecraft:chicken":7,"minecraft:silverfish":1,"alexsmobs:centipede_head":1,"quark:stoneling":1,"minecraft:pig":3,"minecraft:zombie_villager":1,"minecraft:salmon":7,"minecraft:bat":1,"minecraft:sheep":2,"minecraft:zombie":13,"minecraft:cow":9},"minecraft:killed_by":{"minecraft:player":1},"minecraft:mined":{"alexscaves:spelunkery_table":1,"create:deepslate_zinc_ore":46,"minecraft:tuff":4,"iceandfire:silver_ore":2,"minecraft:deepslate_diamond_ore":3,"minecraft:sculk_vein":20,"gravestone:gravestone":3,"minecraft:allium":1,"minecraft:grass_block":4,"create:ochrum":1,"minecraft:light_gray_bed":3,"minecraft:spawner":1,"farmersdelight:wild_onions":13,"minecraft:sculk_catalyst":5,"minecraft:furnace":9,"minecraft:iron_ore":10,"minecraft:cobbled_deepslate":2,"minecraft:fire":9,"minecraft:deepslate_lapis_ore":7,"minecraft:sculk_shrieker":5,"minecraft:deepslate_iron_ore":7,"minecraft:vine":1,"minecraft:packed_ice":1,"minecraft:stripped_oak_log":9,"minecraft:stone":32,"minecraft:deepslate_redstone_ore":16,"minecraft:amethyst_cluster":3,"minecraft:crafting_table":4,"minecraft:calcite":9,"minecraft:rose_bush":25,"minecraft:sculk_sensor":26,"minecraft:white_candle":1,"minecraft:deepslate_gold_ore":73,"minecraft:sugar_cane":5,"minecraft:oak_planks":11,"minecraft:sculk":244,"minecraft:wall_torch":2,"minecraft:amethyst_block":11,"supplementaries:urn":16,"minecraft:gray_wool":230,"minecraft:grass":3,"biomesoplenty:clover":1,"minecraft:oak_log":12,"minecraft:coal_ore":79,"minecraft:gravel":9,"minecraft:dirt":10,"minecraft:cobweb":20,"minecraft:smooth_basalt":8,"minecraft:deepslate":52},"minecraft:used":{"minecraft:flint_and_steel":9,"minecraft:shield":54,"minecraft:iron_sword":127,"minecraft:cooked_salmon":4,"minecraft:iron_chestplate":1,"minecraft:torch":200,"create:ochrum":1,"minecraft:dirt":12,"minecraft:allium":28,"minecraft:tuff":4,"minecraft:granite":1,"minecraft:iron_hoe":282,"minecraft:wooden_axe":7,"minecraft:iron_axe":9,"minecraft:smooth_basalt":8,"minecraft:beef":1,"minecraft:furnace":8,"minecraft:egg":1,"comforts:sleeping_bag_white":2,"minecraft:cooked_beef":11,"minecraft:cobbled_deepslate":36,"minecraft:light_gray_bed":3,"minecraft:pointed_dripstone":10,"minecraft:cooked_mutton":4,"minecraft:mossy_stone_bricks":1,"minecraft:amethyst_block":3,"minecraft:oak_planks":19,"minecraft:stone_pickaxe":131,"minecraft:wooden_pickaxe":4,"farmersdelight:onion":17,"minecraft:crafting_table":6,"minecraft:shears":229,"minecraft:bread":4,"minecraft:iron_pickaxe":250,"minecraft:map":1,"minecraft:gravel":10,"minecraft:stone_axe":61,"minecraft:cobblestone":10,"minecraft:porkchop":2,"minecraft:gray_wool":218,"minecraft:cobweb":10},"minecraft:crafted":{"minecraft:oak_planks":96,"minecraft:cooked_chicken":4,"minecraft:furnace":2,"minecraft:cooked_mutton":4,"minecraft:flint_and_steel":1,"map_atlases:atlas":1,"minecraft:iron_boots":1,"minecraft:leather":5,"minecraft:iron_hoe":2,"minecraft:stone_pickaxe":1,"minecraft:cooked_beef":11,"sophisticatedbackpacks:backpack":1,"iceandfire:silver_ingot":2,"minecraft:cooked_porkchop":1,"minecraft:map":1,"minecraft:crafting_table":2,"minecraft:wooden_pickaxe":1,"minecraft:iron_helmet":2,"minecraft:iron_sword":2,"immersive_melodies:lute":1,"minecraft:cooked_salmon":7,"minecraft:stone_axe":1,"minecraft:air":0,"minecraft:iron_chestplate":1,"minecraft:book":2,"minecraft:shield":2,"minecraft:stick":76,"quark:oak_chest":1,"minecraft:iron_ingot":50,"minecraft:compass":1,"minecraft:iron_pickaxe":2,"minecraft:iron_leggings":1,"minecraft:gold_ingot":2,"minecraft:torch":288,"minecraft:shears":1},"minecraft:broken":{"minecraft:stone_pickaxe":1,"minecraft:iron_hoe":1},"minecraft:custom":{"minecraft:interact_with_smithing_table":1,"minecraft:mob_kills":65,"minecraft:interact_with_crafting_table":30,"minecraft:open_barrel":13,"goblintraders:trade_with_goblin":2,"minecraft:damage_dealt_resisted":6,"minecraft:leave_game":9,"minecraft:time_since_death":88795,"minecraft:climb_one_cm":17742,"minecraft:sprint_one_cm":427902,"minecraft:walk_one_cm":441142,"minecraft:damage_blocked_by_shield":685,"minecraft:drop":65,"minecraft:play_time":210777,"minecraft:sneak_time":60056,"minecraft:deaths":3,"minecraft:walk_under_water_one_cm":14211,"minecraft:jump":3141,"minecraft:walk_on_water_one_cm":30138,"minecraft:total_world_time":210777,"minecraft:interact_with_furnace":102,"minecraft:interact_with_loom":2,"minecraft:sleep_in_bed":5,"minecraft:time_since_rest":60015,"minecraft:waystone_activated":1,"minecraft:damage_taken":2254,"minecraft:damage_dealt":8759,"minecraft:swim_one_cm":56261,"minecraft:fly_one_cm":295959,"minecraft:open_chest":44,"minecraft:crouch_one_cm":258980,"minecraft:fall_one_cm":95143},"minecraft:picked_up":{"quark:diamond_heart":1,"minecraft:crafting_table":4,"minecraft:allium":28,"minecraft:chicken":7,"minecraft:enchanted_book":1,"gravestone:obituary":1,"minecraft:shield":1,"minecraft:amethyst_block":11,"minecraft:string":35,"minecraft:raw_copper":12,"minecraft:zombie_head":1,"minecraft:cobbled_deepslate":55,"comforts:sleeping_bag_white":3,"minecraft:beef":19,"minecraft:rose_bush":25,"minecraft:calcite":9,"minecraft:iron_pickaxe":1,"minecraft:sugar_cane":6,"minecraft:furnace":9,"minecraft:egg":1,"minecraft:stick":2,"minecraft:raw_iron":24,"minecraft:torch":12,"minecraft:porkchop":6,"minecraft:pointed_dripstone":10,"minecraft:redstone":71,"minecraft:rotten_flesh":11,"minecraft:arrow":5,"minecraft:light_gray_bed":3,"farmersdelight:onion":13,"create:ochrum":1,"alexscaves:spelunkery_table":1,"minecraft:saddle":1,"minecraft:gold_ingot":2,"supplementaries:ash":17,"minecraft:mutton":3,"minecraft:bone_block":21,"minecraft:white_wool":3,"minecraft:cobblestone":32,"minecraft:stripped_oak_log":9,"minecraft:feather":9,"minecraft:salmon":5,"minecraft:leather":7,"minecraft:filled_map":2,"doggytalents:rice_grains":1,"minecraft:flint":1,"minecraft:oak_log":15,"minecraft:tuff":4,"create:raw_zinc":46,"supplementaries:flax_seeds":2,"minecraft:lapis_lazuli":40,"minecraft:map":1,"minecraft:dirt":12,"minecraft:name_tag":2,"minecraft:bone":18,"minecraft:wheat_seeds":1,"minecraft:raw_gold":73,"minecraft:rabbit_hide":22,"minecraft:iron_ingot":2,"minecraft:cooked_chicken":7,"minecraft:cobweb":10,"minecraft:mossy_stone_bricks":1,"minecraft:oak_planks":12,"minecraft:smooth_basalt":8,"minecraft:cooked_porkchop":1,"minecraft:gravel":14,"minecraft:amethyst_shard":4,"minecraft:spider_eye":4,"minecraft:music_disc_mall":1,"minecraft:slime_ball":4,"minecraft:diamond":3,"wandering_bags:witch_bag":1,"minecraft:granite":1,"minecraft:gray_wool":228,"minecraft:bread":5,"minecraft:coal":181,"iceandfire:raw_silver":2},"minecraft:dropped":{"minecraft:bread":5,"minecraft:iron_sword":1,"minecraft:wheat_seeds":1,"minecraft:glass_bottle":2,"minecraft:cooked_porkchop":2,"minecraft:diamond_leggings":1,"minecraft:iron_helmet":1,"minecraft:book":1,"minecraft:stick":1,"minecraft:torch":66,"minecraft:wooden_axe":1,"minecraft:map":1,"gravestone:obituary":4,"minecraft:iron_pickaxe":2,"minecraft:white_wool":2,"minecraft:gravel":4,"minecraft:cooked_chicken":8,"minecraft:cobbled_deepslate":2,"minecraft:rotten_flesh":11,"minecraft:glowstone_dust":2,"minecraft:filled_map":3,"minecraft:rabbit_hide":2,"supplementaries:flax_seeds":2,"supplementaries:ash":17,"minecraft:shield":2,"minecraft:iron_chestplate":1,"iceandfire:silver_ingot":2,"doggytalents:rice_grains":1,"minecraft:spider_eye":4,"minecraft:slime_ball":1,"minecraft:arrow":5,"minecraft:calcite":9}},"DataVersion":3465}