{"stats":{"minecraft:killed":{"minecraft:sheep":2,"minecraft:pig":3,"minecraft:chicken":7,"minecraft:salmon":7,"alexsmobs:seagull":2,"minecraft:cow":5},"minecraft:mined":{"farmersdelight:wild_onions":13,"minecraft:furnace":1,"minecraft:crafting_table":2,"minecraft:allium":1,"minecraft:grass":3,"biomesoplenty:clover":1,"minecraft:coal_ore":63,"minecraft:grass_block":2,"minecraft:oak_log":5,"minecraft:rose_bush":25,"minecraft:dirt":10,"minecraft:stone":24,"minecraft:sugar_cane":5},"minecraft:used":{"minecraft:cooked_mutton":2,"minecraft:stone_pickaxe":85,"minecraft:wooden_pickaxe":4,"minecraft:stone_axe":33,"farmersdelight:onion":8,"minecraft:dirt":11,"minecraft:cobblestone":6,"minecraft:crafting_table":2,"minecraft:furnace":1,"minecraft:porkchop":2,"minecraft:egg":1,"minecraft:allium":28,"comforts:sleeping_bag_white":2},"minecraft:crafted":{"minecraft:oak_planks":20,"minecraft:cooked_porkchop":1,"minecraft:crafting_table":1,"minecraft:stick":8,"minecraft:cooked_chicken":1,"minecraft:wooden_pickaxe":1,"minecraft:stone_pickaxe":1,"minecraft:furnace":1,"minecraft:cooked_salmon":2,"minecraft:stone_axe":1,"minecraft:air":0,"minecraft:cooked_mutton":4},"minecraft:custom":{"minecraft:time_since_rest":4055,"minecraft:waystone_activated":1,"minecraft:interact_with_furnace":13,"minecraft:sprint_one_cm":99790,"minecraft:damage_taken":130,"minecraft:walk_one_cm":103387,"minecraft:mob_kills":26,"minecraft:drop":5,"minecraft:damage_dealt":1610,"minecraft:swim_one_cm":29880,"minecraft:interact_with_crafting_table":3,"minecraft:fly_one_cm":98158,"minecraft:open_chest":3,"minecraft:crouch_one_cm":1049,"minecraft:play_time":29813,"minecraft:sneak_time":501,"minecraft:walk_under_water_one_cm":5697,"minecraft:jump":635,"minecraft:sleep_in_bed":2,"minecraft:time_since_death":29813,"minecraft:walk_on_water_one_cm":8795,"minecraft:climb_one_cm":12287,"minecraft:total_world_time":29813,"minecraft:fall_one_cm":16530},"minecraft:picked_up":{"minecraft:allium":28,"minecraft:crafting_table":2,"minecraft:feather":9,"minecraft:chicken":7,"minecraft:cooked_porkchop":1,"minecraft:salmon":5,"minecraft:leather":4,"doggytalents:rice_grains":1,"minecraft:porkchop":6,"minecraft:oak_log":5,"minecraft:dirt":11,"farmersdelight:onion":13,"minecraft:wheat_seeds":1,"comforts:sleeping_bag_white":3,"minecraft:beef":13,"minecraft:cooked_chicken":1,"minecraft:rose_bush":25,"minecraft:sugar_cane":6,"minecraft:mutton":3,"minecraft:coal":64,"minecraft:egg":1,"minecraft:white_wool":2,"minecraft:cobblestone":24,"minecraft:furnace":1},"minecraft:dropped":{"minecraft:wheat_seeds":1,"minecraft:cooked_porkchop":2,"doggytalents:rice_grains":1,"minecraft:white_wool":1}},"DataVersion":3465}