{"stats":{"minecraft:broken":{"minecraft:stone_pickaxe":1,"minecraft:golden_sword":1,"minecraft:iron_sword":1,"minecraft:iron_hoe":1,"minecraft:flint_and_steel":1,"minecraft:iron_pickaxe":1},"minecraft:killed_by":{"minecraft:player":1},"minecraft:used":{"minecraft:diamond_hoe":21,"minecraft:shield":218,"minecraft:iron_sword":361,"doggytalents:rice_grains":23,"minecraft:player_head":1,"minecraft:iron_chestplate":1,"alexsmobs:bison_fur_block":2,"minecraft:allium":28,"minecraft:tuff":5,"minecraft:big_dripleaf":2,"minecraft:spruce_boat":1,"minecraft:golden_sword":7,"minecraft:bow":62,"supplementaries:ash":2,"minecraft:furnace":18,"minecraft:egg":1,"minecraft:mossy_stone_bricks":1,"minecraft:oak_planks":23,"minecraft:stone_pickaxe":131,"minecraft:wooden_pickaxe":4,"minecraft:sugar_cane":1,"minecraft:composter":7,"minecraft:diamond_axe":2074,"minecraft:golden_apple":2,"minecraft:blast_furnace":4,"minecraft:shears":229,"minecraft:bread":6,"minecraft:gravel":10,"minecraft:diamond_sword":59,"minecraft:grindstone":1,"minecraft:smithing_table":5,"minecraft:oak_fence":3,"minecraft:bone_meal":157,"minecraft:cobweb":10,"doggytalents:rice_mill":4,"minecraft:flint_and_steel":84,"minecraft:spruce_planks":8,"minecraft:cooked_salmon":7,"minecraft:cooked_chicken":1,"minecraft:torch":371,"create:ochrum":1,"minecraft:dirt":34,"minecraft:anvil":2,"minecraft:granite":1,"minecraft:iron_hoe":415,"minecraft:wooden_axe":7,"minecraft:iron_axe":324,"minecraft:smooth_basalt":8,"minecraft:beef":1,"comforts:sleeping_bag_white":16,"minecraft:cooked_beef":28,"minecraft:cobbled_deepslate":36,"minecraft:light_gray_bed":3,"minecraft:pointed_dripstone":10,"minecraft:cooked_mutton":9,"minecraft:water_bucket":5,"minecraft:amethyst_block":3,"minecraft:baked_potato":18,"minecraft:cartography_table":1,"minecraft:fletching_table":54,"farmersdelight:onion":17,"minecraft:oak_slab":1,"minecraft:crafting_table":15,"minecraft:white_bed":2,"minecraft:painting":3,"minecraft:spruce_log":17,"minecraft:diamond_pickaxe":506,"minecraft:diamond_shovel":28,"minecraft:iron_pickaxe":650,"minecraft:map":1,"minecraft:spruce_trapdoor":12,"minecraft:spruce_sapling":114,"minecraft:stone_axe":61,"minecraft:cobblestone":175,"minecraft:porkchop":6,"minecraft:cooked_porkchop":12,"minecraft:bucket":6,"minecraft:yellow_bed":5,"minecraft:dandelion":2,"minecraft:gray_wool":218},"minecraft:crafted":{"minecraft:grindstone":1,"doggytalents:rice_bowl":32,"minecraft:smooth_stone":3,"doggytalents:super_treat":50,"minecraft:oak_planks":120,"minecraft:cobblestone_slab":6,"minecraft:cooked_chicken":4,"minecraft:stone":6,"minecraft:diamond_shovel":1,"minecraft:suspicious_stew":7,"minecraft:cooked_mutton":9,"minecraft:diamond_helmet":1,"minecraft:bow":2,"minecraft:iron_boots":1,"minecraft:oak_fence":6,"supplementaries:rope_arrow":11,"minecraft:arrow":76,"sophisticatedbackpacks:backpack":1,"minecraft:emerald":616,"minecraft:cooked_porkchop":8,"minecraft:diamond_axe":5,"minecraft:map":23,"minecraft:crafting_table":5,"minecraft:spruce_planks":2468,"minecraft:wooden_pickaxe":1,"minecraft:iron_helmet":2,"minecraft:smithing_table":1,"immersive_melodies:lute":1,"minecraft:fletching_table":3,"minecraft:cartography_table":1,"minecraft:apple":112,"minecraft:spruce_trapdoor":8,"minecraft:iron_chestplate":1,"minecraft:book":2,"minecraft:diamond_pickaxe":2,"minecraft:shield":17,"sophisticatedbackpacks:diamond_backpack":1,"minecraft:stick":16781,"minecraft:stone_slab":6,"quark:oak_chest":1,"minecraft:compass":1,"minecraft:iron_ingot":71,"minecraft:iron_pickaxe":6,"minecraft:iron_block":6,"minecraft:gold_ingot":41,"minecraft:shears":1,"minecraft:golden_carrot":36,"doggytalents:training_treat":75,"minecraft:diamond_hoe":1,"minecraft:spruce_button":64,"doggytalents:rice_mill":1,"minecraft:furnace":3,"minecraft:blast_furnace":1,"minecraft:bone_meal":189,"minecraft:flint_and_steel":2,"map_atlases:atlas":23,"minecraft:leather":5,"minecraft:iron_axe":1,"doggytalents:uncooked_rice_bowl":6,"minecraft:iron_hoe":2,"minecraft:stone_pickaxe":9,"minecraft:diamond_boots":5,"doggytalents:master_treat":5,"minecraft:spruce_boat":1,"sophisticatedbackpacks:iron_backpack":1,"minecraft:cooked_beef":44,"minecraft:sugar":25,"minecraft:diamond_sword":1,"iceandfire:silver_ingot":2,"minecraft:iron_sword":8,"minecraft:bowl":24,"minecraft:cooked_salmon":7,"sophisticatedbackpacks:gold_backpack":1,"minecraft:bucket":1,"minecraft:stone_axe":1,"minecraft:bread":60,"minecraft:air":0,"minecraft:golden_apple":12,"minecraft:raw_gold":18,"minecraft:iron_leggings":1,"doggytalents:rice_grains":21,"minecraft:anvil":2,"minecraft:torch":380,"create:zinc_ingot":2,"minecraft:diamond_chestplate":1},"minecraft:picked_up":{"quark:diamond_heart":1,"irons_spellbooks:scroll":2,"minecraft:suspicious_stew":7,"doggytalents:koji":15,"minecraft:smithing_table":4,"alexsmobs:bison_fur_block":2,"minecraft:enchanted_book":2,"minecraft:golden_sword":1,"minecraft:amethyst_block":11,"minecraft:string":53,"minecraft:dark_oak_trapdoor":5,"minecraft:raw_copper":122,"minecraft:experience_bottle":1,"minecraft:zombie_head":1,"irons_spellbooks:arcane_essence":4,"minecraft:gold_nugget":306,"minecraft:cobbled_deepslate":55,"minecraft:bucket":1,"comforts:sleeping_bag_white":18,"minecraft:spruce_planks":60,"minecraft:rose_bush":30,"minecraft:calcite":9,"minecraft:iron_pickaxe":1,"minecraft:melon_slice":58,"iceandfire:dragonscales_red":7,"minecraft:furnace":16,"minecraft:stick":440,"minecraft:composter":9,"minecraft:big_dripleaf":2,"minecraft:oak_fence":3,"minecraft:torch":22,"minecraft:porkchop":25,"minecraft:pointed_dripstone":10,"minecraft:diorite":28,"minecraft:light_gray_bed":3,"minecraft:rotten_flesh":32,"farmersdelight:onion":13,"create:ochrum":1,"iceandfire:fire_dragon_heart":1,"supplementaries:ash":19,"minecraft:obsidian":20,"minecraft:cod":2,"minecraft:cobblestone":445,"minecraft:feather":9,"farmersdelight:rice":3,"minecraft:iron_door":1,"minecraft:andesite":80,"minecraft:potato":2,"map_atlases:atlas":1,"paraglider:spirit_orb":28,"minecraft:flint":1,"minecraft:tuff":5,"create:raw_zinc":71,"supplementaries:flax_seeds":2,"minecraft:map":1,"minecraft:lapis_lazuli":193,"minecraft:dirt":42,"minecraft:lantern":1,"minecraft:name_tag":2,"minecraft:bone":32,"minecraft:bow":1,"minecraft:wheat_seeds":16,"minecraft:raw_gold":83,"minecraft:mossy_stone_bricks":1,"minecraft:fletching_table":51,"minecraft:bamboo":10,"minecraft:oak_planks":24,"minecraft:cooked_porkchop":8,"iceandfire:dragon_skull_fire":1,"iceandfire:stymphalian_bird_feather":4,"wandering_bags:emerald_of_renegade":1,"minecraft:dark_oak_log":12,"minecraft:barrel":2,"alexsmobs:bison_carpet":1,"minecraft:diamond":17,"minecraft:spruce_boat":1,"minecraft:granite":18,"minecraft:bone_meal":5,"minecraft:spruce_button":64,"minecraft:emerald":19,"minecraft:bread":5,"minecraft:oak_sapling":2,"iceandfire:raw_silver":2,"minecraft:charcoal":2,"minecraft:crafting_table":10,"create_new_age:thorium":82,"minecraft:allium":28,"minecraft:chicken":7,"minecraft:ladder":4,"doggytalents:rice_wheat":45,"gravestone:obituary":1,"minecraft:shield":1,"doggytalents:rice_mill":3,"minecraft:iron_axe":1,"minecraft:flint_and_steel":1,"minecraft:cyan_carpet":1,"minecraft:beef":34,"minecraft:player_head":1,"minecraft:sugar_cane":35,"supplementaries:rope":8,"minecraft:spruce_trapdoor":5,"minecraft:egg":1,"minecraft:raw_iron":71,"iceandfire:dragonbone":9,"minecraft:raw_gold_block":2,"minecraft:copper_ingot":3,"minecraft:bowl":1,"minecraft:note_block":9,"sophisticatedbackpacks:backpack":1,"minecraft:redstone":152,"minecraft:dark_oak_planks":28,"minecraft:arrow":22,"minecraft:shears":1,"minecraft:hay_block":41,"alexscaves:spelunkery_table":1,"minecraft:saddle":1,"minecraft:gold_ingot":2,"minecraft:mutton":8,"minecraft:bone_block":21,"minecraft:white_wool":6,"minecraft:stripped_oak_log":9,"iceandfire:sea_serpent_fang":7,"wandering_bags:pillager_bag":1,"minecraft:salmon":5,"minecraft:leather":12,"minecraft:filled_map":2,"doggytalents:rice_grains":10,"minecraft:oak_log":24,"minecraft:yellow_bed":9,"minecraft:gunpowder":49,"minecraft:white_banner":1,"minecraft:kelp":92,"minecraft:rabbit_hide":22,"minecraft:iron_ingot":22,"minecraft:cooked_chicken":7,"minecraft:cobweb":10,"minecraft:iron_sword":5,"iceandfire:sea_serpent_scales_deepblue":6,"iceandfire:fire_dragon_flesh":7,"minecraft:book":81,"minecraft:oak_slab":1,"iceandfire:copper_nugget":1,"minecraft:smooth_basalt":8,"minecraft:dark_oak_slab":2,"minecraft:pumpkin":9,"minecraft:dandelion":4,"minecraft:gravel":14,"minecraft:amethyst_shard":4,"minecraft:spruce_sapling":324,"minecraft:blast_furnace":3,"minecraft:white_bed":7,"minecraft:spruce_log":2410,"minecraft:spider_eye":8,"minecraft:music_disc_mall":1,"minecraft:slime_ball":4,"wandering_bags:witch_bag":1,"minecraft:painting":3,"minecraft:gray_wool":228,"minecraft:dark_oak_wood":3,"minecraft:coal":368},"minecraft:dropped":{"minecraft:iron_sword":14,"minecraft:diamond_axe":2,"minecraft:glass_bottle":2,"minecraft:cooked_porkchop":2,"artifacts:cloud_in_a_bottle":1,"map_atlases:atlas":1,"farmersdelight:rice":3,"minecraft:emerald":4,"minecraft:dark_oak_log":12,"minecraft:dark_oak_trapdoor":5,"gravestone:obituary":4,"minecraft:bone_meal":5,"minecraft:iron_pickaxe":6,"minecraft:dark_oak_planks":15,"minecraft:white_wool":2,"minecraft:bone":2,"minecraft:gravel":4,"minecraft:cooked_chicken":8,"minecraft:cobbled_deepslate":2,"minecraft:rotten_flesh":30,"minecraft:glowstone_dust":2,"minecraft:white_bed":5,"minecraft:rabbit_hide":2,"supplementaries:flax_seeds":2,"supplementaries:ash":17,"doggytalents:rice_grains":8,"comforts:sleeping_bag_white":1,"minecraft:arrow":5,"minecraft:beef":2,"minecraft:enchanted_book":2,"minecraft:iron_ingot":4,"minecraft:bread":65,"minecraft:wheat_seeds":16,"minecraft:diamond_leggings":1,"minecraft:iron_helmet":2,"minecraft:oak_fence":2,"minecraft:book":1,"minecraft:spruce_button":128,"minecraft:copper_ingot":3,"minecraft:coal":1,"minecraft:stick":142,"wandering_bags:emerald_of_renegade":1,"doggytalents:uncooked_rice":3,"minecraft:torch":66,"minecraft:wooden_axe":1,"minecraft:map":1,"doggytalents:koji":15,"minecraft:iron_axe":3,"minecraft:string":2,"minecraft:spruce_sapling":183,"minecraft:dandelion":2,"minecraft:bowl":4,"minecraft:composter":2,"minecraft:raw_iron":7,"minecraft:experience_bottle":1,"minecraft:sculk_sensor":2,"minecraft:iron_boots":1,"minecraft:iron_hoe":1,"minecraft:stone_slab":5,"minecraft:shears":1,"minecraft:flint_and_steel":1,"minecraft:suspicious_stew":14,"minecraft:filled_map":3,"minecraft:potato":2,"minecraft:cobblestone_slab":5,"minecraft:shield":16,"minecraft:spruce_trapdoor":1,"minecraft:spruce_planks":11,"minecraft:iron_chestplate":2,"minecraft:yellow_bed":4,"iceandfire:silver_ingot":2,"minecraft:oak_sapling":2,"minecraft:spider_eye":6,"minecraft:spruce_log":128,"minecraft:slime_ball":1,"minecraft:stone_pickaxe":8,"minecraft:calcite":9},"minecraft:custom":{"minecraft:interact_with_crafting_table":92,"minecraft:open_barrel":104,"goblintraders:trade_with_goblin":2,"minecraft:bell_ring":59,"minecraft:leave_game":15,"minecraft:time_since_death":469036,"minecraft:sprint_one_cm":1223400,"minecraft:damage_blocked_by_shield":1790,"minecraft:drop":233,"minecraft:play_noteblock":9,"minecraft:talked_to_villager":234,"minecraft:play_time":591018,"minecraft:deaths":3,"minecraft:jump":8754,"minecraft:walk_on_water_one_cm":84844,"minecraft:interact_with_furnace":168,"minecraft:traded_with_villager":743,"minecraft:interact_with_cartography_table":3,"minecraft:interact_with_loom":2,"minecraft:sleep_in_bed":29,"minecraft:waystone_activated":4,"minecraft:damage_dealt":27289,"minecraft:crouch_one_cm":333315,"minecraft:interact_with_smoker":7,"minecraft:interact_with_smithing_table":1,"minecraft:interact_with_anvil":19,"minecraft:mob_kills":163,"minecraft:damage_dealt_resisted":6,"minecraft:climb_one_cm":47378,"minecraft:walk_one_cm":1233604,"minecraft:damage_dealt_absorbed":6,"minecraft:sneak_time":94712,"minecraft:walk_under_water_one_cm":64311,"minecraft:total_world_time":591018,"minecraft:tune_noteblock":2,"minecraft:time_since_rest":12026,"minecraft:damage_absorbed":80,"minecraft:damage_taken":5125,"minecraft:trigger_trapped_chest":3,"minecraft:swim_one_cm":199241,"minecraft:fly_one_cm":1474513,"minecraft:open_chest":104,"minecraft:fall_one_cm":203736},"minecraft:killed":{"minecraft:cave_spider":12,"minecraft:witch":1,"minecraft:spider":5,"iceandfire:stymphalian_bird":1,"minecraft:skeleton":17,"minecraft:chicken":7,"minecraft:silverfish":1,"alexsmobs:centipede_head":1,"minecraft:pig":12,"quark:stoneling":1,"minecraft:zombie_villager":2,"minecraft:salmon":7,"irons_spellbooks:necromancer":2,"minecraft:creeper":3,"minecraft:sheep":5,"minecraft:pillager":6,"minecraft:goat":1,"minecraft:zombie":19,"alexsmobs:terrapin":1,"iceandfire:sea_serpent":1,"minecraft:cow":18,"mowziesmobs:naga":1,"irons_spellbooks:summoned_zombie":1,"minecraft:vindicator":20,"alexsmobs:seagull":2,"minecraft:slime":3,"iceandfire:fire_dragon":1,"minecraft:drowned":7,"minecraft:bat":1,"creeperoverhaul:ocean_creeper":1},"minecraft:mined":{"create:deepslate_zinc_ore":46,"minecraft:spruce_planks":8,"minecraft:white_bed":4,"minecraft:sculk_vein":20,"minecraft:granite":17,"minecraft:obsidian":20,"minecraft:spruce_trapdoor":5,"minecraft:grass_block":23,"minecraft:light_gray_bed":3,"minecraft:composter":9,"minecraft:spawner":15,"minecraft:sculk_catalyst":5,"farmersdelight:wild_rice":3,"minecraft:iron_ore":53,"minecraft:barrel":1,"minecraft:cobbled_deepslate":2,"minecraft:fire":89,"minecraft:pumpkin":9,"minecraft:deepslate_lapis_ore":7,"minecraft:fletching_table":51,"minecraft:sculk_shrieker":5,"iceandfire:gold_pile":30,"biomesoplenty:webbing":1,"alexsmobs:bison_carpet":1,"minecraft:deepslate_redstone_ore":16,"minecraft:amethyst_cluster":3,"minecraft:kelp_plant":14,"minecraft:torch":1,"minecraft:note_block":9,"minecraft:blast_furnace":3,"minecraft:calcite":9,"minecraft:melon":14,"minecraft:cobblestone":124,"minecraft:white_candle":1,"minecraft:oak_planks":23,"minecraft:sugar_cane":21,"minecraft:iron_door":1,"minecraft:wall_torch":3,"minecraft:amethyst_block":11,"minecraft:grass":66,"biomesoplenty:clover":1,"minecraft:oak_log":23,"minecraft:dirt":22,"minecraft:smooth_basalt":8,"minecraft:diamond_ore":14,"minecraft:oak_leaves":31,"minecraft:deepslate":68,"create:zinc_ore":25,"alexscaves:spelunkery_table":1,"minecraft:tuff":6,"iceandfire:silver_ore":2,"minecraft:deepslate_diamond_ore":3,"gravestone:gravestone":3,"biomesoplenty:bush":3,"minecraft:allium":1,"create_new_age:thorium_ore":22,"create:ochrum":1,"minecraft:spruce_leaves":99,"minecraft:kelp":3,"minecraft:hay_block":42,"farmersdelight:wild_onions":13,"supplementaries:rope":8,"minecraft:redstone_ore":18,"minecraft:spruce_sapling":6,"minecraft:furnace":16,"minecraft:raw_gold_block":2,"minecraft:andesite":81,"minecraft:big_dripleaf_stem":1,"minecraft:bookshelf":27,"biomesoplenty:high_grass":8,"minecraft:deepslate_iron_ore":7,"minecraft:vine":4,"minecraft:stripped_oak_log":9,"minecraft:packed_ice":1,"minecraft:bamboo":1,"biomesoplenty:spider_egg":1,"minecraft:stone":333,"minecraft:smithing_table":4,"doggytalents:rice_crop":4,"minecraft:oak_slab":1,"minecraft:dandelion":3,"minecraft:oak_fence":3,"minecraft:crafting_table":10,"doggytalents:rice_mill":3,"minecraft:rose_bush":30,"minecraft:sculk_sensor":27,"biomesoplenty:high_grass_plant":14,"minecraft:copper_ore":30,"minecraft:tall_grass":16,"minecraft:lapis_ore":22,"minecraft:deepslate_gold_ore":75,"minecraft:diorite":28,"minecraft:sculk":282,"supplementaries:urn":16,"minecraft:gray_wool":230,"minecraft:spruce_log":2153,"minecraft:birch_leaves":1,"minecraft:yellow_bed":7,"minecraft:coal_ore":159,"alexsmobs:bison_fur_block":2,"minecraft:gravel":9,"minecraft:cobweb":36,"minecraft:gold_ore":8,"minecraft:fern":1}},"DataVersion":3465}