{"stats":{"minecraft:mined":{"minecraft:grass":26,"minecraft:grass_block":2,"minecraft:tall_grass":1},"minecraft:picked_up":{"minecraft:music_disc_mall":1,"minecraft:music_disc_blocks":1,"minecraft:music_disc_13":1,"minecraft:wheat_seeds":3,"minecraft:music_disc_otherside":4,"minecraft:music_disc_far":1,"minecraft:music_disc_11":1,"minecraft:music_disc_pigstep":1,"minecraft:music_disc_cat":1,"minecraft:dirt":2,"minecraft:music_disc_chirp":1},"minecraft:used":{"minecraft:music_disc_relic":1,"minecraft:music_disc_far":1,"minecraft:dirt":2,"minecraft:music_disc_otherside":5,"minecraft:music_disc_cat":1,"minecraft:music_disc_pigstep":1,"minecraft:music_disc_mall":1,"minecraft:spawner":1,"minecraft:music_disc_chirp":1,"minecraft:music_disc_5":1,"minecraft:music_disc_11":1,"minecraft:music_disc_13":1,"minecraft:music_disc_blocks":1,"minecraft:jukebox":1,"minecraft:parrot_spawn_egg":25},"minecraft:custom":{"minecraft:time_since_rest":8758,"minecraft:crouch_one_cm":41,"minecraft:play_time":8758,"minecraft:sprint_one_cm":20892,"minecraft:walk_one_cm":15061,"minecraft:sneak_time":52,"minecraft:jump":115,"minecraft:damage_dealt":35,"minecraft:leave_game":1,"minecraft:play_record":15,"minecraft:time_since_death":8758,"minecraft:total_world_time":8758,"minecraft:fall_one_cm":2682,"minecraft:fly_one_cm":64739}},"DataVersion":3465}