{"stats":{"minecraft:used":{"minecraft:dirt":2,"minecraft:crafting_table":1,"alexsmobs:animal_dictionary":1,"minecraft:wooden_pickaxe":58},"minecraft:crafted":{"minecraft:birch_planks":48,"minecraft:crafting_table":1,"minecraft:stick":4,"minecraft:wooden_pickaxe":1},"minecraft:picked_up":{"minecraft:birch_log":12,"minecraft:crafting_table":1,"create_new_age:thorium":2,"minecraft:diorite":18,"minecraft:dirt":5,"minecraft:cobblestone":38},"minecraft:custom":{"minecraft:time_since_rest":10924,"minecraft:play_time":10924,"minecraft:crouch_one_cm":335,"minecraft:sprint_one_cm":17106,"minecraft:damage_taken":80,"minecraft:walk_one_cm":19802,"minecraft:sneak_time":234,"minecraft:jump":142,"minecraft:leave_game":1,"minecraft:time_since_death":10924,"minecraft:total_world_time":10924,"minecraft:climb_one_cm":1332,"minecraft:interact_with_crafting_table":1,"minecraft:fall_one_cm":5418,"minecraft:fly_one_cm":21259},"minecraft:mined":{"minecraft:grass_block":1,"create_new_age:thorium_ore":1,"minecraft:dirt":4,"minecraft:birch_log":12,"minecraft:stone":39,"minecraft:birch_leaves":2,"minecraft:diorite":18,"minecraft:crafting_table":1}},"DataVersion":3465}