{"stats":{"minecraft:mined":{"minecraft:grass":2,"biomesoplenty:dead_log":2,"minecraft:oak_log":1,"supplementaries:wild_flax":3,"minecraft:fern":6},"minecraft:picked_up":{"biomesoplenty:dead_log":2,"map_atlases:atlas":4,"minecraft:oak_log":1,"supplementaries:flax_seeds":2},"minecraft:dropped":{"map_atlases:atlas":3},"minecraft:custom":{"minecraft:time_since_rest":168,"minecraft:deaths":2,"minecraft:crouch_one_cm":341,"minecraft:sprint_one_cm":26451,"minecraft:play_time":12607,"minecraft:damage_taken":590,"minecraft:walk_one_cm":41842,"minecraft:sneak_time":269,"minecraft:walk_under_water_one_cm":3720,"minecraft:drop":3,"minecraft:jump":216,"minecraft:damage_dealt":40,"minecraft:walk_on_water_one_cm":3017,"minecraft:leave_game":2,"minecraft:time_since_death":105,"minecraft:total_world_time":12607,"minecraft:fly_one_cm":54771,"minecraft:fall_one_cm":6331},"minecraft:used":{"alexsmobs:animal_dictionary":2},"minecraft:killed_by":{"alexsmobs:cachalot_whale":1,"minecraft:player":1},"minecraft:crafted":{"biomesoplenty:dead_planks":8,"minecraft:oak_planks":4,"minecraft:crafting_table":1,"minecraft:stick":4}},"DataVersion":3465}