{"stats":{"minecraft:used":{"minecraft:dirt":2,"minecraft:crafting_table":1,"minecraft:wooden_pickaxe":58},"minecraft:crafted":{"minecraft:birch_planks":48,"minecraft:crafting_table":1,"minecraft:stick":4,"minecraft:wooden_pickaxe":1},"minecraft:picked_up":{"minecraft:birch_log":12,"minecraft:crafting_table":1,"create_new_age:thorium":2,"minecraft:diorite":18,"minecraft:dirt":3,"minecraft:cobblestone":38},"minecraft:custom":{"minecraft:time_since_rest":10015,"minecraft:crouch_one_cm":335,"minecraft:play_time":10015,"minecraft:sprint_one_cm":12199,"minecraft:damage_taken":80,"minecraft:walk_one_cm":17695,"minecraft:sneak_time":234,"minecraft:jump":108,"minecraft:leave_game":1,"minecraft:time_since_death":10015,"minecraft:total_world_time":10015,"minecraft:climb_one_cm":1332,"minecraft:interact_with_crafting_table":1,"minecraft:fall_one_cm":4578,"minecraft:fly_one_cm":16265},"minecraft:mined":{"minecraft:grass_block":1,"create_new_age:thorium_ore":1,"minecraft:dirt":2,"minecraft:birch_log":12,"minecraft:stone":39,"minecraft:birch_leaves":2,"minecraft:diorite":18,"minecraft:crafting_table":1}},"DataVersion":3465}