{"stats":{"minecraft:used":{"minecraft:diorite":18,"minecraft:stone_sword":16,"minecraft:birch_planks":2,"minecraft:stone_pickaxe":59,"minecraft:wooden_pickaxe":58,"minecraft:basalt":1,"minecraft:torch":5,"minecraft:dirt":5,"minecraft:cobblestone":23,"minecraft:crafting_table":2,"alexsmobs:animal_dictionary":1,"minecraft:cooked_beef":6},"minecraft:crafted":{"minecraft:crafting_table":1,"minecraft:stick":8,"minecraft:wooden_pickaxe":1,"minecraft:stone_pickaxe":1,"minecraft:stone_sword":1,"minecraft:torch":4,"minecraft:birch_planks":48,"minecraft:stone_axe":1},"minecraft:picked_up":{"minecraft:birch_log":12,"minecraft:raw_iron":4,"minecraft:crafting_table":1,"create_new_age:thorium":2,"minecraft:basalt":1,"minecraft:chicken":1,"minecraft:torch":2,"minecraft:diorite":18,"minecraft:dirt":5,"irons_spellbooks:arcane_essence":4,"minecraft:mutton":2,"minecraft:coal":46,"minecraft:andesite_slab":1,"minecraft:white_wool":2,"minecraft:cobblestone":43,"minecraft:egg":1},"minecraft:custom":{"minecraft:time_since_rest":22924,"minecraft:sprint_one_cm":49745,"minecraft:damage_taken":456,"minecraft:walk_one_cm":53634,"minecraft:mob_kills":4,"minecraft:damage_dealt":648,"minecraft:interact_with_crafting_table":4,"minecraft:fly_one_cm":50340,"minecraft:open_barrel":2,"minecraft:crouch_one_cm":2313,"minecraft:play_time":22924,"minecraft:sneak_time":650,"minecraft:jump":355,"minecraft:leave_game":1,"minecraft:time_since_death":22924,"minecraft:climb_one_cm":1344,"minecraft:total_world_time":22924,"minecraft:fall_one_cm":11725},"minecraft:killed":{"minecraft:sheep":2,"minecraft:chicken":1,"irons_spellbooks:necromancer":1},"minecraft:mined":{"minecraft:iron_ore":4,"minecraft:birch_log":12,"minecraft:basalt":1,"minecraft:birch_leaves":2,"minecraft:torch":1,"minecraft:crafting_table":1,"minecraft:grass_block":1,"minecraft:coal_ore":46,"minecraft:andesite_slab":1,"create_new_age:thorium_ore":1,"minecraft:dirt":4,"minecraft:stone":44,"minecraft:diorite":18,"minecraft:wall_torch":1}},"DataVersion":3465}