{"stats":{"minecraft:used":{"minecraft:sand":3,"minecraft:crafting_table":1,"minecraft:stone_pickaxe":6,"minecraft:carrot":6,"minecraft:wooden_pickaxe":5},"minecraft:crafted":{"minecraft:oak_planks":24,"minecraft:crafting_table":1,"minecraft:stick":4,"minecraft:stone_pickaxe":1,"minecraft:wooden_pickaxe":1},"minecraft:picked_up":{"minecraft:raw_copper":20,"minecraft:crafting_table":1,"minecraft:oak_log":6,"minecraft:carrot":3,"minecraft:dirt":1,"minecraft:cobblestone":5},"minecraft:custom":{"minecraft:time_since_rest":5234,"minecraft:crouch_one_cm":485,"minecraft:play_time":5234,"minecraft:sprint_one_cm":11475,"minecraft:damage_taken":100,"minecraft:walk_one_cm":22635,"minecraft:sneak_time":122,"minecraft:walk_under_water_one_cm":46,"minecraft:jump":91,"minecraft:damage_dealt":10,"minecraft:walk_on_water_one_cm":1731,"minecraft:time_since_death":5234,"minecraft:total_world_time":5234,"minecraft:interact_with_crafting_table":2,"minecraft:fall_one_cm":2719,"minecraft:fly_one_cm":12323},"minecraft:mined":{"minecraft:grass":2,"minecraft:grass_block":1,"minecraft:oak_log":6,"minecraft:copper_ore":6,"farmersdelight:wild_carrots":3,"minecraft:stone":5,"minecraft:crafting_table":1}},"DataVersion":3465}