{"stats":{"minecraft:broken":{"minecraft:stone_axe":1},"minecraft:killed_by":{"minecraft:husk":1,"minecraft:vindicator":1,"iceandfire:fire_dragon":1},"minecraft:used":{"minecraft:shield":39,"minecraft:iron_sword":114,"minecraft:cooked_chicken":2,"minecraft:dirt":6,"minecraft:carrot":10,"minecraft:dark_oak_planks":18,"alexsmobs:bison_carpet":1,"minecraft:beef":10,"minecraft:furnace":2,"comforts:sleeping_bag_white":13,"minecraft:egg":4,"minecraft:cooked_beef":4,"minecraft:cooked_mutton":5,"minecraft:stone_pickaxe":91,"minecraft:oak_planks":12,"minecraft:wooden_pickaxe":27,"minecraft:white_wool":1,"minecraft:sand":5,"minecraft:crafting_table":7,"minecraft:crossbow":9,"sophisticatedbackpacks:backpack":1,"alexscaves:rusty_scrap_metal_plate":1,"minecraft:bread":19,"farmersdelight:ham":1,"minecraft:stone_axe":86,"minecraft:potion":1,"minecraft:cooked_porkchop":12,"minecraft:white_banner":2,"minecraft:porkchop":5,"minecraft:oak_boat":2,"minecraft:experience_bottle":2},"minecraft:crafted":{"minecraft:oak_planks":48,"comforts:sleeping_bag_white":1,"minecraft:cooked_chicken":4,"minecraft:furnace":1,"minecraft:cooked_mutton":4,"sophisticatedbackpacks:copper_backpack":1,"minecraft:leather":9,"minecraft:stone_pickaxe":1,"minecraft:dark_oak_planks":44,"sophisticatedbackpacks:iron_backpack":1,"sophisticatedbackpacks:backpack":1,"minecraft:cooked_porkchop":7,"minecraft:crafting_table":2,"minecraft:wooden_pickaxe":1,"minecraft:iron_sword":1,"minecraft:copper_ingot":8,"minecraft:stone_axe":2,"minecraft:enchanted_book":3,"minecraft:bread":7,"minecraft:air":0,"minecraft:oak_boat":1,"minecraft:shield":1,"minecraft:stick":12,"quark:oak_chest":1,"minecraft:iron_ingot":4,"farmersdelight:cooked_bacon":5},"minecraft:picked_up":{"minecraft:crafting_table":6,"alexscaves:waste_drum":8,"alexscaves:radgill":4,"minecraft:chicken":4,"alexsmobs:froststalker_horn":1,"minecraft:shield":2,"minecraft:raw_copper":20,"quark:bonded_leather":1,"minecraft:smooth_stone":2,"comforts:sleeping_bag_white":14,"minecraft:beef":15,"minecraft:oak_boat":1,"supplementaries:cage":1,"irons_spellbooks:inscription_table":2,"minecraft:egg":5,"minecraft:furnace":2,"minecraft:stick":2,"minecraft:raw_iron":7,"sophisticatedbackpacks:backpack":2,"minecraft:porkchop":9,"minecraft:carrot":7,"minecraft:arrow":11,"minecraft:rotten_flesh":9,"artifacts:villager_hat":1,"supplementaries:ash":1,"create:veridium":6,"minecraft:saddle":1,"minecraft:mutton":5,"minecraft:white_wool":4,"minecraft:cobblestone":31,"biomesoplenty:lavender":10,"minecraft:cooked_beef":4,"minecraft:feather":6,"iceandfire:sea_serpent_fang":5,"alexscaves:sulfur_dust":5,"wandering_bags:pillager_bag":1,"minecraft:leather":15,"doggytalents:rice_grains":3,"minecraft:oak_log":18,"minecraft:map":1,"minecraft:dirt":6,"minecraft:paper":1,"minecraft:white_banner":4,"minecraft:cooked_mutton":1,"minecraft:bone":4,"minecraft:kelp":2,"quark:dark_oak_trapped_chest":1,"minecraft:bow":2,"minecraft:wheat_seeds":3,"alexscaves:radrock":2,"minecraft:iron_sword":2,"alexscaves:rusty_scrap_metal_plate":3,"minecraft:book":2,"minecraft:smooth_basalt":2,"minecraft:cooked_porkchop":5,"iceandfire:sea_serpent_scales_green":6,"minecraft:dark_oak_log":6,"alexsmobs:bison_carpet":1,"minecraft:stone_axe":1,"minecraft:writable_book":2,"minecraft:crossbow":4,"minecraft:coal":62,"iceandfire:raw_silver":5},"minecraft:dropped":{"minecraft:iron_sword":2,"minecraft:wheat_seeds":3,"minecraft:crossbow":2,"biomesoplenty:lavender":10,"minecraft:cod":1,"minecraft:stick":5,"minecraft:dark_oak_log":3,"gravestone:obituary":1,"minecraft:writable_book":1,"minecraft:white_banner":1,"minecraft:dark_oak_planks":4,"minecraft:stone_axe":1,"minecraft:kelp":2,"alexscaves:waste_drum":8,"minecraft:wheat":1,"minecraft:rotten_flesh":2,"alexscaves:rusty_scrap_metal_plate":2,"alexscaves:radgill":3,"supplementaries:ash":2,"minecraft:shield":1,"doggytalents:rice_grains":3,"comforts:sleeping_bag_white":1,"minecraft:bow":2,"minecraft:egg":1},"minecraft:custom":{"minecraft:mob_kills":57,"minecraft:interact_with_crafting_table":20,"minecraft:open_barrel":1,"minecraft:time_since_death":1931,"minecraft:climb_one_cm":8796,"minecraft:sprint_one_cm":301116,"minecraft:walk_one_cm":414995,"minecraft:damage_blocked_by_shield":610,"minecraft:drop":37,"minecraft:damage_dealt_absorbed":120,"minecraft:talked_to_villager":15,"minecraft:raid_win":1,"minecraft:play_time":143234,"minecraft:deaths":3,"minecraft:sneak_time":5161,"minecraft:walk_under_water_one_cm":39052,"minecraft:jump":3564,"minecraft:walk_on_water_one_cm":19928,"minecraft:total_world_time":143234,"minecraft:interact_with_furnace":25,"minecraft:traded_with_villager":3,"minecraft:interact_with_cartography_table":1,"minecraft:raid_trigger":1,"minecraft:sleep_in_bed":13,"minecraft:time_since_rest":2001,"minecraft:waystone_activated":1,"minecraft:damage_taken":3555,"minecraft:trigger_trapped_chest":4,"minecraft:damage_dealt":7882,"minecraft:swim_one_cm":66343,"minecraft:fly_one_cm":643771,"minecraft:open_chest":37,"minecraft:crouch_one_cm":13372,"minecraft:fall_one_cm":120126},"minecraft:killed":{"alexsmobs:raccoon":1,"minecraft:vindicator":1,"alexsmobs:tasmanian_devil":1,"alexsmobs:froststalker":1,"minecraft:skeleton":2,"minecraft:chicken":4,"minecraft:husk":1,"minecraft:pig":8,"alexscaves:gammaroach":1,"minecraft:sheep":4,"minecraft:pillager":9,"minecraft:zombie":5,"iceandfire:sea_serpent":1,"minecraft:cow":12},"minecraft:mined":{"alexscaves:acidic_radrock":1,"iceandfire:silver_ore":5,"minecraft:mossy_cobblestone":3,"alexscaves:radrock":2,"farmersdelight:wild_carrots":7,"gravestone:gravestone":2,"minecraft:grass_block":5,"alexscaves:sulfur":2,"minecraft:spruce_leaves":10,"minecraft:kelp":1,"minecraft:smooth_stone":4,"minecraft:tall_seagrass":3,"quark:bonded_leather":1,"minecraft:furnace":2,"minecraft:iron_ore":7,"biomesoplenty:lavender":4,"biomesoplenty:webbing":1,"minecraft:iron_bars":2,"alexscaves:rusty_scrap_metal_plate":1,"biomesoplenty:spider_egg":1,"minecraft:stone":31,"irons_spellbooks:inscription_table":2,"minecraft:white_banner":1,"create:veridium":6,"sophisticatedbackpacks:backpack":1,"biomesoplenty:jacaranda_leaves":7,"minecraft:kelp_plant":2,"quark:iron_pillar":1,"minecraft:powder_snow":3,"minecraft:crafting_table":6,"minecraft:tall_grass":2,"minecraft:copper_ore":6,"supplementaries:cage":1,"quark:dark_oak_trapped_chest":1,"alexscaves:waste_drum":4,"minecraft:grass":22,"minecraft:oak_log":12,"minecraft:coal_ore":26,"alexsmobs:bison_fur_block":3,"biomesoplenty:stringy_cobweb":2,"minecraft:dirt":3,"minecraft:smooth_basalt":2,"minecraft:oak_leaves":9}},"DataVersion":3465}