{"stats":{"minecraft:broken":{"minecraft:stone_axe":1},"minecraft:used":{"minecraft:cooked_mutton":2,"minecraft:stone_pickaxe":44,"minecraft:wooden_pickaxe":21,"minecraft:iron_sword":24,"minecraft:cooked_chicken":1,"minecraft:dirt":2,"minecraft:sand":5,"minecraft:crafting_table":4,"minecraft:carrot":6,"minecraft:stone_axe":80,"minecraft:beef":10,"minecraft:porkchop":2,"minecraft:furnace":1,"minecraft:white_banner":1,"minecraft:cooked_porkchop":4,"comforts:sleeping_bag_white":3,"minecraft:experience_bottle":1},"minecraft:crafted":{"minecraft:oak_planks":24,"minecraft:cooked_porkchop":7,"minecraft:crafting_table":2,"comforts:sleeping_bag_white":1,"minecraft:wooden_pickaxe":1,"minecraft:cooked_chicken":4,"minecraft:iron_sword":1,"minecraft:furnace":1,"minecraft:stone_axe":2,"minecraft:cooked_mutton":4,"minecraft:air":0,"minecraft:stick":12,"quark:oak_chest":1,"minecraft:stone_pickaxe":1,"minecraft:dark_oak_planks":8},"minecraft:picked_up":{"biomesoplenty:lavender":10,"minecraft:crafting_table":3,"minecraft:feather":6,"minecraft:chicken":4,"minecraft:leather":8,"doggytalents:rice_grains":2,"minecraft:oak_log":12,"minecraft:dirt":2,"minecraft:white_banner":1,"minecraft:raw_copper":20,"minecraft:cooked_mutton":1,"minecraft:bone":2,"minecraft:wheat_seeds":2,"comforts:sleeping_bag_white":3,"minecraft:beef":10,"minecraft:furnace":1,"minecraft:egg":2,"minecraft:stick":1,"minecraft:smooth_basalt":2,"minecraft:porkchop":9,"minecraft:carrot":7,"minecraft:arrow":5,"minecraft:rotten_flesh":4,"minecraft:crossbow":2,"create:veridium":6,"minecraft:mutton":5,"minecraft:coal":43,"iceandfire:raw_silver":4,"minecraft:white_wool":4,"minecraft:cobblestone":17},"minecraft:dropped":{"minecraft:wheat_seeds":2,"biomesoplenty:lavender":10,"minecraft:stick":1,"doggytalents:rice_grains":2},"minecraft:custom":{"minecraft:interact_with_furnace":15,"minecraft:mob_kills":33,"minecraft:interact_with_crafting_table":10,"minecraft:time_since_death":29234,"minecraft:sleep_in_bed":3,"minecraft:climb_one_cm":0,"minecraft:time_since_rest":9872,"minecraft:sprint_one_cm":64950,"minecraft:damage_taken":965,"minecraft:walk_one_cm":119973,"minecraft:trigger_trapped_chest":2,"minecraft:drop":7,"minecraft:damage_dealt":4779,"minecraft:damage_dealt_absorbed":120,"minecraft:swim_one_cm":5548,"minecraft:fly_one_cm":139414,"minecraft:crouch_one_cm":1880,"minecraft:play_time":29234,"minecraft:sneak_time":679,"minecraft:walk_under_water_one_cm":11405,"minecraft:jump":817,"minecraft:walk_on_water_one_cm":4101,"minecraft:total_world_time":29234,"minecraft:fall_one_cm":26008},"minecraft:killed":{"minecraft:pig":6,"minecraft:vindicator":1,"minecraft:sheep":4,"minecraft:skeleton":1,"minecraft:pillager":8,"minecraft:zombie":3,"minecraft:chicken":4,"minecraft:cow":6},"minecraft:mined":{"biomesoplenty:jacaranda_leaves":1,"iceandfire:silver_ore":4,"farmersdelight:wild_carrots":7,"minecraft:crafting_table":3,"minecraft:grass_block":1,"minecraft:copper_ore":6,"minecraft:tall_grass":2,"minecraft:furnace":1,"biomesoplenty:lavender":4,"minecraft:grass":13,"minecraft:coal_ore":23,"minecraft:oak_log":12,"alexsmobs:bison_fur_block":3,"minecraft:dirt":3,"minecraft:smooth_basalt":2,"minecraft:white_banner":1,"minecraft:stone":17,"create:veridium":6,"minecraft:oak_leaves":1}},"DataVersion":3465}