{"stats":{"minecraft:broken":{"minecraft:leather_helmet":1,"minecraft:stone_pickaxe":1,"minecraft:stone_axe":1},"minecraft:killed_by":{"minecraft:husk":1,"minecraft:vindicator":1,"iceandfire:fire_dragon":4},"minecraft:used":{"sophisticatedbackpacks:iron_backpack":1,"quark:crab_leg":8,"minecraft:shield":49,"minecraft:iron_sword":245,"minecraft:creeper_head":1,"minecraft:cooked_chicken":2,"minecraft:dirt":11,"minecraft:carrot":10,"minecraft:cod_bucket":1,"minecraft:furnace_minecart":1,"minecraft:dark_oak_planks":31,"alexsmobs:bison_carpet":1,"minecraft:iron_helmet":1,"minecraft:barrel":1,"minecraft:golden_carrot":1,"minecraft:beef":10,"minecraft:minecart":2,"supplementaries:ash":3,"minecraft:furnace":5,"biomesoplenty:wilted_lily":1,"minecraft:cooked_beef":7,"minecraft:egg":4,"comforts:sleeping_bag_white":15,"minecraft:cobbled_deepslate":4,"minecraft:diorite":2,"minecraft:cooked_mutton":5,"minecraft:water_bucket":5,"minecraft:stone_pickaxe":238,"minecraft:oak_planks":30,"minecraft:wooden_pickaxe":40,"iceandfire:crackled_stone":6,"minecraft:white_wool":1,"minecraft:golden_apple":1,"minecraft:rail":4,"minecraft:sand":5,"minecraft:crafting_table":11,"minecraft:crossbow":43,"minecraft:white_bed":1,"sophisticatedbackpacks:backpack":1,"minecraft:apple":1,"alexscaves:slam":1,"alexscaves:rusty_scrap_metal_plate":1,"minecraft:bread":45,"minecraft:melon_slice":20,"minecraft:iron_pickaxe":82,"minecraft:deepslate":1,"farmersdelight:ham":1,"biomesoplenty:dried_salt":14,"minecraft:stone_axe":90,"iceandfire:crackled_cobblestone":5,"farmersdelight:cooked_bacon":2,"minecraft:cobblestone":27,"minecraft:potion":3,"minecraft:white_banner":2,"minecraft:porkchop":5,"minecraft:cooked_porkchop":12,"minecraft:andesite":1,"minecraft:bucket":6,"minecraft:chest_minecart":2,"minecraft:oak_boat":2,"minecraft:splash_potion":2,"minecraft:smooth_stone":2,"minecraft:experience_bottle":2},"minecraft:crafted":{"minecraft:oak_planks":80,"comforts:sleeping_bag_white":1,"minecraft:cooked_chicken":4,"minecraft:furnace":1,"minecraft:cooked_mutton":4,"sophisticatedbackpacks:copper_backpack":1,"minecraft:leather":9,"minecraft:stone_pickaxe":2,"minecraft:dark_oak_planks":44,"sophisticatedbackpacks:iron_backpack":1,"minecraft:cooked_beef":1,"sophisticatedbackpacks:backpack":1,"minecraft:cooked_porkchop":7,"minecraft:crafting_table":2,"minecraft:iron_helmet":1,"minecraft:wooden_pickaxe":2,"minecraft:iron_sword":1,"minecraft:copper_ingot":8,"sophisticatedbackpacks:gold_backpack":1,"minecraft:stone_axe":2,"minecraft:enchanted_book":3,"minecraft:bread":7,"minecraft:air":0,"minecraft:oak_boat":1,"minecraft:iron_chestplate":1,"minecraft:shield":1,"minecraft:stick":20,"minecraft:iron_pickaxe":1,"quark:oak_chest":1,"minecraft:iron_ingot":49,"minecraft:gold_ingot":4,"minecraft:iron_leggings":1,"farmersdelight:cooked_bacon":5},"minecraft:picked_up":{"minecraft:crafting_table":10,"alexscaves:waste_drum":8,"alexscaves:radgill":4,"minecraft:creeper_head":2,"minecraft:chicken":4,"minecraft:chest_minecart":2,"minecraft:smithing_table":1,"minecraft:wooden_pickaxe":1,"minecraft:enchanted_book":2,"minecraft:golden_shovel":1,"alexsmobs:froststalker_horn":1,"gravestone:obituary":1,"minecraft:shield":2,"supplementaries:jar":2,"minecraft:string":2,"minecraft:raw_copper":25,"minecraft:orange_concrete":1,"quark:bonded_leather":1,"minecraft:iron_shovel":1,"irons_spellbooks:arcane_essence":2,"minecraft:diamond_leggings":1,"minecraft:cobbled_deepslate":4,"minecraft:smooth_stone":2,"comforts:sleeping_bag_white":16,"minecraft:beef":15,"minecraft:oak_boat":1,"minecraft:minecart":2,"supplementaries:cage":1,"minecraft:melon_slice":20,"irons_spellbooks:inscription_table":2,"minecraft:furnace":5,"minecraft:egg":5,"iceandfire:dragonbone":7,"minecraft:stick":2,"minecraft:raw_iron":68,"biomesoplenty:wilted_lily":1,"sophisticatedbackpacks:backpack":2,"minecraft:porkchop":9,"minecraft:diorite":2,"minecraft:carrot":8,"minecraft:redstone":9,"minecraft:arrow":19,"minecraft:rotten_flesh":22,"artifacts:villager_hat":5,"iceandfire:fire_dragon_heart":1,"minecraft:saddle":1,"create:veridium":6,"supplementaries:ash":16,"minecraft:rail":4,"minecraft:mutton":5,"minecraft:furnace_minecart":1,"minecraft:cobblestone":155,"minecraft:white_wool":4,"paraglider:paraglider":1,"biomesoplenty:lavender":10,"quark:crab_leg":8,"minecraft:cooked_beef":8,"minecraft:feather":6,"iceandfire:sea_serpent_fang":5,"biomesoplenty:dried_salt":14,"alexscaves:sulfur_dust":14,"wandering_bags:pillager_bag":1,"minecraft:andesite":4,"minecraft:leather":15,"doggytalents:rice_grains":3,"create:raw_zinc":8,"minecraft:oak_log":20,"supplementaries:flax_seeds":1,"minecraft:lapis_lazuli":43,"minecraft:map":1,"minecraft:dirt":11,"minecraft:paper":1,"minecraft:white_banner":4,"minecraft:cooked_mutton":1,"minecraft:bone":15,"quark:dark_oak_trapped_chest":1,"minecraft:kelp":2,"minecraft:bow":2,"minecraft:wheat_seeds":3,"minecraft:raw_gold":2,"minecraft:rabbit_hide":10,"alexscaves:radrock":2,"minecraft:glass_bottle":4,"minecraft:oak_planks":2,"minecraft:iron_sword":6,"iceandfire:crackled_cobblestone":5,"alexscaves:rusty_scrap_metal_plate":3,"minecraft:book":4,"minecraft:smooth_basalt":2,"minecraft:cooked_porkchop":5,"iceandfire:sea_serpent_scales_green":6,"minecraft:barrel":1,"minecraft:blast_furnace":1,"sophisticatedbackpacks:iron_backpack":5,"minecraft:trapped_chest":1,"minecraft:white_bed":2,"minecraft:spider_eye":4,"minecraft:dark_oak_log":6,"alexsmobs:bison_carpet":1,"iceandfire:crackled_stone":6,"minecraft:deepslate":1,"minecraft:stone_axe":1,"minecraft:writable_book":2,"minecraft:crossbow":4,"minecraft:coal":78,"iceandfire:raw_silver":5,"minecraft:diamond_pickaxe":1},"minecraft:dropped":{"minecraft:enchanted_book":1,"minecraft:bread":22,"minecraft:iron_sword":6,"minecraft:wheat_seeds":3,"minecraft:glass_bottle":1,"minecraft:crossbow":2,"biomesoplenty:lavender":10,"minecraft:apple":26,"minecraft:cod":1,"minecraft:stick":7,"minecraft:dark_oak_log":3,"minecraft:iron_leggings":1,"gravestone:obituary":6,"minecraft:writable_book":1,"minecraft:white_banner":1,"minecraft:dark_oak_planks":4,"minecraft:creeper_head":1,"minecraft:stone_axe":1,"minecraft:kelp":2,"alexscaves:waste_drum":8,"minecraft:wheat":1,"minecraft:orange_concrete":1,"supplementaries:jar":1,"quark:crab_leg":8,"minecraft:rotten_flesh":14,"alexscaves:rusty_scrap_metal_plate":2,"minecraft:carrot":1,"supplementaries:flax_seeds":1,"minecraft:rabbit_hide":5,"minecraft:leather_chestplate":1,"alexscaves:radgill":3,"supplementaries:ash":8,"minecraft:shield":1,"minecraft:leather_boots":1,"minecraft:spider_eye":3,"doggytalents:rice_grains":3,"comforts:sleeping_bag_white":1,"minecraft:arrow":2,"minecraft:bow":2,"minecraft:wooden_pickaxe":2,"minecraft:stone_pickaxe":1,"minecraft:egg":1},"minecraft:custom":{"minecraft:interact_with_smithing_table":2,"minecraft:mob_kills":91,"minecraft:animals_bred":1,"minecraft:interact_with_crafting_table":32,"minecraft:open_barrel":38,"minecraft:leave_game":2,"minecraft:time_since_death":65244,"minecraft:climb_one_cm":13735,"minecraft:sprint_one_cm":486599,"minecraft:walk_one_cm":764440,"minecraft:damage_blocked_by_shield":925,"minecraft:drop":77,"minecraft:damage_dealt_absorbed":120,"minecraft:talked_to_villager":17,"minecraft:raid_win":1,"minecraft:play_time":248660,"minecraft:deaths":7,"minecraft:sneak_time":8576,"minecraft:walk_under_water_one_cm":48182,"minecraft:interact_with_blast_furnace":3,"minecraft:interact_with_brewingstand":2,"minecraft:jump":5773,"minecraft:walk_on_water_one_cm":37224,"minecraft:total_world_time":248660,"minecraft:interact_with_furnace":70,"minecraft:traded_with_villager":3,"minecraft:interact_with_cartography_table":1,"minecraft:raid_trigger":1,"minecraft:sleep_in_bed":15,"minecraft:time_since_rest":12591,"minecraft:damage_absorbed":40,"minecraft:waystone_activated":1,"minecraft:damage_taken":6734,"minecraft:trigger_trapped_chest":5,"minecraft:damage_dealt":14133,"minecraft:swim_one_cm":93586,"minecraft:fly_one_cm":983875,"minecraft:open_chest":63,"minecraft:crouch_one_cm":24460,"minecraft:fall_one_cm":185002},"minecraft:killed":{"irons_spellbooks:summoned_zombie":2,"minecraft:witch":1,"alexsmobs:raccoon":1,"minecraft:spider":2,"minecraft:vindicator":1,"alexsmobs:tasmanian_devil":1,"alexsmobs:froststalker":1,"minecraft:skeleton":7,"minecraft:chicken":4,"minecraft:husk":1,"minecraft:pig":8,"alexscaves:gammaroach":1,"minecraft:zombie_villager":1,"irons_spellbooks:necromancer":2,"minecraft:sheep":4,"minecraft:pillager":9,"endermanoverhaul:cave_enderman":1,"minecraft:zombie":20,"iceandfire:sea_serpent":1,"minecraft:cow":12},"minecraft:mined":{"create:zinc_ore":5,"minecraft:yellow_terracotta":3,"create:deepslate_zinc_ore":3,"alexscaves:acidic_radrock":1,"iceandfire:silver_ore":5,"minecraft:mossy_cobblestone":3,"alexscaves:radrock":2,"minecraft:sculk_vein":5,"farmersdelight:wild_carrots":7,"gravestone:gravestone":7,"minecraft:grass_block":6,"sophisticatedbackpacks:iron_backpack":1,"alexscaves:sulfur":6,"biomesoplenty:dried_salt":3,"minecraft:spruce_leaves":10,"minecraft:kelp":1,"iceandfire:crackled_cobblestone":5,"minecraft:orange_concrete":3,"minecraft:smooth_stone":4,"minecraft:tall_seagrass":3,"quark:bonded_leather":1,"minecraft:furnace":5,"minecraft:iron_ore":47,"minecraft:fire":7,"biomesoplenty:lavender":4,"minecraft:deepslate_lapis_ore":5,"minecraft:deepslate_iron_ore":14,"alexscaves:underweed":1,"minecraft:iron_bars":2,"biomesoplenty:webbing":1,"supplementaries:jar":1,"alexscaves:rusty_scrap_metal_plate":1,"minecraft:white_banner":1,"irons_spellbooks:inscription_table":2,"biomesoplenty:spider_egg":1,"minecraft:stone":131,"sophisticatedbackpacks:backpack":1,"create:veridium":6,"minecraft:deepslate_redstone_ore":2,"minecraft:podzol":1,"supplementaries:book_pile_horizontal":1,"biomesoplenty:jacaranda_leaves":7,"minecraft:kelp_plant":2,"quark:iron_pillar":1,"minecraft:powder_snow":3,"biomesoplenty:hanging_cobweb_strand":1,"minecraft:crafting_table":10,"minecraft:cyan_stained_glass_pane":4,"minecraft:blast_furnace":1,"minecraft:melon":4,"minecraft:dead_bush":1,"minecraft:tall_grass":2,"minecraft:copper_ore":6,"minecraft:lapis_ore":3,"minecraft:diorite":23,"supplementaries:cage":1,"supplementaries:urn":5,"quark:dark_oak_trapped_chest":1,"iceandfire:crackled_stone":7,"alexscaves:waste_drum":4,"minecraft:grass":22,"minecraft:oak_log":14,"minecraft:coal_ore":28,"alexsmobs:bison_fur_block":3,"minecraft:dirt":5,"biomesoplenty:stringy_cobweb":2,"minecraft:smooth_basalt":2,"minecraft:gold_ore":2,"minecraft:deepslate":6,"minecraft:oak_leaves":11,"minecraft:fern":1}},"DataVersion":3465}