{"stats":{"minecraft:used":{"minecraft:stone_pickaxe":40,"minecraft:wooden_pickaxe":20,"minecraft:stone_axe":33,"minecraft:dirt":2,"minecraft:sand":5,"minecraft:crafting_table":3,"minecraft:cooked_porkchop":1,"minecraft:furnace":1,"minecraft:porkchop":2,"minecraft:carrot":6},"minecraft:crafted":{"minecraft:oak_planks":24,"minecraft:cooked_porkchop":2,"minecraft:crafting_table":1,"minecraft:stick":12,"minecraft:wooden_pickaxe":1,"minecraft:stone_pickaxe":1,"minecraft:furnace":1,"minecraft:stone_axe":1,"minecraft:air":0},"minecraft:picked_up":{"biomesoplenty:lavender":1,"minecraft:crafting_table":2,"minecraft:smooth_basalt":2,"minecraft:feather":6,"minecraft:chicken":4,"minecraft:leather":8,"minecraft:porkchop":9,"minecraft:oak_log":6,"minecraft:carrot":3,"minecraft:dirt":2,"minecraft:white_banner":1,"minecraft:raw_copper":20,"minecraft:bone":2,"minecraft:wheat_seeds":1,"minecraft:beef":10,"create:veridium":6,"minecraft:mutton":3,"minecraft:coal":23,"minecraft:white_wool":2,"iceandfire:raw_silver":4,"minecraft:cobblestone":17,"minecraft:egg":2},"minecraft:custom":{"minecraft:time_since_rest":17234,"minecraft:interact_with_furnace":4,"minecraft:sprint_one_cm":36236,"minecraft:damage_taken":230,"minecraft:walk_one_cm":75584,"minecraft:mob_kills":20,"minecraft:damage_dealt":1970,"minecraft:interact_with_crafting_table":5,"minecraft:swim_one_cm":5548,"minecraft:fly_one_cm":75770,"minecraft:crouch_one_cm":1249,"minecraft:play_time":17234,"minecraft:sneak_time":444,"minecraft:walk_under_water_one_cm":3672,"minecraft:jump":548,"minecraft:time_since_death":17234,"minecraft:walk_on_water_one_cm":3212,"minecraft:total_world_time":17234,"minecraft:fall_one_cm":17626},"minecraft:killed":{"minecraft:skeleton":1,"minecraft:sheep":2,"minecraft:pillager":1,"minecraft:pig":6,"minecraft:chicken":4,"minecraft:cow":6},"minecraft:mined":{"biomesoplenty:jacaranda_leaves":1,"iceandfire:silver_ore":4,"biomesoplenty:lavender":1,"farmersdelight:wild_carrots":3,"minecraft:crafting_table":2,"minecraft:grass":2,"minecraft:oak_log":6,"minecraft:grass_block":1,"minecraft:coal_ore":23,"minecraft:dirt":1,"minecraft:tall_grass":2,"minecraft:copper_ore":6,"minecraft:smooth_basalt":2,"minecraft:stone":17,"create:veridium":6,"minecraft:oak_leaves":1}},"DataVersion":3465}