{"stats":{"minecraft:broken":{"minecraft:stone_axe":1},"minecraft:killed_by":{"minecraft:husk":1,"minecraft:vindicator":1},"minecraft:used":{"minecraft:shield":4,"minecraft:iron_sword":92,"minecraft:cooked_chicken":2,"minecraft:dirt":6,"minecraft:carrot":10,"alexsmobs:bison_carpet":1,"minecraft:beef":10,"minecraft:furnace":2,"comforts:sleeping_bag_white":10,"minecraft:egg":3,"minecraft:cooked_beef":4,"minecraft:cooked_mutton":5,"minecraft:stone_pickaxe":53,"minecraft:wooden_pickaxe":27,"minecraft:white_wool":1,"minecraft:sand":5,"minecraft:crafting_table":6,"minecraft:crossbow":6,"sophisticatedbackpacks:backpack":1,"minecraft:bread":6,"farmersdelight:ham":1,"minecraft:stone_axe":84,"minecraft:cooked_porkchop":12,"minecraft:white_banner":2,"minecraft:porkchop":5,"minecraft:oak_boat":2,"minecraft:experience_bottle":2},"minecraft:crafted":{"minecraft:oak_planks":48,"comforts:sleeping_bag_white":1,"minecraft:cooked_chicken":4,"minecraft:furnace":1,"minecraft:cooked_mutton":4,"minecraft:leather":9,"minecraft:stone_pickaxe":1,"minecraft:dark_oak_planks":8,"sophisticatedbackpacks:backpack":1,"minecraft:cooked_porkchop":7,"minecraft:crafting_table":2,"minecraft:wooden_pickaxe":1,"minecraft:iron_sword":1,"minecraft:stone_axe":2,"minecraft:enchanted_book":3,"minecraft:bread":5,"minecraft:air":0,"minecraft:oak_boat":1,"minecraft:shield":1,"minecraft:stick":12,"quark:oak_chest":1},"minecraft:picked_up":{"minecraft:crafting_table":5,"minecraft:chicken":4,"alexsmobs:froststalker_horn":1,"minecraft:shield":2,"minecraft:raw_copper":20,"quark:bonded_leather":1,"comforts:sleeping_bag_white":11,"minecraft:beef":15,"minecraft:oak_boat":1,"supplementaries:cage":1,"irons_spellbooks:inscription_table":1,"minecraft:egg":4,"minecraft:furnace":1,"minecraft:stick":2,"minecraft:raw_iron":4,"sophisticatedbackpacks:backpack":2,"minecraft:porkchop":9,"minecraft:carrot":7,"minecraft:arrow":10,"minecraft:rotten_flesh":6,"artifacts:villager_hat":1,"create:veridium":6,"minecraft:saddle":1,"minecraft:mutton":5,"minecraft:white_wool":4,"minecraft:cobblestone":17,"biomesoplenty:lavender":10,"minecraft:cooked_beef":4,"minecraft:feather":6,"iceandfire:sea_serpent_fang":5,"wandering_bags:pillager_bag":1,"minecraft:leather":15,"doggytalents:rice_grains":3,"minecraft:oak_log":12,"minecraft:map":1,"minecraft:dirt":6,"minecraft:paper":1,"minecraft:white_banner":4,"minecraft:cooked_mutton":1,"minecraft:bone":2,"minecraft:kelp":2,"quark:dark_oak_trapped_chest":1,"minecraft:wheat_seeds":3,"minecraft:iron_sword":2,"minecraft:book":2,"minecraft:smooth_basalt":2,"minecraft:cooked_porkchop":5,"iceandfire:sea_serpent_scales_green":6,"minecraft:dark_oak_log":6,"alexsmobs:bison_carpet":1,"minecraft:stone_axe":1,"minecraft:writable_book":2,"minecraft:crossbow":4,"minecraft:coal":43,"iceandfire:raw_silver":4},"minecraft:dropped":{"minecraft:iron_sword":2,"minecraft:wheat_seeds":3,"minecraft:crossbow":2,"biomesoplenty:lavender":10,"minecraft:cod":1,"minecraft:stick":5,"minecraft:dark_oak_log":3,"gravestone:obituary":1,"minecraft:writable_book":1,"minecraft:white_banner":1,"minecraft:dark_oak_planks":4,"minecraft:stone_axe":1,"minecraft:kelp":2,"minecraft:wheat":1,"minecraft:rotten_flesh":2,"supplementaries:ash":2,"minecraft:shield":1,"doggytalents:rice_grains":3,"comforts:sleeping_bag_white":1,"minecraft:egg":1},"minecraft:custom":{"minecraft:mob_kills":49,"minecraft:interact_with_crafting_table":15,"minecraft:open_barrel":1,"minecraft:time_since_death":15448,"minecraft:climb_one_cm":5986,"minecraft:sprint_one_cm":246591,"minecraft:walk_one_cm":337732,"minecraft:damage_blocked_by_shield":200,"minecraft:drop":29,"minecraft:damage_dealt_absorbed":120,"minecraft:talked_to_villager":11,"minecraft:raid_win":1,"minecraft:play_time":107234,"minecraft:deaths":2,"minecraft:sneak_time":2244,"minecraft:walk_under_water_one_cm":38721,"minecraft:jump":3008,"minecraft:walk_on_water_one_cm":19683,"minecraft:total_world_time":107234,"minecraft:interact_with_furnace":17,"minecraft:traded_with_villager":3,"minecraft:interact_with_cartography_table":1,"minecraft:raid_trigger":1,"minecraft:sleep_in_bed":10,"minecraft:time_since_rest":2618,"minecraft:waystone_activated":1,"minecraft:damage_taken":2931,"minecraft:trigger_trapped_chest":4,"minecraft:damage_dealt":6840,"minecraft:swim_one_cm":58410,"minecraft:fly_one_cm":539457,"minecraft:open_chest":36,"minecraft:crouch_one_cm":6614,"minecraft:fall_one_cm":101905},"minecraft:killed":{"alexsmobs:raccoon":1,"minecraft:vindicator":1,"alexsmobs:froststalker":1,"minecraft:skeleton":1,"minecraft:chicken":4,"minecraft:husk":1,"minecraft:pig":8,"minecraft:sheep":4,"minecraft:pillager":9,"minecraft:zombie":3,"iceandfire:sea_serpent":1,"minecraft:cow":12},"minecraft:mined":{"iceandfire:silver_ore":4,"minecraft:mossy_cobblestone":3,"farmersdelight:wild_carrots":7,"gravestone:gravestone":2,"minecraft:grass_block":5,"minecraft:spruce_leaves":10,"minecraft:kelp":1,"minecraft:tall_seagrass":3,"quark:bonded_leather":1,"minecraft:furnace":1,"minecraft:iron_ore":4,"biomesoplenty:lavender":4,"minecraft:iron_bars":2,"minecraft:stone":17,"irons_spellbooks:inscription_table":1,"minecraft:white_banner":1,"create:veridium":6,"sophisticatedbackpacks:backpack":1,"biomesoplenty:jacaranda_leaves":7,"minecraft:kelp_plant":2,"quark:iron_pillar":1,"minecraft:powder_snow":3,"minecraft:crafting_table":5,"minecraft:tall_grass":2,"minecraft:copper_ore":6,"supplementaries:cage":1,"quark:dark_oak_trapped_chest":1,"minecraft:grass":21,"minecraft:oak_log":12,"minecraft:coal_ore":24,"alexsmobs:bison_fur_block":3,"minecraft:dirt":3,"minecraft:smooth_basalt":2,"minecraft:oak_leaves":4}},"DataVersion":3465}