{"stats":{"minecraft:broken":{"minecraft:leather_helmet":1,"minecraft:stone_axe":1},"minecraft:killed_by":{"minecraft:husk":1,"minecraft:vindicator":1,"iceandfire:fire_dragon":4},"minecraft:used":{"sophisticatedbackpacks:iron_backpack":1,"minecraft:shield":44,"minecraft:iron_sword":191,"minecraft:cooked_chicken":2,"minecraft:dirt":10,"minecraft:carrot":10,"minecraft:cod_bucket":1,"minecraft:dark_oak_planks":31,"alexsmobs:bison_carpet":1,"minecraft:iron_helmet":1,"minecraft:golden_carrot":1,"minecraft:beef":10,"supplementaries:ash":3,"minecraft:furnace":5,"biomesoplenty:wilted_lily":1,"minecraft:cooked_beef":4,"minecraft:egg":4,"comforts:sleeping_bag_white":14,"minecraft:cobbled_deepslate":4,"minecraft:cooked_mutton":5,"minecraft:water_bucket":5,"minecraft:stone_pickaxe":214,"minecraft:oak_planks":30,"minecraft:wooden_pickaxe":40,"minecraft:white_wool":1,"minecraft:sand":5,"minecraft:crafting_table":10,"minecraft:crossbow":40,"minecraft:white_bed":1,"sophisticatedbackpacks:backpack":1,"alexscaves:rusty_scrap_metal_plate":1,"minecraft:bread":45,"minecraft:melon_slice":20,"minecraft:iron_pickaxe":21,"minecraft:deepslate":1,"farmersdelight:ham":1,"biomesoplenty:dried_salt":14,"minecraft:stone_axe":89,"minecraft:cobblestone":27,"minecraft:potion":3,"minecraft:white_banner":2,"minecraft:porkchop":5,"minecraft:cooked_porkchop":12,"minecraft:bucket":6,"minecraft:oak_boat":2,"minecraft:splash_potion":2,"minecraft:smooth_stone":2,"minecraft:experience_bottle":2},"minecraft:crafted":{"minecraft:oak_planks":80,"comforts:sleeping_bag_white":1,"minecraft:cooked_chicken":4,"minecraft:furnace":1,"minecraft:cooked_mutton":4,"sophisticatedbackpacks:copper_backpack":1,"minecraft:leather":9,"minecraft:stone_pickaxe":2,"minecraft:dark_oak_planks":44,"sophisticatedbackpacks:iron_backpack":1,"sophisticatedbackpacks:backpack":1,"minecraft:cooked_porkchop":7,"minecraft:crafting_table":2,"minecraft:iron_helmet":1,"minecraft:wooden_pickaxe":2,"minecraft:iron_sword":1,"minecraft:copper_ingot":8,"minecraft:stone_axe":2,"minecraft:enchanted_book":3,"minecraft:bread":7,"minecraft:air":0,"minecraft:oak_boat":1,"minecraft:iron_chestplate":1,"minecraft:shield":1,"minecraft:stick":20,"minecraft:iron_pickaxe":1,"quark:oak_chest":1,"minecraft:iron_ingot":28,"minecraft:gold_ingot":4,"minecraft:iron_leggings":1,"farmersdelight:cooked_bacon":5},"minecraft:picked_up":{"minecraft:crafting_table":9,"alexscaves:waste_drum":8,"alexscaves:radgill":4,"minecraft:chicken":4,"minecraft:wooden_pickaxe":1,"alexsmobs:froststalker_horn":1,"gravestone:obituary":1,"minecraft:shield":2,"supplementaries:jar":2,"minecraft:raw_copper":20,"minecraft:orange_concrete":1,"quark:bonded_leather":1,"irons_spellbooks:arcane_essence":1,"minecraft:diamond_leggings":1,"minecraft:cobbled_deepslate":4,"minecraft:smooth_stone":2,"comforts:sleeping_bag_white":15,"minecraft:beef":15,"minecraft:oak_boat":1,"supplementaries:cage":1,"minecraft:melon_slice":20,"irons_spellbooks:inscription_table":2,"minecraft:furnace":4,"minecraft:egg":5,"iceandfire:dragonbone":7,"minecraft:stick":2,"minecraft:raw_iron":34,"biomesoplenty:wilted_lily":1,"sophisticatedbackpacks:backpack":2,"minecraft:porkchop":9,"minecraft:carrot":8,"minecraft:arrow":16,"minecraft:rotten_flesh":14,"artifacts:villager_hat":5,"iceandfire:fire_dragon_heart":1,"minecraft:saddle":1,"create:veridium":6,"supplementaries:ash":10,"minecraft:mutton":5,"minecraft:cobblestone":110,"minecraft:white_wool":4,"paraglider:paraglider":1,"biomesoplenty:lavender":10,"quark:crab_leg":8,"minecraft:cooked_beef":4,"minecraft:feather":6,"iceandfire:sea_serpent_fang":5,"biomesoplenty:dried_salt":14,"alexscaves:sulfur_dust":14,"wandering_bags:pillager_bag":1,"minecraft:leather":15,"doggytalents:rice_grains":3,"create:raw_zinc":6,"minecraft:oak_log":20,"minecraft:lapis_lazuli":38,"minecraft:map":1,"minecraft:dirt":10,"minecraft:paper":1,"minecraft:white_banner":4,"minecraft:cooked_mutton":1,"minecraft:bone":7,"quark:dark_oak_trapped_chest":1,"minecraft:kelp":2,"minecraft:bow":2,"minecraft:wheat_seeds":3,"alexscaves:radrock":2,"minecraft:glass_bottle":1,"minecraft:iron_sword":6,"alexscaves:rusty_scrap_metal_plate":3,"minecraft:book":4,"minecraft:smooth_basalt":2,"minecraft:cooked_porkchop":5,"iceandfire:sea_serpent_scales_green":6,"sophisticatedbackpacks:iron_backpack":5,"minecraft:white_bed":2,"minecraft:spider_eye":1,"minecraft:dark_oak_log":6,"alexsmobs:bison_carpet":1,"minecraft:deepslate":1,"minecraft:stone_axe":1,"minecraft:writable_book":2,"minecraft:crossbow":4,"minecraft:coal":68,"iceandfire:raw_silver":5},"minecraft:dropped":{"minecraft:bread":22,"minecraft:iron_sword":6,"minecraft:wheat_seeds":3,"minecraft:glass_bottle":1,"minecraft:crossbow":2,"biomesoplenty:lavender":10,"minecraft:apple":26,"minecraft:cod":1,"minecraft:stick":7,"minecraft:dark_oak_log":3,"minecraft:iron_leggings":1,"gravestone:obituary":6,"minecraft:writable_book":1,"minecraft:white_banner":1,"minecraft:dark_oak_planks":4,"minecraft:stone_axe":1,"minecraft:kelp":2,"alexscaves:waste_drum":8,"minecraft:wheat":1,"minecraft:orange_concrete":1,"supplementaries:jar":1,"quark:crab_leg":8,"minecraft:rotten_flesh":8,"alexscaves:rusty_scrap_metal_plate":2,"minecraft:carrot":1,"minecraft:leather_chestplate":1,"alexscaves:radgill":3,"supplementaries:ash":7,"minecraft:shield":1,"minecraft:leather_boots":1,"minecraft:spider_eye":1,"doggytalents:rice_grains":3,"comforts:sleeping_bag_white":1,"minecraft:arrow":2,"minecraft:bow":2,"minecraft:wooden_pickaxe":2,"minecraft:stone_pickaxe":1,"minecraft:egg":1},"minecraft:custom":{"minecraft:mob_kills":75,"minecraft:animals_bred":1,"minecraft:interact_with_crafting_table":31,"minecraft:open_barrel":37,"minecraft:leave_game":1,"minecraft:time_since_death":46679,"minecraft:climb_one_cm":13735,"minecraft:sprint_one_cm":467476,"minecraft:walk_one_cm":695756,"minecraft:damage_blocked_by_shield":785,"minecraft:drop":69,"minecraft:damage_dealt_absorbed":120,"minecraft:talked_to_villager":17,"minecraft:raid_win":1,"minecraft:play_time":230095,"minecraft:deaths":7,"minecraft:sneak_time":7993,"minecraft:walk_under_water_one_cm":48182,"minecraft:interact_with_brewingstand":2,"minecraft:jump":5525,"minecraft:walk_on_water_one_cm":37050,"minecraft:total_world_time":230095,"minecraft:interact_with_furnace":54,"minecraft:traded_with_villager":3,"minecraft:interact_with_cartography_table":1,"minecraft:raid_trigger":1,"minecraft:sleep_in_bed":14,"minecraft:time_since_rest":46703,"minecraft:waystone_activated":1,"minecraft:damage_taken":6110,"minecraft:trigger_trapped_chest":4,"minecraft:damage_dealt":11291,"minecraft:swim_one_cm":93586,"minecraft:fly_one_cm":958769,"minecraft:open_chest":63,"minecraft:crouch_one_cm":22429,"minecraft:fall_one_cm":179789},"minecraft:killed":{"alexsmobs:raccoon":1,"minecraft:spider":1,"minecraft:vindicator":1,"alexsmobs:tasmanian_devil":1,"alexsmobs:froststalker":1,"minecraft:skeleton":5,"minecraft:chicken":4,"minecraft:husk":1,"minecraft:pig":8,"alexscaves:gammaroach":1,"irons_spellbooks:necromancer":1,"minecraft:sheep":4,"minecraft:pillager":9,"endermanoverhaul:cave_enderman":1,"minecraft:zombie":13,"iceandfire:sea_serpent":1,"minecraft:cow":12},"minecraft:mined":{"create:zinc_ore":3,"minecraft:yellow_terracotta":3,"create:deepslate_zinc_ore":3,"alexscaves:acidic_radrock":1,"iceandfire:silver_ore":5,"minecraft:mossy_cobblestone":3,"alexscaves:radrock":2,"minecraft:sculk_vein":5,"farmersdelight:wild_carrots":7,"gravestone:gravestone":7,"minecraft:grass_block":6,"sophisticatedbackpacks:iron_backpack":1,"alexscaves:sulfur":6,"biomesoplenty:dried_salt":3,"minecraft:spruce_leaves":10,"minecraft:kelp":1,"minecraft:orange_concrete":3,"minecraft:smooth_stone":4,"minecraft:tall_seagrass":3,"quark:bonded_leather":1,"minecraft:furnace":4,"minecraft:iron_ore":31,"minecraft:fire":7,"biomesoplenty:lavender":4,"minecraft:deepslate_lapis_ore":5,"minecraft:deepslate_iron_ore":2,"alexscaves:underweed":1,"minecraft:iron_bars":2,"biomesoplenty:webbing":1,"supplementaries:jar":1,"alexscaves:rusty_scrap_metal_plate":1,"minecraft:white_banner":1,"irons_spellbooks:inscription_table":2,"biomesoplenty:spider_egg":1,"minecraft:stone":102,"sophisticatedbackpacks:backpack":1,"create:veridium":6,"minecraft:podzol":1,"supplementaries:book_pile_horizontal":1,"biomesoplenty:jacaranda_leaves":7,"minecraft:kelp_plant":2,"quark:iron_pillar":1,"minecraft:powder_snow":3,"biomesoplenty:hanging_cobweb_strand":1,"minecraft:crafting_table":9,"minecraft:cyan_stained_glass_pane":4,"minecraft:melon":4,"minecraft:dead_bush":1,"minecraft:tall_grass":2,"minecraft:copper_ore":6,"minecraft:lapis_ore":2,"minecraft:diorite":21,"supplementaries:cage":1,"quark:dark_oak_trapped_chest":1,"alexscaves:waste_drum":4,"minecraft:grass":22,"minecraft:oak_log":14,"minecraft:coal_ore":28,"alexsmobs:bison_fur_block":3,"minecraft:dirt":5,"biomesoplenty:stringy_cobweb":2,"minecraft:smooth_basalt":2,"minecraft:deepslate":6,"minecraft:oak_leaves":11,"minecraft:fern":1}},"DataVersion":3465}