{"stats":{"minecraft:broken":{"minecraft:stone_axe":1},"minecraft:killed_by":{"minecraft:vindicator":1},"minecraft:used":{"minecraft:cooked_mutton":5,"minecraft:stone_pickaxe":53,"minecraft:shield":1,"minecraft:wooden_pickaxe":27,"minecraft:iron_sword":80,"minecraft:cooked_chicken":2,"minecraft:white_wool":1,"minecraft:dirt":4,"minecraft:sand":5,"minecraft:crafting_table":6,"minecraft:carrot":6,"minecraft:crossbow":5,"sophisticatedbackpacks:backpack":1,"alexsmobs:bison_carpet":1,"minecraft:stone_axe":84,"minecraft:beef":10,"minecraft:porkchop":2,"minecraft:furnace":1,"minecraft:white_banner":1,"minecraft:cooked_porkchop":9,"minecraft:oak_boat":2,"minecraft:egg":3,"comforts:sleeping_bag_white":6,"minecraft:cooked_beef":4,"minecraft:experience_bottle":1},"minecraft:crafted":{"minecraft:oak_planks":48,"sophisticatedbackpacks:backpack":1,"minecraft:cooked_porkchop":7,"minecraft:crafting_table":2,"comforts:sleeping_bag_white":1,"minecraft:wooden_pickaxe":1,"minecraft:cooked_chicken":4,"minecraft:iron_sword":1,"minecraft:furnace":1,"minecraft:stone_axe":2,"minecraft:bread":5,"minecraft:cooked_mutton":4,"minecraft:air":0,"minecraft:oak_boat":1,"minecraft:leather":9,"minecraft:stick":12,"quark:oak_chest":1,"minecraft:stone_pickaxe":1,"minecraft:dark_oak_planks":8},"minecraft:picked_up":{"biomesoplenty:lavender":10,"minecraft:crafting_table":5,"minecraft:feather":6,"minecraft:cooked_beef":4,"iceandfire:sea_serpent_fang":5,"minecraft:chicken":4,"minecraft:leather":15,"doggytalents:rice_grains":3,"minecraft:oak_log":12,"alexsmobs:froststalker_horn":1,"minecraft:shield":1,"minecraft:dirt":4,"minecraft:white_banner":1,"minecraft:raw_copper":20,"quark:bonded_leather":1,"minecraft:cooked_mutton":1,"minecraft:bone":2,"quark:dark_oak_trapped_chest":1,"minecraft:kelp":2,"minecraft:wheat_seeds":3,"comforts:sleeping_bag_white":7,"minecraft:beef":15,"minecraft:oak_boat":1,"irons_spellbooks:inscription_table":1,"supplementaries:cage":1,"minecraft:iron_sword":1,"minecraft:furnace":1,"minecraft:egg":4,"minecraft:raw_iron":4,"minecraft:stick":2,"minecraft:smooth_basalt":2,"minecraft:cooked_porkchop":5,"iceandfire:sea_serpent_scales_green":6,"sophisticatedbackpacks:backpack":1,"minecraft:porkchop":9,"minecraft:carrot":7,"minecraft:dark_oak_log":6,"alexsmobs:bison_carpet":1,"minecraft:arrow":9,"minecraft:rotten_flesh":4,"minecraft:stone_axe":1,"minecraft:writable_book":2,"minecraft:crossbow":3,"create:veridium":6,"minecraft:mutton":5,"minecraft:coal":43,"iceandfire:raw_silver":4,"minecraft:white_wool":4,"minecraft:cobblestone":17},"minecraft:dropped":{"minecraft:iron_sword":1,"minecraft:stone_axe":1,"minecraft:kelp":2,"minecraft:wheat_seeds":3,"minecraft:wheat":1,"biomesoplenty:lavender":10,"minecraft:cod":1,"minecraft:stick":5,"supplementaries:ash":2,"minecraft:dark_oak_log":3,"minecraft:writable_book":1,"doggytalents:rice_grains":3,"comforts:sleeping_bag_white":1,"minecraft:dark_oak_planks":4,"minecraft:egg":1},"minecraft:custom":{"minecraft:interact_with_furnace":15,"minecraft:mob_kills":46,"minecraft:interact_with_crafting_table":14,"minecraft:open_barrel":1,"minecraft:raid_trigger":1,"minecraft:time_since_death":549,"minecraft:sleep_in_bed":6,"minecraft:climb_one_cm":4378,"minecraft:damage_blocked_by_shield":75,"minecraft:waystone_activated":1,"minecraft:time_since_rest":609,"minecraft:sprint_one_cm":161205,"minecraft:damage_taken":2000,"minecraft:walk_one_cm":236502,"minecraft:trigger_trapped_chest":4,"minecraft:drop":21,"minecraft:damage_dealt":6482,"minecraft:damage_dealt_absorbed":120,"minecraft:swim_one_cm":31607,"minecraft:fly_one_cm":371971,"minecraft:open_chest":9,"minecraft:deaths":1,"minecraft:crouch_one_cm":6569,"minecraft:play_time":71234,"minecraft:sneak_time":2224,"minecraft:walk_under_water_one_cm":35552,"minecraft:jump":1998,"minecraft:walk_on_water_one_cm":8820,"minecraft:total_world_time":71234,"minecraft:fall_one_cm":66945},"minecraft:killed":{"minecraft:pig":8,"alexsmobs:raccoon":1,"minecraft:vindicator":1,"alexsmobs:froststalker":1,"minecraft:sheep":4,"minecraft:skeleton":1,"minecraft:pillager":9,"minecraft:zombie":3,"minecraft:chicken":4,"iceandfire:sea_serpent":1,"minecraft:cow":12},"minecraft:mined":{"biomesoplenty:jacaranda_leaves":7,"iceandfire:silver_ore":4,"minecraft:mossy_cobblestone":3,"minecraft:kelp_plant":2,"quark:iron_pillar":1,"farmersdelight:wild_carrots":7,"minecraft:powder_snow":3,"minecraft:crafting_table":5,"minecraft:grass_block":3,"minecraft:copper_ore":6,"minecraft:tall_grass":2,"minecraft:spruce_leaves":10,"minecraft:kelp":1,"supplementaries:cage":1,"quark:dark_oak_trapped_chest":1,"minecraft:tall_seagrass":3,"quark:bonded_leather":1,"minecraft:furnace":1,"minecraft:iron_ore":4,"biomesoplenty:lavender":4,"minecraft:grass":21,"minecraft:coal_ore":24,"minecraft:oak_log":12,"alexsmobs:bison_fur_block":3,"minecraft:iron_bars":2,"minecraft:dirt":3,"irons_spellbooks:inscription_table":1,"minecraft:smooth_basalt":2,"minecraft:white_banner":1,"minecraft:stone":17,"sophisticatedbackpacks:backpack":1,"create:veridium":6,"minecraft:oak_leaves":2}},"DataVersion":3465}