{"stats":{"minecraft:broken":{"minecraft:stone_axe":1},"minecraft:used":{"minecraft:cooked_mutton":5,"minecraft:stone_pickaxe":44,"minecraft:wooden_pickaxe":27,"minecraft:iron_sword":72,"minecraft:cooked_chicken":2,"minecraft:white_wool":1,"minecraft:dirt":4,"minecraft:sand":5,"minecraft:crafting_table":5,"minecraft:carrot":6,"minecraft:crossbow":5,"minecraft:stone_axe":81,"minecraft:beef":10,"minecraft:porkchop":2,"minecraft:furnace":1,"minecraft:white_banner":1,"minecraft:cooked_porkchop":8,"minecraft:oak_boat":1,"minecraft:egg":3,"comforts:sleeping_bag_white":5,"minecraft:cooked_beef":1,"minecraft:experience_bottle":1},"minecraft:crafted":{"minecraft:oak_planks":48,"minecraft:cooked_porkchop":7,"minecraft:crafting_table":2,"comforts:sleeping_bag_white":1,"minecraft:wooden_pickaxe":1,"minecraft:cooked_chicken":4,"minecraft:iron_sword":1,"minecraft:furnace":1,"minecraft:stone_axe":2,"minecraft:cooked_mutton":4,"minecraft:air":0,"minecraft:oak_boat":1,"minecraft:stick":12,"quark:oak_chest":1,"minecraft:stone_pickaxe":1,"minecraft:dark_oak_planks":8},"minecraft:picked_up":{"biomesoplenty:lavender":10,"minecraft:crafting_table":4,"minecraft:feather":6,"minecraft:cooked_beef":3,"iceandfire:sea_serpent_fang":5,"minecraft:chicken":4,"minecraft:leather":14,"doggytalents:rice_grains":2,"minecraft:oak_log":12,"alexsmobs:froststalker_horn":1,"minecraft:dirt":4,"minecraft:white_banner":1,"minecraft:raw_copper":20,"minecraft:cooked_mutton":1,"minecraft:bone":2,"minecraft:kelp":2,"minecraft:wheat_seeds":2,"comforts:sleeping_bag_white":5,"minecraft:beef":15,"minecraft:oak_boat":1,"minecraft:furnace":1,"minecraft:egg":4,"minecraft:stick":2,"minecraft:smooth_basalt":2,"minecraft:cooked_porkchop":5,"iceandfire:sea_serpent_scales_green":6,"minecraft:porkchop":9,"minecraft:carrot":7,"minecraft:arrow":5,"minecraft:rotten_flesh":4,"minecraft:crossbow":2,"create:veridium":6,"minecraft:mutton":5,"minecraft:coal":43,"iceandfire:raw_silver":4,"minecraft:white_wool":4,"minecraft:cobblestone":17},"minecraft:dropped":{"minecraft:kelp":2,"minecraft:wheat_seeds":2,"biomesoplenty:lavender":10,"minecraft:cod":1,"minecraft:stick":5,"supplementaries:ash":2,"doggytalents:rice_grains":2,"minecraft:dark_oak_planks":4,"minecraft:egg":1},"minecraft:custom":{"minecraft:interact_with_furnace":15,"minecraft:mob_kills":43,"minecraft:interact_with_crafting_table":11,"minecraft:open_barrel":1,"minecraft:time_since_death":53234,"minecraft:sleep_in_bed":5,"minecraft:climb_one_cm":0,"minecraft:time_since_rest":7640,"minecraft:sprint_one_cm":111774,"minecraft:damage_taken":1564,"minecraft:walk_one_cm":164841,"minecraft:trigger_trapped_chest":2,"minecraft:drop":13,"minecraft:damage_dealt":6133,"minecraft:damage_dealt_absorbed":120,"minecraft:swim_one_cm":31607,"minecraft:fly_one_cm":264489,"minecraft:open_chest":4,"minecraft:crouch_one_cm":6276,"minecraft:play_time":53234,"minecraft:sneak_time":2111,"minecraft:walk_under_water_one_cm":35552,"minecraft:jump":1460,"minecraft:walk_on_water_one_cm":8820,"minecraft:total_world_time":53234,"minecraft:fall_one_cm":46127},"minecraft:killed":{"minecraft:pig":8,"minecraft:vindicator":1,"alexsmobs:froststalker":1,"minecraft:sheep":4,"minecraft:skeleton":1,"minecraft:pillager":8,"minecraft:zombie":3,"minecraft:chicken":4,"iceandfire:sea_serpent":1,"minecraft:cow":11},"minecraft:mined":{"biomesoplenty:jacaranda_leaves":7,"iceandfire:silver_ore":4,"minecraft:mossy_cobblestone":3,"minecraft:kelp_plant":2,"farmersdelight:wild_carrots":7,"minecraft:powder_snow":3,"minecraft:crafting_table":4,"minecraft:grass_block":3,"minecraft:copper_ore":6,"minecraft:tall_grass":2,"minecraft:spruce_leaves":10,"minecraft:kelp":1,"minecraft:tall_seagrass":3,"minecraft:furnace":1,"biomesoplenty:lavender":4,"minecraft:grass":15,"minecraft:coal_ore":24,"minecraft:oak_log":12,"alexsmobs:bison_fur_block":3,"minecraft:dirt":3,"minecraft:smooth_basalt":2,"minecraft:white_banner":1,"minecraft:stone":17,"create:veridium":6,"minecraft:oak_leaves":1}},"DataVersion":3465}