{"stats":{"minecraft:broken":{"minecraft:stone_axe":1},"minecraft:used":{"minecraft:cooked_mutton":5,"minecraft:stone_pickaxe":44,"minecraft:wooden_pickaxe":22,"minecraft:iron_sword":53,"minecraft:cooked_chicken":1,"minecraft:white_wool":1,"minecraft:dirt":4,"minecraft:sand":5,"minecraft:crafting_table":5,"minecraft:carrot":6,"minecraft:crossbow":3,"minecraft:stone_axe":81,"minecraft:beef":10,"minecraft:porkchop":2,"minecraft:furnace":1,"minecraft:white_banner":1,"minecraft:cooked_porkchop":6,"minecraft:oak_boat":1,"minecraft:egg":3,"comforts:sleeping_bag_white":4,"minecraft:experience_bottle":1},"minecraft:crafted":{"minecraft:oak_planks":48,"minecraft:cooked_porkchop":7,"minecraft:crafting_table":2,"comforts:sleeping_bag_white":1,"minecraft:wooden_pickaxe":1,"minecraft:cooked_chicken":4,"minecraft:iron_sword":1,"minecraft:furnace":1,"minecraft:stone_axe":2,"minecraft:cooked_mutton":4,"minecraft:air":0,"minecraft:oak_boat":1,"minecraft:stick":12,"quark:oak_chest":1,"minecraft:stone_pickaxe":1,"minecraft:dark_oak_planks":8},"minecraft:picked_up":{"biomesoplenty:lavender":10,"minecraft:crafting_table":4,"minecraft:feather":6,"iceandfire:sea_serpent_fang":5,"minecraft:chicken":4,"minecraft:leather":12,"doggytalents:rice_grains":2,"minecraft:oak_log":12,"minecraft:dirt":4,"minecraft:white_banner":1,"minecraft:raw_copper":20,"minecraft:cooked_mutton":1,"minecraft:bone":2,"minecraft:kelp":2,"minecraft:wheat_seeds":2,"comforts:sleeping_bag_white":4,"minecraft:beef":15,"minecraft:furnace":1,"minecraft:egg":3,"minecraft:stick":2,"minecraft:smooth_basalt":2,"iceandfire:sea_serpent_scales_green":6,"minecraft:porkchop":9,"minecraft:carrot":7,"minecraft:arrow":5,"minecraft:rotten_flesh":4,"minecraft:crossbow":2,"create:veridium":6,"minecraft:mutton":5,"minecraft:coal":43,"iceandfire:raw_silver":4,"minecraft:white_wool":4,"minecraft:cobblestone":17},"minecraft:dropped":{"minecraft:kelp":2,"minecraft:wheat_seeds":2,"biomesoplenty:lavender":10,"minecraft:cod":1,"minecraft:stick":1,"doggytalents:rice_grains":2},"minecraft:custom":{"minecraft:interact_with_furnace":15,"minecraft:mob_kills":37,"minecraft:interact_with_crafting_table":11,"minecraft:open_barrel":1,"minecraft:time_since_death":41234,"minecraft:sleep_in_bed":4,"minecraft:climb_one_cm":0,"minecraft:time_since_rest":8894,"minecraft:sprint_one_cm":81381,"minecraft:damage_taken":1275,"minecraft:walk_one_cm":142011,"minecraft:trigger_trapped_chest":2,"minecraft:drop":9,"minecraft:damage_dealt":5538,"minecraft:damage_dealt_absorbed":120,"minecraft:swim_one_cm":26676,"minecraft:fly_one_cm":176367,"minecraft:open_chest":4,"minecraft:crouch_one_cm":1880,"minecraft:play_time":41234,"minecraft:sneak_time":880,"minecraft:walk_under_water_one_cm":34282,"minecraft:jump":989,"minecraft:walk_on_water_one_cm":7613,"minecraft:total_world_time":41234,"minecraft:fall_one_cm":32051},"minecraft:killed":{"minecraft:pig":6,"minecraft:vindicator":1,"minecraft:sheep":4,"minecraft:skeleton":1,"minecraft:pillager":8,"minecraft:zombie":3,"minecraft:chicken":4,"iceandfire:sea_serpent":1,"minecraft:cow":9},"minecraft:mined":{"biomesoplenty:jacaranda_leaves":7,"iceandfire:silver_ore":4,"minecraft:kelp_plant":2,"farmersdelight:wild_carrots":7,"minecraft:crafting_table":4,"minecraft:grass_block":3,"minecraft:copper_ore":6,"minecraft:tall_grass":2,"minecraft:kelp":1,"minecraft:tall_seagrass":3,"minecraft:furnace":1,"biomesoplenty:lavender":4,"minecraft:grass":14,"minecraft:coal_ore":24,"minecraft:oak_log":12,"alexsmobs:bison_fur_block":3,"minecraft:dirt":3,"minecraft:smooth_basalt":2,"minecraft:white_banner":1,"minecraft:stone":17,"create:veridium":6,"minecraft:oak_leaves":1}},"DataVersion":3465}