{
  "minecraft:recipes/building_blocks/polished_deepslate": {
    "criteria": {
      "has_cobbled_deepslate": "2024-08-10 02:28:19 +0000"
    },
    "done": true
  },
  "minecraft:recipes/combat/leather_helmet": {
    "criteria": {
      "has_leather": "2024-08-10 01:59:13 +0000"
    },
    "done": true
  },
  "minecraft:recipes/decorations/ladder": {
    "criteria": {
      "has_stick": "2024-08-10 01:43:43 +0000"
    },
    "done": true
  },
  "create:recipes/building_blocks/cut_tuff_from_stone_types_tuff_stonecutting": {
    "criteria": {
      "has_stone_types_tuff": "2024-08-10 02:29:43 +0000"
    },
    "done": true
  },
  "supplementaries:recipes/soap/map": {
    "criteria": {
      "has_filled_map": "2024-08-10 02:44:12 +0000"
    },
    "done": true
  },
  "farmersdelight:recipes/food/grilled_salmon": {
    "criteria": {
      "has_salmon": "2024-08-10 01:49:35 +0000"
    },
    "done": true
  },
  "minecraft:recipes/building_blocks/deepslate_tile_stairs_from_cobbled_deepslate_stonecutting": {
    "criteria": {
      "has_cobbled_deepslate": "2024-08-10 02:28:19 +0000"
    },
    "done": true
  },
  "idas:idas_root": {
    "criteria": {
      "always": "2024-08-10 01:42:31 +0000"
    },
    "done": true
  },
  "create:recipes/building_blocks/small_ochrum_bricks_from_stone_types_ochrum_stonecutting": {
    "criteria": {
      "has_stone_types_ochrum": "2024-08-10 03:14:46 +0000"
    },
    "done": true
  },
  "create:recipes/building_blocks/small_calcite_brick_wall_from_stone_types_calcite_stonecutting": {
    "criteria": {
      "has_stone_types_calcite": "2024-08-10 03:18:06 +0000"
    },
    "done": true
  },
  "create:recipes/building_blocks/granite_from_stone_types_granite_stonecutting": {
    "criteria": {
      "has_stone_types_granite": "2024-08-10 02:19:48 +0000"
    },
    "done": true
  },
  "deeperdarker:recipes/transportation/echo_boat": {
    "criteria": {
      "in_water": "2024-08-10 01:49:25 +0000"
    },
    "done": true
  },
  "minecraft:recipes/decorations/fletching_table": {
    "criteria": {
      "has_flint": "2024-08-10 03:11:33 +0000"
    },
    "done": true
  },
  "minecraft:recipes/food/cooked_chicken_from_campfire_cooking": {
    "criteria": {
      "has_chicken": "2024-08-10 01:51:59 +0000"
    },
    "done": true
  },
  "minecraft:recipes/food/cooked_mutton_from_smoking": {
    "criteria": {
      "has_mutton": "2024-08-10 01:46:28 +0000"
    },
    "done": true
  },
  "nethersdelight:recipes/tools/golden_machete": {
    "criteria": {
      "has_gold_ingot": "2024-08-10 02:36:29 +0000"
    },
    "done": true
  },
  "paraglider:root": {
    "criteria": {
      "crafting_table": "2024-08-10 01:43:43 +0000"
    },
    "done": true
  },
  "minecraft:story/deflect_arrow": {
    "criteria": {
      "deflected_projectile": "2024-08-10 02:10:42 +0000"
    },
    "done": true
  },
  "minecraft:recipes/tools/golden_axe": {
    "criteria": {
      "has_gold_ingot": "2024-08-10 02:36:29 +0000"
    },
    "done": true
  },
  "supplementaries:recipes/crank": {
    "criteria": {
      "forge:rods/wooden": "2024-08-10 01:43:43 +0000"
    },
    "done": true
  },
  "minecraft:recipes/decorations/oak_sign": {
    "criteria": {
      "has_planks": "2024-08-10 01:43:19 +0000"
    },
    "done": true
  },
  "minecraft:recipes/building_blocks/red_concrete_powder": {
    "criteria": {
      "has_gravel": "2024-08-10 03:11:16 +0000"
    },
    "done": true
  },
  "minecraft:recipes/tools/golden_pickaxe": {
    "criteria": {
      "has_gold_ingot": "2024-08-10 02:36:29 +0000"
    },
    "done": true
  },
  "toms_storage:unlock_glowstone": {
    "criteria": {
      "inv_changed-glowstone": "2024-08-10 01:42:31 +0000"
    },
    "done": true
  },
  "storagedrawers:recipes/storagedrawers/one_stack_upgrade": {
    "criteria": {
      "has_template": "2024-08-10 01:42:31 +0000"
    },
    "done": true
  },
  "create:recipes/building_blocks/cut_granite_brick_slab_from_stone_types_granite_stonecutting": {
    "criteria": {
      "has_stone_types_granite": "2024-08-10 02:19:48 +0000"
    },
    "done": true
  },
  "create:recipes/building_blocks/small_ochrum_brick_slab_from_stone_types_ochrum_stonecutting": {
    "criteria": {
      "has_stone_types_ochrum": "2024-08-10 03:14:46 +0000"
    },
    "done": true
  },
  "supplementaries:recipes/spring_launcher": {
    "criteria": {
      "has_iron_ingot": "2024-08-10 02:10:25 +0000"
    },
    "done": true
  },
  "minecraft:recipes/building_blocks/lapis_block": {
    "criteria": {
      "has_lapis_lazuli": "2024-08-10 02:27:16 +0000"
    },
    "done": true
  },
  "totw_modded:regular_tower": {
    "criteria": {
      "regular": "2024-08-10 01:43:31 +0000"
    },
    "done": true
  },
  "minecraft:recipes/building_blocks/raw_iron_block": {
    "criteria": {
      "has_raw_iron": "2024-08-10 02:09:11 +0000"
    },
    "done": true
  },
  "create:recipes/building_blocks/polished_cut_tuff_from_stone_types_tuff_stonecutting": {
    "criteria": {
      "has_stone_types_tuff": "2024-08-10 02:29:43 +0000"
    },
    "done": true
  },
  "biomesoplenty:recipes/transportation/willow_boat": {
    "criteria": {
      "in_water": "2024-08-10 01:49:25 +0000"
    },
    "done": true
  },
  "doggytalents:recipes/decorations/superdog_suit": {
    "criteria": {
      "has_iron_ingot": "2024-08-10 02:10:25 +0000"
    },
    "done": true
  },
  "create:recipes/building_blocks/cut_ochrum_stairs_from_stone_types_ochrum_stonecutting": {
    "criteria": {
      "has_stone_types_ochrum": "2024-08-10 03:14:46 +0000"
    },
    "done": true
  },
  "minecraft:recipes/combat/diamond_sword": {
    "criteria": {
      "has_diamond": "2024-08-10 03:17:21 +0000"
    },
    "done": true
  },
  "supplementaries:recipes/candle_holders/candle_holder_blue": {
    "criteria": {
      "has_iron_ingot": "2024-08-10 02:10:25 +0000"
    },
    "done": true
  },
  "minecraft:recipes/decorations/jukebox": {
    "criteria": {
      "has_diamond": "2024-08-10 03:17:21 +0000"
    },
    "done": true
  },
  "doggytalents:recipes/combat/sussy_sickle": {
    "criteria": {
      "has_iron_ingot": "2024-08-10 02:10:25 +0000"
    },
    "done": true
  },
  "supplementaries:recipes/flags/flag_orange": {
    "criteria": {
      "has_stick": "2024-08-10 01:43:43 +0000"
    },
    "done": true
  },
  "minecraft:recipes/misc/gold_nugget": {
    "criteria": {
      "has_gold_ingot": "2024-08-10 02:36:29 +0000"
    },
    "done": true
  },
  "supplementaries:recipes/flags/flag_magenta": {
    "criteria": {
      "has_stick": "2024-08-10 01:43:43 +0000"
    },
    "done": true
  },
  "doggytalents:recipes/tools/radio_collar": {
    "criteria": {
      "has_redstone": "2024-08-10 02:31:02 +0000"
    },
    "done": true
  },
  "doggytalents:recipes/decorations/pianist_suit": {
    "criteria": {
      "has_string": "2024-08-10 02:20:46 +0000"
    },
    "done": true
  },
  "minecraft:recipes/combat/iron_helmet": {
    "criteria": {
      "has_iron_ingot": "2024-08-10 02:10:25 +0000"
    },
    "done": true
  },
  "minecraft:recipes/tools/golden_shovel": {
    "criteria": {
      "has_gold_ingot": "2024-08-10 02:36:29 +0000"
    },
    "done": true
  },
  "doggytalents:recipes/decorations/bowtie": {
    "criteria": {
      "has_string": "2024-08-10 02:20:46 +0000"
    },
    "done": true
  },
  "minecraft:recipes/combat/diamond_chestplate": {
    "criteria": {
      "has_diamond": "2024-08-10 03:17:21 +0000"
    },
    "done": true
  },
  "create:recipes/building_blocks/polished_cut_calcite_stairs_from_stone_types_calcite_stonecutting": {
    "criteria": {
      "has_stone_types_calcite": "2024-08-10 03:18:06 +0000"
    },
    "done": true
  },
  "minecraft:story/mine_stone": {
    "criteria": {
      "get_stone": "2024-08-10 01:44:09 +0000"
    },
    "done": true
  },
  "minecraft:recipes/decorations/furnace": {
    "criteria": {
      "has_cobblestone": "2024-08-10 01:44:09 +0000"
    },
    "done": true
  },
  "minecraft:recipes/redstone/redstone_torch": {
    "criteria": {
      "has_redstone": "2024-08-10 02:31:02 +0000"
    },
    "done": true
  },
  "minecraft:recipes/food/golden_apple": {
    "criteria": {
      "has_gold_ingot": "2024-08-10 02:36:29 +0000"
    },
    "done": true
  },
  "minecraft:recipes/misc/gold_ingot_from_blasting_raw_gold": {
    "criteria": {
      "has_raw_gold": "2024-08-10 02:30:12 +0000"
    },
    "done": true
  },
  "minecraft:recipes/building_blocks/green_concrete_powder": {
    "criteria": {
      "has_gravel": "2024-08-10 03:11:16 +0000"
    },
    "done": true
  },
  "supplementaries:recipes/candle_holders/candle_holder_lime": {
    "criteria": {
      "has_iron_ingot": "2024-08-10 02:10:25 +0000"
    },
    "done": true
  },
  "supplementaries:recipes/soap": {
    "criteria": {
      "has_porkchop": "2024-08-10 01:45:13 +0000"
    },
    "done": true
  },
  "doggytalents:recipes/decorations/sunglasses": {
    "criteria": {
      "has_stick": "2024-08-10 01:43:43 +0000"
    },
    "done": true
  },
  "farmersdelight:recipes/food/roast_chicken_block": {
    "criteria": {
      "has_cooked_chicken": "2024-08-10 01:55:23 +0000"
    },
    "done": true
  },
  "create:recipes/misc/crafting/logistics/pulse_extender": {
    "criteria": {
      "has_item": "2024-08-10 02:31:02 +0000"
    },
    "done": true
  },
  "create:root": {
    "criteria": {
      "0": "2024-08-10 01:42:31 +0000"
    },
    "done": true
  },
  "supplementaries:recipes/lock_block": {
    "criteria": {
      "minecraft:planks": "2024-08-10 01:43:19 +0000"
    },
    "done": true
  },
  "storagedrawers:recipes/storagedrawers/diamond_storage_upgrade": {
    "criteria": {
      "has_template": "2024-08-10 01:42:31 +0000"
    },
    "done": true
  },
  "minecraft:recipes/building_blocks/stone_brick_stairs": {
    "criteria": {
      "has_stone_bricks": "2024-08-10 02:36:10 +0000"
    },
    "done": true
  },
  "minecraft:recipes/combat/golden_boots": {
    "criteria": {
      "has_gold_ingot": "2024-08-10 02:36:29 +0000"
    },
    "done": true
  },
  "minecraft:recipes/tools/wooden_axe": {
    "criteria": {
      "has_stick": "2024-08-10 01:43:43 +0000"
    },
    "done": true
  },
  "create:recipes/building_blocks/polished_cut_tuff_slab_from_stone_types_tuff_stonecutting": {
    "criteria": {
      "has_stone_types_tuff": "2024-08-10 02:29:43 +0000"
    },
    "done": true
  },
  "farmersdelight:main/get_fd_seed": {
    "criteria": {
      "onion": "2024-08-10 01:58:39 +0000"
    },
    "done": true
  },
  "minecraft:recipes/building_blocks/blue_concrete_powder": {
    "criteria": {
      "has_gravel": "2024-08-10 03:11:16 +0000"
    },
    "done": true
  },
  "minecraft:recipes/building_blocks/granite_slab_from_granite_stonecutting": {
    "criteria": {
      "has_granite": "2024-08-10 02:19:48 +0000"
    },
    "done": true
  },
  "quark:crawl_in_hollow_log": {
    "criteria": {
      "crawl_in_hollow_log": "2024-08-10 01:56:01 +0000"
    },
    "done": true
  },
  "doggytalents:recipes/tools/whistle": {
    "criteria": {
      "has_iron_ingot": "2024-08-10 02:10:25 +0000"
    },
    "done": true
  },
  "farmersdelight:recipes/cooking/chicken_soup": {
    "criteria": {
      "has_any_ingredient": "2024-08-10 01:51:59 +0000"
    },
    "done": true
  },
  "create:recipes/building_blocks/crafting/kinetics/blue_seat": {
    "criteria": {
      "has_wool": "2024-08-10 01:46:28 +0000"
    },
    "done": true
  },
  "doggytalents:recipes/decorations/plague_doctor_mask": {
    "criteria": {
      "has_leather": "2024-08-10 01:59:13 +0000"
    },
    "done": true
  },
  "minecraft:recipes/combat/leather_chestplate": {
    "criteria": {
      "has_leather": "2024-08-10 01:59:13 +0000"
    },
    "done": true
  },
  "create:recipes/misc/crafting/appliances/crafting_blueprint": {
    "criteria": {
      "has_item": "2024-08-10 01:43:43 +0000"
    },
    "done": true
  },
  "create:recipes/building_blocks/cut_granite_slab_from_stone_types_granite_stonecutting": {
    "criteria": {
      "has_stone_types_granite": "2024-08-10 02:19:48 +0000"
    },
    "done": true
  },
  "nethersdelight:recipes/decorations/blackstone_blast_furnace": {
    "criteria": {
      "has_iron": "2024-08-10 02:10:25 +0000"
    },
    "done": true
  },
  "doggytalents:recipes/decorations/giant_stick": {
    "criteria": {
      "has_stick": "2024-08-10 01:43:43 +0000"
    },
    "done": true
  },
  "supplementaries:recipes/candle_holders/candle_holder_light_blue": {
    "criteria": {
      "has_iron_ingot": "2024-08-10 02:10:25 +0000"
    },
    "done": true
  },
  "create:recipes/building_blocks/crafting/kinetics/magenta_seat": {
    "criteria": {
      "has_wool": "2024-08-10 01:46:28 +0000"
    },
    "done": true
  },
  "farmersdelight:recipes/food/fried_egg_from_campfire_cooking": {
    "criteria": {
      "fried_egg": "2024-08-10 02:04:11 +0000"
    },
    "done": true
  },
  "doggytalents:recipes/decorations/smarty_glasses": {
    "criteria": {
      "has_redstone": "2024-08-10 02:31:02 +0000"
    },
    "done": true
  },
  "supplementaries:recipes/candle_holders/candle_holder_gray": {
    "criteria": {
      "has_iron_ingot": "2024-08-10 02:10:25 +0000"
    },
    "done": true
  },
  "minecraft:recipes/decorations/crafting_table": {
    "criteria": {
      "unlock_right_away": "2024-08-10 01:42:31 +0000"
    },
    "done": true
  },
  "minecraft:recipes/misc/map": {
    "criteria": {
      "has_the_recipe": "2024-08-10 03:26:11 +0000"
    },
    "done": true
  },
  "minecraft:recipes/decorations/chest": {
    "criteria": {
      "has_lots_of_items": "2024-08-10 01:44:57 +0000"
    },
    "done": true
  },
  "minecraft:recipes/building_blocks/cobbled_deepslate_slab": {
    "criteria": {
      "has_cobbled_deepslate": "2024-08-10 02:28:19 +0000"
    },
    "done": true
  },
  "minecraft:recipes/tools/shears": {
    "criteria": {
      "has_iron_ingot": "2024-08-10 02:10:25 +0000"
    },
    "done": true
  },
  "minecraft:recipes/misc/stick": {
    "criteria": {
      "has_planks": "2024-08-10 01:43:19 +0000"
    },
    "done": true
  },
  "doggytalents:recipes/decorations/propeller_hat": {
    "criteria": {
      "has_iron_ingot": "2024-08-10 02:10:25 +0000"
    },
    "done": true
  },
  "supplementaries:recipes/cage": {
    "criteria": {
      "has_iron_ingot": "2024-08-10 02:10:25 +0000"
    },
    "done": true
  },
  "minecraft:recipes/tools/spyglass": {
    "criteria": {
      "has_amethyst_shard": "2024-08-10 02:40:56 +0000"
    },
    "done": true
  },
  "minecraft:recipes/redstone/lectern": {
    "criteria": {
      "has_book": "2024-08-10 03:25:44 +0000"
    },
    "done": true
  },
  "minecraft:recipes/misc/red_dye_from_rose_bush": {
    "criteria": {
      "has_rose_bush": "2024-08-10 01:45:18 +0000"
    },
    "done": true
  },
  "minecraft:recipes/decorations/mossy_stone_brick_wall": {
    "criteria": {
      "has_mossy_stone_bricks": "2024-08-10 02:36:10 +0000"
    },
    "done": true
  },
  "minecraft:adventure/sleep_in_bed": {
    "criteria": {
      "slept_in_bed": "2024-08-10 01:52:58 +0000"
    },
    "done": true
  },
  "create:recipes/building_blocks/ochrum_pillar_from_stone_types_ochrum_stonecutting": {
    "criteria": {
      "has_stone_types_ochrum": "2024-08-10 03:14:46 +0000"
    },
    "done": true
  },
  "minecraft:recipes/building_blocks/cobblestone_slab_from_cobblestone_stonecutting": {
    "criteria": {
      "has_cobblestone": "2024-08-10 01:44:09 +0000"
    },
    "done": true
  },
  "alexscaves:alexscaves/root": {
    "criteria": {
      "underground_cabin": "2024-08-10 02:19:26 +0000"
    },
    "done": true
  },
  "minecraft:recipes/transportation/cherry_boat": {
    "criteria": {
      "in_water": "2024-08-10 01:49:25 +0000"
    },
    "done": true
  },
  "minecraft:recipes/tools/diamond_pickaxe": {
    "criteria": {
      "has_diamond": "2024-08-10 03:17:21 +0000"
    },
    "done": true
  },
  "minecraft:adventure/kill_all_mobs": {
    "criteria": {
      "minecraft:skeleton": "2024-08-10 02:10:43 +0000",
      "minecraft:spider": "2024-08-10 02:08:36 +0000",
      "minecraft:slime": "2024-08-10 03:24:53 +0000",
      "minecraft:witch": "2024-08-10 03:10:28 +0000",
      "minecraft:cave_spider": "2024-08-10 02:35:53 +0000",
      "minecraft:zombie": "2024-08-10 02:10:01 +0000",
      "minecraft:zombie_villager": "2024-08-10 03:05:16 +0000"
    },
    "done": false
  },
  "storagedrawers:recipes/storagedrawers/illumination_upgrade": {
    "criteria": {
      "has_template": "2024-08-10 01:42:31 +0000"
    },
    "done": true
  },
  "create:recipes/building_blocks/crafting/kinetics/light_blue_seat": {
    "criteria": {
      "has_wool": "2024-08-10 01:46:28 +0000"
    },
    "done": true
  },
  "minecraft:recipes/decorations/granite_wall_from_granite_stonecutting": {
    "criteria": {
      "has_granite": "2024-08-10 02:19:48 +0000"
    },
    "done": true
  },
  "create:recipes/building_blocks/polished_cut_ochrum_stairs_from_stone_types_ochrum_stonecutting": {
    "criteria": {
      "has_stone_types_ochrum": "2024-08-10 03:14:46 +0000"
    },
    "done": true
  },
  "supplementaries:recipes/flint_block": {
    "criteria": {
      "has_flint": "2024-08-10 03:11:33 +0000"
    },
    "done": true
  },
  "create:recipes/building_blocks/polished_cut_tuff_stairs_from_stone_types_tuff_stonecutting": {
    "criteria": {
      "has_stone_types_tuff": "2024-08-10 02:29:43 +0000"
    },
    "done": true
  },
  "minecraft:recipes/combat/golden_chestplate": {
    "criteria": {
      "has_gold_ingot": "2024-08-10 02:36:29 +0000"
    },
    "done": true
  },
  "biomesoplenty:recipes/transportation/umbran_boat": {
    "criteria": {
      "in_water": "2024-08-10 01:49:25 +0000"
    },
    "done": true
  },
  "create:recipes/misc/crafting/logistics/pulse_repeater": {
    "criteria": {
      "has_item": "2024-08-10 02:31:02 +0000"
    },
    "done": true
  },
  "toms_storage:unlock_netherite": {
    "criteria": {
      "inv_changed-netherite": "2024-08-10 01:42:31 +0000"
    },
    "done": true
  },
  "minecraft:recipes/building_blocks/iron_block": {
    "criteria": {
      "has_iron_ingot": "2024-08-10 02:10:25 +0000"
    },
    "done": true
  },
  "mowziesmobs:root": {
    "criteria": {
      "custom_test_name": "2024-08-10 01:42:31 +0000"
    },
    "done": true
  },
  "minecraft:recipes/redstone/tripwire_hook": {
    "criteria": {
      "has_string": "2024-08-10 02:20:46 +0000"
    },
    "done": true
  },
  "create:recipes/misc/smelting/zinc_ingot_from_raw_ore": {
    "criteria": {
      "has_item": "2024-08-10 03:07:57 +0000"
    },
    "done": true
  },
  "farmersdelight:recipes/decorations/cooking_pot": {
    "criteria": {
      "has_iron_ingot": "2024-08-10 02:10:25 +0000"
    },
    "done": true
  },
  "minecraft:recipes/building_blocks/stone": {
    "criteria": {
      "has_cobblestone": "2024-08-10 01:44:09 +0000"
    },
    "done": true
  },
  "minecraft:recipes/transportation/bamboo_raft": {
    "criteria": {
      "in_water": "2024-08-10 01:49:25 +0000"
    },
    "done": true
  },
  "supplementaries:recipes/bomb": {
    "criteria": {
      "has_iron_ingot": "2024-08-10 02:10:25 +0000"
    },
    "done": true
  },
  "minecraft:recipes/building_blocks/mossy_stone_brick_slab": {
    "criteria": {
      "has_mossy_stone_bricks": "2024-08-10 02:36:10 +0000"
    },
    "done": true
  },
  "create:recipes/building_blocks/small_granite_brick_stairs_from_stone_types_granite_stonecutting": {
    "criteria": {
      "has_stone_types_granite": "2024-08-10 02:19:48 +0000"
    },
    "done": true
  },
  "doggytalents:recipes/decorations/wig": {
    "criteria": {
      "has_string": "2024-08-10 02:20:46 +0000"
    },
    "done": true
  },
  "supplementaries:recipes/candle_holders/candle_holder_light_gray": {
    "criteria": {
      "has_iron_ingot": "2024-08-10 02:10:25 +0000"
    },
    "done": true
  },
  "create:recipes/building_blocks/cut_ochrum_slab_from_stone_types_ochrum_stonecutting": {
    "criteria": {
      "has_stone_types_ochrum": "2024-08-10 03:14:46 +0000"
    },
    "done": true
  },
  "create:recipes/misc/crafting/materials/andesite_alloy": {
    "criteria": {
      "has_item": "2024-08-10 02:10:25 +0000"
    },
    "done": true
  },
  "farmersdelight:recipes/cooking/baked_cod_stew": {
    "criteria": {
      "has_any_ingredient": "2024-08-10 02:04:11 +0000"
    },
    "done": true
  },
  "minecraft:recipes/misc/writable_book": {
    "criteria": {
      "has_book": "2024-08-10 03:25:44 +0000"
    },
    "done": true
  },
  "farmersdelight:recipes/combat/golden_knife": {
    "criteria": {
      "has_gold_ingot": "2024-08-10 02:36:29 +0000"
    },
    "done": true
  },
  "minecraft:recipes/decorations/candle": {
    "criteria": {
      "has_string": "2024-08-10 02:20:46 +0000"
    },
    "done": true
  },
  "minecraft:recipes/misc/bone_meal_from_bone_block": {
    "criteria": {
      "has_bone_block": "2024-08-10 03:04:19 +0000"
    },
    "done": true
  },
  "create:recipes/building_blocks/cut_tuff_stairs_from_stone_types_tuff_stonecutting": {
    "criteria": {
      "has_stone_types_tuff": "2024-08-10 02:29:43 +0000"
    },
    "done": true
  },
  "biomesoplenty:recipes/transportation/dead_boat": {
    "criteria": {
      "in_water": "2024-08-10 01:49:25 +0000"
    },
    "done": true
  },
  "create:recipes/building_blocks/tuff_from_stone_types_tuff_stonecutting": {
    "criteria": {
      "has_stone_types_tuff": "2024-08-10 02:29:43 +0000"
    },
    "done": true
  },
  "create:recipes/building_blocks/small_calcite_brick_stairs_from_stone_types_calcite_stonecutting": {
    "criteria": {
      "has_stone_types_calcite": "2024-08-10 03:18:06 +0000"
    },
    "done": true
  },
  "minecraft:recipes/building_blocks/polished_granite_from_granite_stonecutting": {
    "criteria": {
      "has_granite": "2024-08-10 02:19:48 +0000"
    },
    "done": true
  },
  "create:recipes/building_blocks/cut_calcite_bricks_from_stone_types_calcite_stonecutting": {
    "criteria": {
      "has_stone_types_calcite": "2024-08-10 03:18:06 +0000"
    },
    "done": true
  },
  "biomesoplenty:recipes/transportation/magic_boat": {
    "criteria": {
      "in_water": "2024-08-10 01:49:25 +0000"
    },
    "done": true
  },
  "minecraft:recipes/decorations/oak_hanging_sign": {
    "criteria": {
      "has_stripped_logs": "2024-08-10 02:38:31 +0000"
    },
    "done": true
  },
  "minecraft:recipes/misc/leather_horse_armor": {
    "criteria": {
      "has_leather": "2024-08-10 01:59:13 +0000"
    },
    "done": true
  },
  "minecraft:recipes/redstone/target": {
    "criteria": {
      "has_redstone": "2024-08-10 02:31:02 +0000"
    },
    "done": true
  },
  "supplementaries:recipes/ash_brick": {
    "criteria": {
      "forge:ash": "2024-08-10 03:06:02 +0000"
    },
    "done": true
  },
  "minecraft:recipes/tools/diamond_hoe": {
    "criteria": {
      "has_diamond": "2024-08-10 03:17:21 +0000"
    },
    "done": true
  },
  "minecraft:recipes/tools/diamond_shovel": {
    "criteria": {
      "has_diamond": "2024-08-10 03:17:21 +0000"
    },
    "done": true
  },
  "create:recipes/building_blocks/polished_cut_ochrum_slab_from_stone_types_ochrum_stonecutting": {
    "criteria": {
      "has_stone_types_ochrum": "2024-08-10 03:14:46 +0000"
    },
    "done": true
  },
  "minecraft:recipes/building_blocks/granite_slab": {
    "criteria": {
      "has_granite": "2024-08-10 02:19:48 +0000"
    },
    "done": true
  },
  "toms_storage:unlock_chest": {
    "criteria": {
      "inv_changed-chest": "2024-08-10 01:42:31 +0000"
    },
    "done": true
  },
  "create:recipes/building_blocks/cut_ochrum_brick_slab_from_stone_types_ochrum_stonecutting": {
    "criteria": {
      "has_stone_types_ochrum": "2024-08-10 03:14:46 +0000"
    },
    "done": true
  },
  "nyfsarcheryplus:recipes/misc/golden_crossbow_upgrade": {
    "criteria": {
      "has_item": "2024-08-10 02:36:29 +0000"
    },
    "done": true
  },
  "create:recipes/building_blocks/cut_granite_from_stone_types_granite_stonecutting": {
    "criteria": {
      "has_stone_types_granite": "2024-08-10 02:19:48 +0000"
    },
    "done": true
  },
  "minecraft:recipes/redstone/light_weighted_pressure_plate": {
    "criteria": {
      "has_gold_ingot": "2024-08-10 02:36:29 +0000"
    },
    "done": true
  },
  "irons_spellbooks:grant_patchouli": {
    "criteria": {
      "tick": "2024-08-10 01:42:31 +0000"
    },
    "done": true
  },
  "storagedrawers:recipes/storagedrawers/acacia_trim": {
    "criteria": {
      "has_planks": "2024-08-10 01:42:31 +0000"
    },
    "done": true
  },
  "minecraft:recipes/building_blocks/polished_deepslate_stairs_from_cobbled_deepslate_stonecutting": {
    "criteria": {
      "has_cobbled_deepslate": "2024-08-10 02:28:19 +0000"
    },
    "done": true
  },
  "storagedrawers:recipes/storagedrawers/crimson_trim": {
    "criteria": {
      "has_planks": "2024-08-10 01:42:31 +0000"
    },
    "done": true
  },
  "doggytalents:recipes/decorations/locator_orb_shin": {
    "criteria": {
      "has_string": "2024-08-10 02:20:46 +0000"
    },
    "done": true
  },
  "bosses_of_mass_destruction:recipes/void_lily": {
    "criteria": {
      "has_amethyst_shard": "2024-08-10 02:40:56 +0000"
    },
    "done": true
  },
  "minecraft:recipes/tools/compass": {
    "criteria": {
      "has_redstone": "2024-08-10 02:31:02 +0000"
    },
    "done": true
  },
  "supplementaries:recipes/daub_cross_brace": {
    "criteria": {
      "forge:rods/wooden": "2024-08-10 01:43:43 +0000"
    },
    "done": true
  },
  "create:recipes/building_blocks/small_tuff_brick_slab_from_stone_types_tuff_stonecutting": {
    "criteria": {
      "has_stone_types_tuff": "2024-08-10 02:29:43 +0000"
    },
    "done": true
  },
  "doggytalents:recipes/decorations/head_band_blank": {
    "criteria": {
      "has_paper": "2024-08-10 02:40:17 +0000"
    },
    "done": true
  },
  "minecraft:recipes/building_blocks/lime_concrete_powder": {
    "criteria": {
      "has_gravel": "2024-08-10 03:11:16 +0000"
    },
    "done": true
  },
  "create:recipes/building_blocks/cut_granite_brick_stairs_from_stone_types_granite_stonecutting": {
    "criteria": {
      "has_stone_types_granite": "2024-08-10 02:19:48 +0000"
    },
    "done": true
  },
  "supplementaries:recipes/feather_block": {
    "criteria": {
      "has_feather": "2024-08-10 01:52:09 +0000"
    },
    "done": true
  },
  "iceandfire:iceandfire/root": {
    "criteria": {
      "tick": "2024-08-10 01:42:31 +0000"
    },
    "done": true
  },
  "doggytalents:recipes/decorations/tantan_cape": {
    "criteria": {
      "has_leather": "2024-08-10 01:59:13 +0000"
    },
    "done": true
  },
  "doggytalents:recipes/decorations/bach_wig": {
    "criteria": {
      "has_string": "2024-08-10 02:20:46 +0000"
    },
    "done": true
  },
  "minecraft:recipes/redstone/hopper": {
    "criteria": {
      "has_iron_ingot": "2024-08-10 02:10:25 +0000"
    },
    "done": true
  },
  "doggytalents:recipes/decorations/baker_hat": {
    "criteria": {
      "has_bread": "2024-08-10 02:17:32 +0000"
    },
    "done": true
  },
  "minecraft:recipes/redstone/calibrated_sculk_sensor": {
    "criteria": {
      "has_amethyst_shard": "2024-08-10 02:40:56 +0000"
    },
    "done": true
  },
  "minecraft:recipes/misc/gold_ingot_from_smelting_raw_gold": {
    "criteria": {
      "has_raw_gold": "2024-08-10 02:30:12 +0000"
    },
    "done": true
  },
  "minecraft:recipes/building_blocks/tinted_glass": {
    "criteria": {
      "has_amethyst_shard": "2024-08-10 02:40:56 +0000"
    },
    "done": true
  },
  "create:recipes/building_blocks/polished_cut_granite_from_stone_types_granite_stonecutting": {
    "criteria": {
      "has_stone_types_granite": "2024-08-10 02:19:48 +0000"
    },
    "done": true
  },
  "minecraft:recipes/decorations/deepslate_brick_wall_from_cobbled_deepslate_stonecutting": {
    "criteria": {
      "has_cobbled_deepslate": "2024-08-10 02:28:19 +0000"
    },
    "done": true
  },
  "minecraft:recipes/misc/copper_ingot_from_blasting_raw_copper": {
    "criteria": {
      "has_raw_copper": "2024-08-10 02:19:47 +0000"
    },
    "done": true
  },
  "doggytalents:recipes/food/golden_a_five_wagyu": {
    "criteria": {
      "has_cooked_beef": "2024-08-10 02:12:12 +0000"
    },
    "done": true
  },
  "minecraft:recipes/building_blocks/polished_deepslate_from_cobbled_deepslate_stonecutting": {
    "criteria": {
      "has_cobbled_deepslate": "2024-08-10 02:28:19 +0000"
    },
    "done": true
  },
  "sophisticatedbackpacks:recipes/misc/backpack": {
    "criteria": {
      "has_leather": "2024-08-10 01:59:13 +0000"
    },
    "done": true
  },
  "minecraft:recipes/food/cooked_beef_from_smoking": {
    "criteria": {
      "has_beef": "2024-08-10 01:59:13 +0000"
    },
    "done": true
  },
  "minecraft:recipes/building_blocks/orange_concrete_powder": {
    "criteria": {
      "has_gravel": "2024-08-10 03:11:16 +0000"
    },
    "done": true
  },
  "minecraft:recipes/food/cooked_porkchop": {
    "criteria": {
      "has_porkchop": "2024-08-10 01:45:13 +0000"
    },
    "done": true
  },
  "minecraft:recipes/building_blocks/oak_slab": {
    "criteria": {
      "has_planks": "2024-08-10 01:43:19 +0000"
    },
    "done": true
  },
  "minecraft:recipes/building_blocks/raw_copper_block": {
    "criteria": {
      "has_raw_copper": "2024-08-10 02:19:47 +0000"
    },
    "done": true
  },
  "farmersdelight:recipes/food/roasted_mutton_chops": {
    "criteria": {
      "has_mutton": "2024-08-10 01:52:47 +0000"
    },
    "done": true
  },
  "minecraft:recipes/building_blocks/granite_stairs": {
    "criteria": {
      "has_granite": "2024-08-10 02:19:48 +0000"
    },
    "done": true
  },
  "supplementaries:recipes/candle_holders/candle_holder_orange": {
    "criteria": {
      "has_iron_ingot": "2024-08-10 02:10:25 +0000"
    },
    "done": true
  },
  "minecraft:recipes/misc/leather": {
    "criteria": {
      "has_rabbit_hide": "2024-08-10 03:04:13 +0000"
    },
    "done": true
  },
  "doggytalents:recipes/decorations/birthday_hat_alt": {
    "criteria": {
      "has_paper": "2024-08-10 02:40:17 +0000"
    },
    "done": true
  },
  "nyfsarcheryplus:recipes/misc/diamond_crossbow_upgrade": {
    "criteria": {
      "has_item": "2024-08-10 03:17:21 +0000"
    },
    "done": true
  },
  "create:recipes/building_blocks/polished_cut_tuff_wall_from_stone_types_tuff_stonecutting": {
    "criteria": {
      "has_stone_types_tuff": "2024-08-10 02:29:43 +0000"
    },
    "done": true
  },
  "nyfsarcheryplus:recipes/misc/golden_bow_upgrade": {
    "criteria": {
      "has_item": "2024-08-10 02:36:29 +0000"
    },
    "done": true
  },
  "supplementaries:recipes/candle_holders/candle_holder_purple": {
    "criteria": {
      "has_iron_ingot": "2024-08-10 02:10:25 +0000"
    },
    "done": true
  },
  "minecraft:recipes/building_blocks/raw_gold_block": {
    "criteria": {
      "has_raw_gold": "2024-08-10 02:30:12 +0000"
    },
    "done": true
  },
  "minecraft:recipes/combat/iron_boots": {
    "criteria": {
      "has_iron_ingot": "2024-08-10 02:10:25 +0000"
    },
    "done": true
  },
  "comforts:sleeping_bag_white": {
    "criteria": {
      "has_white_wool": "2024-08-10 01:46:28 +0000"
    },
    "done": true
  },
  "supplementaries:recipes/flags/flag_pink": {
    "criteria": {
      "has_stick": "2024-08-10 01:43:43 +0000"
    },
    "done": true
  },
  "minecraft:recipes/building_blocks/granite_stairs_from_granite_stonecutting": {
    "criteria": {
      "has_granite": "2024-08-10 02:19:48 +0000"
    },
    "done": true
  },
  "doggytalents:recipes/tools/feathered_mantle": {
    "criteria": {
      "has_feather": "2024-08-10 01:52:09 +0000"
    },
    "done": true
  },
  "minecraft:recipes/tools/stone_pickaxe": {
    "criteria": {
      "has_cobblestone": "2024-08-10 01:44:09 +0000"
    },
    "done": true
  },
  "create:recipes/building_blocks/layered_calcite_from_stone_types_calcite_stonecutting": {
    "criteria": {
      "has_stone_types_calcite": "2024-08-10 03:18:06 +0000"
    },
    "done": true
  },
  "dungeons_arise:wda_root": {
    "criteria": {
      "WDA": "2024-08-10 01:42:31 +0000"
    },
    "done": true
  },
  "minecraft:recipes/decorations/lantern": {
    "criteria": {
      "has_iron_ingot": "2024-08-10 02:10:25 +0000"
    },
    "done": true
  },
  "minecraft:recipes/building_blocks/cobbled_deepslate_slab_from_cobbled_deepslate_stonecutting": {
    "criteria": {
      "has_cobbled_deepslate": "2024-08-10 02:28:19 +0000"
    },
    "done": true
  },
  "minecraft:recipes/building_blocks/magenta_concrete_powder": {
    "criteria": {
      "has_gravel": "2024-08-10 03:11:16 +0000"
    },
    "done": true
  },
  "minecraft:recipes/decorations/campfire": {
    "criteria": {
      "has_stick": "2024-08-10 01:43:43 +0000"
    },
    "done": true
  },
  "supplementaries:recipes/timber_frame": {
    "criteria": {
      "forge:rods/wooden": "2024-08-10 01:43:43 +0000"
    },
    "done": true
  },
  "minecraft:recipes/building_blocks/deepslate_tile_slab_from_cobbled_deepslate_stonecutting": {
    "criteria": {
      "has_cobbled_deepslate": "2024-08-10 02:28:19 +0000"
    },
    "done": true
  },
  "farmersdelight:recipes/cooking/dumplings": {
    "criteria": {
      "has_any_ingredient": "2024-08-10 01:58:39 +0000"
    },
    "done": true
  },
  "doggytalents:recipes/decorations/conan_suit": {
    "criteria": {
      "has_wool": "2024-08-10 01:46:28 +0000"
    },
    "done": true
  },
  "minecraft:recipes/tools/wooden_hoe": {
    "criteria": {
      "has_stick": "2024-08-10 01:43:43 +0000"
    },
    "done": true
  },
  "minecraft:recipes/decorations/granite_wall": {
    "criteria": {
      "has_granite": "2024-08-10 02:19:48 +0000"
    },
    "done": true
  },
  "supplementaries:recipes/redstone_illuminator": {
    "criteria": {
      "has_redstone": "2024-08-10 02:31:02 +0000"
    },
    "done": true
  },
  "minecraft:recipes/food/cooked_chicken_from_smoking": {
    "criteria": {
      "has_chicken": "2024-08-10 01:51:59 +0000"
    },
    "done": true
  },
  "minecraft:recipes/redstone/oak_fence_gate": {
    "criteria": {
      "has_planks": "2024-08-10 01:43:19 +0000"
    },
    "done": true
  },
  "supplementaries:recipes/candle_holders/candle_holder_red": {
    "criteria": {
      "has_iron_ingot": "2024-08-10 02:10:25 +0000"
    },
    "done": true
  },
  "minecraft:recipes/misc/charcoal": {
    "criteria": {
      "has_log": "2024-08-10 01:42:59 +0000"
    },
    "done": true
  },
  "minecraft:recipes/building_blocks/stone_brick_slab": {
    "criteria": {
      "has_stone_bricks": "2024-08-10 02:36:10 +0000"
    },
    "done": true
  },
  "minecraft:recipes/building_blocks/polished_granite_slab_from_granite_stonecutting": {
    "criteria": {
      "has_granite": "2024-08-10 02:19:48 +0000"
    },
    "done": true
  },
  "minecraft:recipes/tools/iron_shovel": {
    "criteria": {
      "has_iron_ingot": "2024-08-10 02:10:25 +0000"
    },
    "done": true
  },
  "supplementaries:recipes/bubble_blower": {
    "criteria": {
      "has_iron_ingot": "2024-08-10 02:10:25 +0000"
    },
    "done": true
  },
  "minecraft:recipes/food/cooked_salmon_from_campfire_cooking": {
    "criteria": {
      "has_salmon": "2024-08-10 01:49:35 +0000"
    },
    "done": true
  },
  "minecraft:recipes/decorations/item_frame": {
    "criteria": {
      "has_leather": "2024-08-10 01:59:13 +0000"
    },
    "done": true
  },
  "nethersdelight:recipes/tools/iron_machete": {
    "criteria": {
      "has_iron_ingot": "2024-08-10 02:10:25 +0000"
    },
    "done": true
  },
  "doggytalents:recipes/decorations/wool_collar": {
    "criteria": {
      "has_string": "2024-08-10 02:20:46 +0000"
    },
    "done": true
  },
  "farmersdelight:recipes/cooking/pasta_with_meatballs": {
    "criteria": {
      "has_any_ingredient": "2024-08-10 01:59:13 +0000"
    },
    "done": true
  },
  "minecraft:recipes/combat/diamond_helmet": {
    "criteria": {
      "has_diamond": "2024-08-10 03:17:21 +0000"
    },
    "done": true
  },
  "storagedrawers:recipes/storagedrawers/concealment_key": {
    "criteria": {
      "has_template": "2024-08-10 01:42:31 +0000"
    },
    "done": true
  },
  "nyfsarcheryplus:recipes/combat/golden_arrowhead": {
    "criteria": {
      "has_item": "2024-08-10 02:36:29 +0000"
    },
    "done": true
  },
  "doggytalents:recipes/misc/gender_bone": {
    "criteria": {
      "has_string": "2024-08-10 02:20:46 +0000"
    },
    "done": true
  },
  "supplementaries:recipes/slingshot": {
    "criteria": {
      "forge:rods/wooden": "2024-08-10 01:43:43 +0000"
    },
    "done": true
  },
  "supplementaries:recipes/timber_brace": {
    "criteria": {
      "forge:rods/wooden": "2024-08-10 01:43:43 +0000"
    },
    "done": true
  },
  "biomesoplenty:biomesoplenty/root": {
    "criteria": {
      "clover_patch": "2024-08-10 01:50:32 +0000"
    },
    "done": true
  },
  "create:recipes/building_blocks/cut_tuff_brick_slab_from_stone_types_tuff_stonecutting": {
    "criteria": {
      "has_stone_types_tuff": "2024-08-10 02:29:43 +0000"
    },
    "done": true
  },
  "create:recipes/building_blocks/cut_calcite_wall_from_stone_types_calcite_stonecutting": {
    "criteria": {
      "has_stone_types_calcite": "2024-08-10 03:18:06 +0000"
    },
    "done": true
  },
  "supplementaries:recipes/candy": {
    "criteria": {
      "has_paper": "2024-08-10 02:40:17 +0000"
    },
    "done": true
  },
  "minecraft:recipes/redstone/oak_door": {
    "criteria": {
      "has_planks": "2024-08-10 01:43:19 +0000"
    },
    "done": true
  },
  "storagedrawers:recipes/storagedrawers/drawer_key": {
    "criteria": {
      "has_template": "2024-08-10 01:42:31 +0000"
    },
    "done": true
  },
  "create:recipes/building_blocks/granite_pillar_from_stone_types_granite_stonecutting": {
    "criteria": {
      "has_stone_types_granite": "2024-08-10 02:19:48 +0000"
    },
    "done": true
  },
  "supplementaries:recipes/turn_table": {
    "criteria": {
      "minecraft:planks": "2024-08-10 01:43:19 +0000"
    },
    "done": true
  },
  "create:recipes/building_blocks/calcite_pillar_from_stone_types_calcite_stonecutting": {
    "criteria": {
      "has_stone_types_calcite": "2024-08-10 03:18:06 +0000"
    },
    "done": true
  },
  "create:recipes/building_blocks/polished_cut_granite_wall_from_stone_types_granite_stonecutting": {
    "criteria": {
      "has_stone_types_granite": "2024-08-10 02:19:48 +0000"
    },
    "done": true
  },
  "minecraft:recipes/combat/golden_sword": {
    "criteria": {
      "has_gold_ingot": "2024-08-10 02:36:29 +0000"
    },
    "done": true
  },
  "nyfsarcheryplus:recipes/misc/iron_crossbow_upgrade": {
    "criteria": {
      "has_item": "2024-08-10 02:10:25 +0000"
    },
    "done": true
  },
  "minecraft:recipes/tools/wooden_shovel": {
    "criteria": {
      "has_stick": "2024-08-10 01:43:43 +0000"
    },
    "done": true
  },
  "minecraft:recipes/building_blocks/cobblestone_slab": {
    "criteria": {
      "has_cobblestone": "2024-08-10 01:44:09 +0000"
    },
    "done": true
  },
  "minecraft:recipes/building_blocks/gold_block": {
    "criteria": {
      "has_gold_ingot": "2024-08-10 02:36:29 +0000"
    },
    "done": true
  },
  "paraglider:recipes/misc/paraglider": {
    "criteria": {
      "has_stick": "2024-08-10 01:43:43 +0000"
    },
    "done": true
  },
  "storagedrawers:recipes/storagedrawers/min_redstone_upgrade": {
    "criteria": {
      "has_template": "2024-08-10 01:42:31 +0000"
    },
    "done": true
  },
  "minecraft:recipes/transportation/acacia_boat": {
    "criteria": {
      "in_water": "2024-08-10 01:49:25 +0000"
    },
    "done": true
  },
  "minecraft:recipes/redstone/iron_trapdoor": {
    "criteria": {
      "has_iron_ingot": "2024-08-10 02:10:25 +0000"
    },
    "done": true
  },
  "minecraft:adventure/root": {
    "criteria": {
      "killed_something": "2024-08-10 01:45:12 +0000"
    },
    "done": true
  },
  "minecraft:recipes/redstone/redstone_block": {
    "criteria": {
      "has_redstone": "2024-08-10 02:31:02 +0000"
    },
    "done": true
  },
  "supplementaries:recipes/clock_block": {
    "criteria": {
      "minecraft:planks": "2024-08-10 01:43:19 +0000"
    },
    "done": true
  },
  "nyfsarcheryplus:recipes/misc/diamond_bow_upgrade": {
    "criteria": {
      "has_item": "2024-08-10 03:17:21 +0000"
    },
    "done": true
  },
  "supplementaries:recipes/flags/flag_black": {
    "criteria": {
      "has_stick": "2024-08-10 01:43:43 +0000"
    },
    "done": true
  },
  "create:recipes/building_blocks/cut_ochrum_brick_stairs_from_stone_types_ochrum_stonecutting": {
    "criteria": {
      "has_stone_types_ochrum": "2024-08-10 03:14:46 +0000"
    },
    "done": true
  },
  "minecraft:recipes/decorations/deepslate_tile_wall_from_cobbled_deepslate_stonecutting": {
    "criteria": {
      "has_cobbled_deepslate": "2024-08-10 02:28:19 +0000"
    },
    "done": true
  },
  "minecraft:recipes/misc/iron_ingot_from_blasting_raw_iron": {
    "criteria": {
      "has_raw_iron": "2024-08-10 02:09:11 +0000"
    },
    "done": true
  },
  "minecraft:recipes/redstone/slime_block": {
    "criteria": {
      "has_slime_ball": "2024-08-10 03:24:58 +0000"
    },
    "done": true
  },
  "minecraft:recipes/combat/wooden_sword": {
    "criteria": {
      "has_stick": "2024-08-10 01:43:43 +0000"
    },
    "done": true
  },
  "minecraft:recipes/building_blocks/oak_planks": {
    "criteria": {
      "has_logs": "2024-08-10 01:42:59 +0000"
    },
    "done": true
  },
  "doggytalents:recipes/decorations/hot_dog": {
    "criteria": {
      "has_bread": "2024-08-10 02:17:32 +0000"
    },
    "done": true
  },
  "minecraft:recipes/building_blocks/black_concrete_powder": {
    "criteria": {
      "has_gravel": "2024-08-10 03:11:16 +0000"
    },
    "done": true
  },
  "minecraft:recipes/combat/crossbow": {
    "criteria": {
      "has_iron_ingot": "2024-08-10 02:10:25 +0000"
    },
    "done": true
  },
  "farmersdelight:recipes/food/shepherds_pie_block": {
    "criteria": {
      "has_cooked_mutton": "2024-08-10 01:52:47 +0000"
    },
    "done": true
  },
  "minecraft:recipes/food/cooked_porkchop_from_smoking": {
    "criteria": {
      "has_porkchop": "2024-08-10 01:45:13 +0000"
    },
    "done": true
  },
  "betterdungeons:root": {
    "criteria": {
      "always": "2024-08-10 01:42:31 +0000"
    },
    "done": true
  },
  "supplementaries:recipes/present": {
    "criteria": {
      "has_paper": "2024-08-10 02:40:17 +0000"
    },
    "done": true
  },
  "create:recipes/building_blocks/crafting/kinetics/green_seat": {
    "criteria": {
      "has_wool": "2024-08-10 01:46:28 +0000"
    },
    "done": true
  },
  "minecraft:recipes/decorations/barrel": {
    "criteria": {
      "has_planks": "2024-08-10 01:43:19 +0000"
    },
    "done": true
  },
  "minecraft:recipes/combat/leather_boots": {
    "criteria": {
      "has_leather": "2024-08-10 01:59:13 +0000"
    },
    "done": true
  },
  "supplementaries:recipes/flags/flag_green": {
    "criteria": {
      "has_stick": "2024-08-10 01:43:43 +0000"
    },
    "done": true
  },
  "minecraft:recipes/decorations/cobblestone_wall_from_cobblestone_stonecutting": {
    "criteria": {
      "has_cobblestone": "2024-08-10 01:44:09 +0000"
    },
    "done": true
  },
  "minecraft:recipes/building_blocks/diamond_block": {
    "criteria": {
      "has_diamond": "2024-08-10 03:17:21 +0000"
    },
    "done": true
  },
  "minecraft:recipes/building_blocks/stripped_oak_wood": {
    "criteria": {
      "has_log": "2024-08-10 02:38:31 +0000"
    },
    "done": true
  },
  "doggytalents:recipes/decorations/cape_coloured": {
    "criteria": {
      "has_leather": "2024-08-10 01:59:13 +0000"
    },
    "done": true
  },
  "create:recipes/building_blocks/crafting/kinetics/purple_seat": {
    "criteria": {
      "has_wool": "2024-08-10 01:46:28 +0000"
    },
    "done": true
  },
  "minecraft:recipes/decorations/white_bed": {
    "criteria": {
      "has_white_wool": "2024-08-10 01:46:28 +0000"
    },
    "done": true
  },
  "doggytalents:recipes/decorations/dog_plushie_toy_item": {
    "criteria": {
      "has_white_wool": "2024-08-10 01:46:28 +0000"
    },
    "done": true
  },
  "minecraft:recipes/building_blocks/cobblestone_stairs": {
    "criteria": {
      "has_cobblestone": "2024-08-10 01:44:09 +0000"
    },
    "done": true
  },
  "minecraft:recipes/building_blocks/mossy_stone_brick_stairs_from_mossy_stone_brick_stonecutting": {
    "criteria": {
      "has_mossy_stone_bricks": "2024-08-10 02:36:10 +0000"
    },
    "done": true
  },
  "farmersdelight:recipes/combat/iron_knife": {
    "criteria": {
      "has_iron_ingot": "2024-08-10 02:10:25 +0000"
    },
    "done": true
  },
  "minecraft:recipes/building_blocks/purple_concrete_powder": {
    "criteria": {
      "has_gravel": "2024-08-10 03:11:16 +0000"
    },
    "done": true
  },
  "supplementaries:recipes/candle_holders/candle_holder_magenta": {
    "criteria": {
      "has_iron_ingot": "2024-08-10 02:10:25 +0000"
    },
    "done": true
  },
  "minecraft:recipes/combat/spectral_arrow": {
    "criteria": {
      "has_glowstone_dust": "2024-08-10 03:10:58 +0000"
    },
    "done": true
  },
  "supplementaries:recipes/sack": {
    "criteria": {
      "has_string": "2024-08-10 02:20:46 +0000"
    },
    "done": true
  },
  "supplementaries:recipes/flags/flag_purple": {
    "criteria": {
      "has_stick": "2024-08-10 01:43:43 +0000"
    },
    "done": true
  },
  "minecraft:story/mine_diamond": {
    "criteria": {
      "diamond": "2024-08-10 03:17:21 +0000"
    },
    "done": true
  },
  "minecraft:recipes/building_blocks/polished_granite_stairs_from_granite_stonecutting": {
    "criteria": {
      "has_granite": "2024-08-10 02:19:48 +0000"
    },
    "done": true
  },
  "minecraft:recipes/building_blocks/cyan_concrete_powder": {
    "criteria": {
      "has_gravel": "2024-08-10 03:11:16 +0000"
    },
    "done": true
  },
  "doggytalents:recipes/food/super_treat": {
    "criteria": {
      "has_golden_apple": "2024-08-10 02:44:11 +0000"
    },
    "done": true
  },
  "minecraft:recipes/tools/stone_shovel": {
    "criteria": {
      "has_cobblestone": "2024-08-10 01:44:09 +0000"
    },
    "done": true
  },
  "minecraft:recipes/building_blocks/oak_wood": {
    "criteria": {
      "has_log": "2024-08-10 01:42:59 +0000"
    },
    "done": true
  },
  "minecraft:recipes/building_blocks/mossy_stone_brick_slab_from_mossy_stone_brick_stonecutting": {
    "criteria": {
      "has_mossy_stone_bricks": "2024-08-10 02:36:10 +0000"
    },
    "done": true
  },
  "minecraft:recipes/food/cooked_beef": {
    "criteria": {
      "has_beef": "2024-08-10 01:59:13 +0000"
    },
    "done": true
  },
  "doggytalents:recipes/tools/throw_stick": {
    "criteria": {
      "has_slime_ball": "2024-08-10 03:24:58 +0000"
    },
    "done": true
  },
  "supplementaries:recipes/flags/flag_white": {
    "criteria": {
      "has_stick": "2024-08-10 01:43:43 +0000"
    },
    "done": true
  },
  "minecraft:recipes/transportation/jungle_boat": {
    "criteria": {
      "in_water": "2024-08-10 01:49:25 +0000"
    },
    "done": true
  },
  "supplementaries:recipes/hourglass": {
    "criteria": {
      "has_gold_ingot": "2024-08-10 02:36:29 +0000"
    },
    "done": true
  },
  "minecraft:recipes/redstone/heavy_weighted_pressure_plate": {
    "criteria": {
      "has_iron_ingot": "2024-08-10 02:10:25 +0000"
    },
    "done": true
  },
  "create:recipes/building_blocks/polished_cut_calcite_from_stone_types_calcite_stonecutting": {
    "criteria": {
      "has_stone_types_calcite": "2024-08-10 03:18:06 +0000"
    },
    "done": true
  },
  "doggytalents:recipes/decorations/locator_orb_dyable": {
    "criteria": {
      "has_string": "2024-08-10 02:20:46 +0000"
    },
    "done": true
  },
  "storagedrawers:recipes/storagedrawers/gold_storage_upgrade": {
    "criteria": {
      "has_template": "2024-08-10 01:42:31 +0000"
    },
    "done": true
  },
  "twilightforest:recipes/transportation/twilight_oak_boat": {
    "criteria": {
      "in_water": "2024-08-10 01:49:25 +0000"
    },
    "done": true
  },
  "minecraft:recipes/redstone/lever": {
    "criteria": {
      "has_cobblestone": "2024-08-10 01:44:09 +0000"
    },
    "done": true
  },
  "farmersdelight:recipes/cooking/dog_food": {
    "criteria": {
      "has_any_ingredient": "2024-08-10 02:12:50 +0000"
    },
    "done": true
  },
  "farmersdelight:recipes/food/fried_egg_from_smoking": {
    "criteria": {
      "fried_egg": "2024-08-10 02:04:11 +0000"
    },
    "done": true
  },
  "farmersdelight:recipes/combat/diamond_knife": {
    "criteria": {
      "has_diamond": "2024-08-10 03:17:21 +0000"
    },
    "done": true
  },
  "twilightforest:recipes/transportation/time_boat": {
    "criteria": {
      "in_water": "2024-08-10 01:49:25 +0000"
    },
    "done": true
  },
  "deeperdarker:main/root": {
    "criteria": {
      "deep_dark": "2024-08-10 02:30:46 +0000"
    },
    "done": true
  },
  "create:recipes/building_blocks/small_tuff_brick_stairs_from_stone_types_tuff_stonecutting": {
    "criteria": {
      "has_stone_types_tuff": "2024-08-10 02:29:43 +0000"
    },
    "done": true
  },
  "minecraft:recipes/food/cake": {
    "criteria": {
      "has_egg": "2024-08-10 02:04:11 +0000"
    },
    "done": true
  },
  "minecraft:recipes/combat/iron_leggings": {
    "criteria": {
      "has_iron_ingot": "2024-08-10 02:10:25 +0000"
    },
    "done": true
  },
  "twilightforest:recipes/transportation/mining_boat": {
    "criteria": {
      "in_water": "2024-08-10 01:49:25 +0000"
    },
    "done": true
  },
  "minecraft:recipes/building_blocks/coarse_dirt": {
    "criteria": {
      "has_gravel": "2024-08-10 03:11:16 +0000"
    },
    "done": true
  },
  "minecraft:recipes/building_blocks/light_gray_concrete_powder": {
    "criteria": {
      "has_gravel": "2024-08-10 03:11:16 +0000"
    },
    "done": true
  },
  "iceandfire:recipes/misc/dragon_meal": {
    "criteria": {
      "has_item": "2024-08-10 01:45:13 +0000"
    },
    "done": true
  },
  "minecraft:recipes/combat/leather_leggings": {
    "criteria": {
      "has_leather": "2024-08-10 01:59:13 +0000"
    },
    "done": true
  },
  "minecraft:recipes/building_blocks/pink_concrete_powder": {
    "criteria": {
      "has_gravel": "2024-08-10 03:11:16 +0000"
    },
    "done": true
  },
  "supplementaries:recipes/timber_cross_brace": {
    "criteria": {
      "forge:rods/wooden": "2024-08-10 01:43:43 +0000"
    },
    "done": true
  },
  "doggytalents:recipes/decorations/leather_jacket": {
    "criteria": {
      "has_leather": "2024-08-10 01:59:13 +0000"
    },
    "done": true
  },
  "doggytalents:recipes/decorations/frisbee": {
    "criteria": {
      "has_slime_ball": "2024-08-10 03:24:58 +0000"
    },
    "done": true
  },
  "minecraft:story/obtain_armor": {
    "criteria": {
      "iron_chestplate": "2024-08-10 02:39:09 +0000"
    },
    "done": true
  },
  "minecraft:recipes/combat/diamond_leggings": {
    "criteria": {
      "has_diamond": "2024-08-10 03:17:21 +0000"
    },
    "done": true
  },
  "farmersdelight:recipes/cooking/fish_stew": {
    "criteria": {
      "has_any_ingredient": "2024-08-10 01:49:35 +0000"
    },
    "done": true
  },
  "create:recipes/building_blocks/small_ochrum_brick_stairs_from_stone_types_ochrum_stonecutting": {
    "criteria": {
      "has_stone_types_ochrum": "2024-08-10 03:14:46 +0000"
    },
    "done": true
  },
  "minecraft:recipes/misc/iron_nugget_from_smelting": {
    "criteria": {
      "has_iron_pickaxe": "2024-08-10 02:11:35 +0000"
    },
    "done": true
  },
  "minecraft:recipes/misc/blue_dye": {
    "criteria": {
      "has_lapis_lazuli": "2024-08-10 02:27:16 +0000"
    },
    "done": true
  },
  "create:recipes/building_blocks/cut_ochrum_wall_from_stone_types_ochrum_stonecutting": {
    "criteria": {
      "has_stone_types_ochrum": "2024-08-10 03:14:46 +0000"
    },
    "done": true
  },
  "doggytalents:recipes/tools/shrinking_mallet": {
    "criteria": {
      "has_gold_ingot": "2024-08-10 02:36:29 +0000"
    },
    "done": true
  },
  "minecraft:recipes/building_blocks/bookshelf": {
    "criteria": {
      "has_book": "2024-08-10 03:25:44 +0000"
    },
    "done": true
  },
  "create:recipes/building_blocks/small_tuff_bricks_from_stone_types_tuff_stonecutting": {
    "criteria": {
      "has_stone_types_tuff": "2024-08-10 02:29:43 +0000"
    },
    "done": true
  },
  "minecraft:story/iron_tools": {
    "criteria": {
      "iron_pickaxe": "2024-08-10 02:11:35 +0000"
    },
    "done": true
  },
  "minecraft:recipes/combat/iron_chestplate": {
    "criteria": {
      "has_iron_ingot": "2024-08-10 02:10:25 +0000"
    },
    "done": true
  },
  "minecraft:recipes/redstone/oak_trapdoor": {
    "criteria": {
      "has_planks": "2024-08-10 01:43:19 +0000"
    },
    "done": true
  },
  "minecraft:recipes/building_blocks/deepslate_brick_stairs_from_cobbled_deepslate_stonecutting": {
    "criteria": {
      "has_cobbled_deepslate": "2024-08-10 02:28:19 +0000"
    },
    "done": true
  },
  "minecraft:recipes/misc/book": {
    "criteria": {
      "has_paper": "2024-08-10 02:40:17 +0000"
    },
    "done": true
  },
  "create:recipes/building_blocks/crafting/kinetics/brown_seat": {
    "criteria": {
      "has_wool": "2024-08-10 01:46:28 +0000"
    },
    "done": true
  },
  "minecraft:recipes/combat/stone_sword": {
    "criteria": {
      "has_cobblestone": "2024-08-10 01:44:09 +0000"
    },
    "done": true
  },
  "minecraft:recipes/decorations/cobblestone_wall": {
    "criteria": {
      "has_cobblestone": "2024-08-10 01:44:09 +0000"
    },
    "done": true
  },
  "iceandfire:recipes/misc/silver_ingot_to_silver_nugget": {
    "criteria": {
      "has_silver_ingot": "2024-08-10 02:13:11 +0000"
    },
    "done": true
  },
  "minecraft:recipes/food/cooked_chicken": {
    "criteria": {
      "has_chicken": "2024-08-10 01:51:59 +0000"
    },
    "done": true
  },
  "minecraft:recipes/tools/stone_axe": {
    "criteria": {
      "has_cobblestone": "2024-08-10 01:44:09 +0000"
    },
    "done": true
  },
  "create:recipes/misc/blasting/zinc_ingot_from_raw_ore": {
    "criteria": {
      "has_item": "2024-08-10 03:07:57 +0000"
    },
    "done": true
  },
  "create:recipes/building_blocks/cut_granite_brick_wall_from_stone_types_granite_stonecutting": {
    "criteria": {
      "has_stone_types_granite": "2024-08-10 02:19:48 +0000"
    },
    "done": true
  },
  "supplementaries:recipes/flags/flag_brown": {
    "criteria": {
      "has_stick": "2024-08-10 01:43:43 +0000"
    },
    "done": true
  },
  "minecraft:recipes/misc/iron_nugget": {
    "criteria": {
      "has_iron_ingot": "2024-08-10 02:10:25 +0000"
    },
    "done": true
  },
  "supplementaries:recipes/flags/flag_gray": {
    "criteria": {
      "has_stick": "2024-08-10 01:43:43 +0000"
    },
    "done": true
  },
  "minecraft:recipes/building_blocks/brown_concrete_powder": {
    "criteria": {
      "has_gravel": "2024-08-10 03:11:16 +0000"
    },
    "done": true
  },
  "create:recipes/building_blocks/cut_calcite_slab_from_stone_types_calcite_stonecutting": {
    "criteria": {
      "has_stone_types_calcite": "2024-08-10 03:18:06 +0000"
    },
    "done": true
  },
  "farmersdelight:recipes/combat/flint_knife": {
    "criteria": {
      "has_stick": "2024-08-10 01:43:43 +0000"
    },
    "done": true
  },
  "minecraft:recipes/misc/bucket": {
    "criteria": {
      "has_iron_ingot": "2024-08-10 02:10:25 +0000"
    },
    "done": true
  },
  "create:recipes/building_blocks/small_calcite_brick_slab_from_stone_types_calcite_stonecutting": {
    "criteria": {
      "has_stone_types_calcite": "2024-08-10 03:18:06 +0000"
    },
    "done": true
  },
  "iceandfire:recipes/misc/blindfold": {
    "criteria": {
      "has_item": "2024-08-10 01:59:13 +0000"
    },
    "done": true
  },
  "supplementaries:recipes/flower_box": {
    "criteria": {
      "has_dirt": "2024-08-10 01:43:56 +0000"
    },
    "done": true
  },
  "minecraft:recipes/building_blocks/light_blue_concrete_powder": {
    "criteria": {
      "has_gravel": "2024-08-10 03:11:16 +0000"
    },
    "done": true
  },
  "iceandfire:recipes/tools/silver_ingot_from_smelting_raw_silver": {
    "criteria": {
      "has_raw_silver": "2024-08-10 02:09:03 +0000"
    },
    "done": true
  },
  "minecraft:recipes/combat/bow": {
    "criteria": {
      "has_string": "2024-08-10 02:20:46 +0000"
    },
    "done": true
  },
  "minecraft:recipes/transportation/minecart": {
    "criteria": {
      "has_iron_ingot": "2024-08-10 02:10:25 +0000"
    },
    "done": true
  },
  "supplementaries:recipes/faucet": {
    "criteria": {
      "forge:rods/wooden": "2024-08-10 01:43:43 +0000"
    },
    "done": true
  },
  "create:recipes/building_blocks/crafting/kinetics/gray_seat": {
    "criteria": {
      "has_wool": "2024-08-10 01:46:28 +0000"
    },
    "done": true
  },
  "minecraft:recipes/tools/iron_hoe": {
    "criteria": {
      "has_iron_ingot": "2024-08-10 02:10:25 +0000"
    },
    "done": true
  },
  "create:recipes/building_blocks/polished_cut_granite_stairs_from_stone_types_granite_stonecutting": {
    "criteria": {
      "has_stone_types_granite": "2024-08-10 02:19:48 +0000"
    },
    "done": true
  },
  "minecraft:recipes/tools/clock": {
    "criteria": {
      "has_redstone": "2024-08-10 02:31:02 +0000"
    },
    "done": true
  },
  "create:recipes/building_blocks/layered_granite_from_stone_types_granite_stonecutting": {
    "criteria": {
      "has_stone_types_granite": "2024-08-10 02:19:48 +0000"
    },
    "done": true
  },
  "supplementaries:recipes/candle_holders/candle_holder_pink": {
    "criteria": {
      "has_iron_ingot": "2024-08-10 02:10:25 +0000"
    },
    "done": true
  },
  "doggytalents:recipes/food/breeding_bone": {
    "criteria": {
      "has_cooked_porkchop": "2024-08-10 01:54:16 +0000"
    },
    "done": true
  },
  "farmersdelight:recipes/cooking/noodle_soup": {
    "criteria": {
      "has_any_ingredient": "2024-08-10 01:45:13 +0000"
    },
    "done": true
  },
  "minecraft:recipes/decorations/painting": {
    "criteria": {
      "has_wool": "2024-08-10 01:46:28 +0000"
    },
    "done": true
  },
  "minecraft:recipes/combat/arrow": {
    "criteria": {
      "has_feather": "2024-08-10 01:52:09 +0000"
    },
    "done": true
  },
  "create:recipes/building_blocks/crafting/kinetics/red_seat": {
    "criteria": {
      "has_wool": "2024-08-10 01:46:28 +0000"
    },
    "done": true
  },
  "minecraft:recipes/combat/golden_helmet": {
    "criteria": {
      "has_gold_ingot": "2024-08-10 02:36:29 +0000"
    },
    "done": true
  },
  "create:recipes/building_blocks/crafting/kinetics/light_gray_seat": {
    "criteria": {
      "has_wool": "2024-08-10 01:46:28 +0000"
    },
    "done": true
  },
  "supplementaries:recipes/gold_trapdoor": {
    "criteria": {
      "has_gold_ingot": "2024-08-10 02:36:29 +0000"
    },
    "done": true
  },
  "minecraft:recipes/food/cooked_salmon": {
    "criteria": {
      "has_salmon": "2024-08-10 01:49:35 +0000"
    },
    "done": true
  },
  "create:recipes/building_blocks/crafting/kinetics/orange_seat": {
    "criteria": {
      "has_wool": "2024-08-10 01:46:28 +0000"
    },
    "done": true
  },
  "doggytalents:recipes/food/uncooked_rice_bowl": {
    "criteria": {
      "has_dtn_rice_grains": "2024-08-10 02:04:40 +0000"
    },
    "done": true
  },
  "doggytalents:recipes/decorations/guard_suit": {
    "criteria": {
      "has_string": "2024-08-10 02:20:46 +0000"
    },
    "done": true
  },
  "twilightforest:recipes/transportation/mangrove_boat": {
    "criteria": {
      "in_water": "2024-08-10 01:49:25 +0000"
    },
    "done": true
  },
  "minecraft:story/smelt_iron": {
    "criteria": {
      "iron": "2024-08-10 02:10:25 +0000"
    },
    "done": true
  },
  "supplementaries:recipes/candle_holders/candle_holder_white": {
    "criteria": {
      "has_iron_ingot": "2024-08-10 02:10:25 +0000"
    },
    "done": true
  },
  "minecraft:recipes/tools/fishing_rod": {
    "criteria": {
      "has_string": "2024-08-10 02:20:46 +0000"
    },
    "done": true
  },
  "minecraft:recipes/decorations/smoker": {
    "criteria": {
      "has_furnace": "2024-08-10 01:45:01 +0000"
    },
    "done": true
  },
  "minecraft:recipes/building_blocks/chiseled_deepslate_from_cobbled_deepslate_stonecutting": {
    "criteria": {
      "has_cobbled_deepslate": "2024-08-10 02:28:19 +0000"
    },
    "done": true
  },
  "create:recipes/building_blocks/layered_tuff_from_stone_types_tuff_stonecutting": {
    "criteria": {
      "has_stone_types_tuff": "2024-08-10 02:29:43 +0000"
    },
    "done": true
  },
  "minecraft:recipes/building_blocks/chiseled_stone_bricks": {
    "criteria": {
      "has_tag": "2024-08-10 02:36:10 +0000"
    },
    "done": true
  },
  "supplementaries:recipes/bed_from_feather_block": {
    "criteria": {
      "minecraft:planks": "2024-08-10 01:43:19 +0000"
    },
    "done": true
  },
  "supplementaries:recipes/checker": {
    "criteria": {
      "has_cobblestone": "2024-08-10 01:44:09 +0000"
    },
    "done": true
  },
  "minecraft:recipes/decorations/cobbled_deepslate_wall_from_cobbled_deepslate_stonecutting": {
    "criteria": {
      "has_cobbled_deepslate": "2024-08-10 02:28:19 +0000"
    },
    "done": true
  },
  "doggytalents:recipes/tools/throw_bone": {
    "criteria": {
      "has_bone": "2024-08-10 02:31:26 +0000"
    },
    "done": true
  },
  "create:recipes/misc/crafting/schematics/schematic_and_quill": {
    "criteria": {
      "has_item": "2024-08-10 02:40:17 +0000"
    },
    "done": true
  },
  "biomesoplenty:recipes/transportation/fir_boat": {
    "criteria": {
      "in_water": "2024-08-10 01:49:25 +0000"
    },
    "done": true
  },
  "storagedrawers:recipes/storagedrawers/birch_trim": {
    "criteria": {
      "has_planks": "2024-08-10 01:42:31 +0000"
    },
    "done": true
  },
  "create:recipes/misc/crafting/schematics/empty_schematic": {
    "criteria": {
      "has_item": "2024-08-10 02:40:17 +0000"
    },
    "done": true
  },
  "twilightforest:recipes/transportation/transformation_boat": {
    "criteria": {
      "in_water": "2024-08-10 01:49:25 +0000"
    },
    "done": true
  },
  "iceandfire:recipes/building_blocks/silver_ingot_to_silver_block": {
    "criteria": {
      "has_silver_ingot": "2024-08-10 02:13:11 +0000"
    },
    "done": true
  },
  "biomesoplenty:biomesoplenty/all_biomes": {
    "criteria": {
      "clover_patch": "2024-08-10 01:50:32 +0000"
    },
    "done": false
  },
  "minecraft:recipes/building_blocks/oak_stairs": {
    "criteria": {
      "has_planks": "2024-08-10 01:43:19 +0000"
    },
    "done": true
  },
  "storagedrawers:recipes/storagedrawers/void_upgrade": {
    "criteria": {
      "has_template": "2024-08-10 01:42:31 +0000"
    },
    "done": true
  },
  "storagedrawers:recipes/storagedrawers/warped_trim": {
    "criteria": {
      "has_planks": "2024-08-10 01:42:31 +0000"
    },
    "done": true
  },
  "minecraft:recipes/building_blocks/white_concrete_powder": {
    "criteria": {
      "has_gravel": "2024-08-10 03:11:16 +0000"
    },
    "done": true
  },
  "minecraft:recipes/decorations/chain": {
    "criteria": {
      "has_iron_ingot": "2024-08-10 02:10:25 +0000"
    },
    "done": true
  },
  "create:recipes/building_blocks/layered_ochrum_from_stone_types_ochrum_stonecutting": {
    "criteria": {
      "has_stone_types_ochrum": "2024-08-10 03:14:46 +0000"
    },
    "done": true
  },
  "minecraft:recipes/decorations/oak_fence": {
    "criteria": {
      "has_planks": "2024-08-10 01:43:19 +0000"
    },
    "done": true
  },
  "storagedrawers:recipes/storagedrawers/jungle_trim": {
    "criteria": {
      "has_planks": "2024-08-10 01:42:31 +0000"
    },
    "done": true
  },
  "create:recipes/building_blocks/ochrum_from_stone_types_ochrum_stonecutting": {
    "criteria": {
      "has_stone_types_ochrum": "2024-08-10 03:14:46 +0000"
    },
    "done": true
  },
  "minecraft:recipes/food/cooked_porkchop_from_campfire_cooking": {
    "criteria": {
      "has_porkchop": "2024-08-10 01:45:13 +0000"
    },
    "done": true
  },
  "minecraft:recipes/building_blocks/chiseled_bookshelf": {
    "criteria": {
      "has_book": "2024-08-10 03:25:44 +0000"
    },
    "done": true
  },
  "farmersdelight:recipes/cooking/pumpkin_soup": {
    "criteria": {
      "has_any_ingredient": "2024-08-10 01:45:13 +0000"
    },
    "done": true
  },
  "doggytalents:recipes/decorations/locator_orb_rei": {
    "criteria": {
      "has_string": "2024-08-10 02:20:46 +0000"
    },
    "done": true
  },
  "create:recipes/building_blocks/cut_tuff_brick_stairs_from_stone_types_tuff_stonecutting": {
    "criteria": {
      "has_stone_types_tuff": "2024-08-10 02:29:43 +0000"
    },
    "done": true
  },
  "supplementaries:recipes/sconce": {
    "criteria": {
      "has_torch": "2024-08-10 02:07:53 +0000"
    },
    "done": true
  },
  "storagedrawers:recipes/storagedrawers/fill_level_upgrade": {
    "criteria": {
      "has_template": "2024-08-10 01:42:31 +0000"
    },
    "done": true
  },
  "storagedrawers:recipes/storagedrawers/max_redstone_upgrade": {
    "criteria": {
      "has_template": "2024-08-10 01:42:31 +0000"
    },
    "done": true
  },
  "create:recipes/building_blocks/small_granite_brick_wall_from_stone_types_granite_stonecutting": {
    "criteria": {
      "has_stone_types_granite": "2024-08-10 02:19:48 +0000"
    },
    "done": true
  },
  "doggytalents:recipes/decorations/lab_coat": {
    "criteria": {
      "has_wool": "2024-08-10 01:46:28 +0000"
    },
    "done": true
  },
  "minecraft:recipes/misc/bone_meal": {
    "criteria": {
      "has_bone": "2024-08-10 02:31:26 +0000"
    },
    "done": true
  },
  "doggytalents:recipes/tools/magnifying_bone": {
    "criteria": {
      "has_gold_ingot": "2024-08-10 02:36:29 +0000"
    },
    "done": true
  },
  "create:recipes/building_blocks/tuff_pillar_from_stone_types_tuff_stonecutting": {
    "criteria": {
      "has_stone_types_tuff": "2024-08-10 02:29:43 +0000"
    },
    "done": true
  },
  "minecraft:recipes/decorations/cobbled_deepslate_wall": {
    "criteria": {
      "has_cobbled_deepslate": "2024-08-10 02:28:19 +0000"
    },
    "done": true
  },
  "minecraft:recipes/decorations/polished_deepslate_wall_from_cobbled_deepslate_stonecutting": {
    "criteria": {
      "has_cobbled_deepslate": "2024-08-10 02:28:19 +0000"
    },
    "done": true
  },
  "alexsmobs:alexsmobs/seagull_steal": {
    "criteria": {
      "ex": "2024-08-10 01:56:27 +0000"
    },
    "done": true
  },
  "iceandfire:recipes/misc/earplugs": {
    "criteria": {
      "has_item": "2024-08-10 01:43:19 +0000"
    },
    "done": true
  },
  "create:recipes/building_blocks/cut_calcite_brick_slab_from_stone_types_calcite_stonecutting": {
    "criteria": {
      "has_stone_types_calcite": "2024-08-10 03:18:06 +0000"
    },
    "done": true
  },
  "farmersdelight:recipes/food/barbecue_stick": {
    "criteria": {
      "has_onion": "2024-08-10 01:58:39 +0000"
    },
    "done": true
  },
  "nyfsarcheryplus:recipes/misc/iron_bow_upgrade": {
    "criteria": {
      "has_item": "2024-08-10 02:10:25 +0000"
    },
    "done": true
  },
  "minecraft:recipes/decorations/smithing_table": {
    "criteria": {
      "has_iron_ingot": "2024-08-10 02:10:25 +0000"
    },
    "done": true
  },
  "supplementaries:recipes/speaker_block": {
    "criteria": {
      "minecraft:planks": "2024-08-10 01:43:19 +0000"
    },
    "done": true
  },
  "supplementaries:recipes/bellows": {
    "criteria": {
      "has_leather": "2024-08-10 01:59:13 +0000"
    },
    "done": true
  },
  "supplementaries:recipes/flags/flag_light_blue": {
    "criteria": {
      "has_stick": "2024-08-10 01:43:43 +0000"
    },
    "done": true
  },
  "create:recipes/misc/crafting/logistics/powered_latch": {
    "criteria": {
      "has_item": "2024-08-10 02:31:02 +0000"
    },
    "done": true
  },
  "minecraft:recipes/transportation/spruce_boat": {
    "criteria": {
      "in_water": "2024-08-10 01:49:25 +0000"
    },
    "done": true
  },
  "doggytalents:recipes/decorations/wool_collar_thicc": {
    "criteria": {
      "has_string": "2024-08-10 02:20:46 +0000"
    },
    "done": true
  },
  "supplementaries:recipes/pancake_fd": {
    "criteria": {
      "forge:eggs": "2024-08-10 02:04:11 +0000"
    },
    "done": true
  },
  "doggytalents:recipes/tools/canine_tracker": {
    "criteria": {
      "has_gold_ingot": "2024-08-10 02:36:29 +0000"
    },
    "done": true
  },
  "iceandfire:recipes/building_blocks/raw_silver_to_raw_silver_block": {
    "criteria": {
      "has_raw_silver": "2024-08-10 02:09:03 +0000"
    },
    "done": true
  },
  "minecraft:recipes/redstone/note_block": {
    "criteria": {
      "has_redstone": "2024-08-10 02:31:02 +0000"
    },
    "done": true
  },
  "dungeons_arise:find_mushroom_house": {
    "criteria": {
      "location0": "2024-08-10 03:24:14 +0000"
    },
    "done": true
  },
  "create:recipes/building_blocks/polished_cut_granite_slab_from_stone_types_granite_stonecutting": {
    "criteria": {
      "has_stone_types_granite": "2024-08-10 02:19:48 +0000"
    },
    "done": true
  },
  "create:recipes/misc/crafting/kinetics/empty_blaze_burner": {
    "criteria": {
      "has_item": "2024-08-10 02:10:25 +0000"
    },
    "done": true
  },
  "create:recipes/building_blocks/crafting/kinetics/cyan_seat": {
    "criteria": {
      "has_wool": "2024-08-10 01:46:28 +0000"
    },
    "done": true
  },
  "minecraft:husbandry/root": {
    "criteria": {
      "consumed_item": "2024-08-10 01:47:57 +0000"
    },
    "done": true
  },
  "create:recipes/building_blocks/cut_granite_bricks_from_stone_types_granite_stonecutting": {
    "criteria": {
      "has_stone_types_granite": "2024-08-10 02:19:48 +0000"
    },
    "done": true
  },
  "minecraft:recipes/transportation/birch_boat": {
    "criteria": {
      "in_water": "2024-08-10 01:49:25 +0000"
    },
    "done": true
  },
  "minecraft:recipes/building_blocks/cobbled_deepslate_stairs_from_cobbled_deepslate_stonecutting": {
    "criteria": {
      "has_cobbled_deepslate": "2024-08-10 02:28:19 +0000"
    },
    "done": true
  },
  "minecraft:recipes/building_blocks/deepslate": {
    "criteria": {
      "has_cobbled_deepslate": "2024-08-10 02:28:19 +0000"
    },
    "done": true
  },
  "minecraft:recipes/decorations/white_carpet": {
    "criteria": {
      "has_white_wool": "2024-08-10 01:46:28 +0000"
    },
    "done": true
  },
  "create:recipes/building_blocks/cut_tuff_brick_wall_from_stone_types_tuff_stonecutting": {
    "criteria": {
      "has_stone_types_tuff": "2024-08-10 02:29:43 +0000"
    },
    "done": true
  },
  "betterdeserttemples:root": {
    "criteria": {
      "always": "2024-08-10 01:42:31 +0000"
    },
    "done": true
  },
  "minecraft:recipes/transportation/oak_boat": {
    "criteria": {
      "in_water": "2024-08-10 01:49:25 +0000"
    },
    "done": true
  },
  "minecraft:recipes/misc/paper": {
    "criteria": {
      "has_reeds": "2024-08-10 01:50:37 +0000"
    },
    "done": true
  },
  "biomesoplenty:recipes/transportation/redwood_boat": {
    "criteria": {
      "in_water": "2024-08-10 01:49:25 +0000"
    },
    "done": true
  },
  "minecraft:recipes/building_blocks/coal_block": {
    "criteria": {
      "has_coal": "2024-08-10 01:50:58 +0000"
    },
    "done": true
  },
  "cataclysm:root": {
    "criteria": {
      "custom_test_name": "2024-08-10 01:42:31 +0000"
    },
    "done": true
  },
  "minecraft:recipes/tools/lead": {
    "criteria": {
      "has_slime_ball": "2024-08-10 03:24:58 +0000"
    },
    "done": true
  },
  "farmersdelight:recipes/cooking/fried_rice": {
    "criteria": {
      "has_any_ingredient": "2024-08-10 01:58:39 +0000"
    },
    "done": true
  },
  "create:recipes/building_blocks/polished_cut_ochrum_from_stone_types_ochrum_stonecutting": {
    "criteria": {
      "has_stone_types_ochrum": "2024-08-10 03:14:46 +0000"
    },
    "done": true
  },
  "create:recipes/misc/crafting/materials/sand_paper": {
    "criteria": {
      "has_item": "2024-08-10 02:40:17 +0000"
    },
    "done": true
  },
  "supplementaries:recipes/candle_holders/candle_holder_brown": {
    "criteria": {
      "has_iron_ingot": "2024-08-10 02:10:25 +0000"
    },
    "done": true
  },
  "supplementaries:recipes/goblet": {
    "criteria": {
      "has_iron_ingot": "2024-08-10 02:10:25 +0000"
    },
    "done": true
  },
  "create:recipes/building_blocks/polished_cut_calcite_wall_from_stone_types_calcite_stonecutting": {
    "criteria": {
      "has_stone_types_calcite": "2024-08-10 03:18:06 +0000"
    },
    "done": true
  },
  "minecraft:recipes/redstone/oak_button": {
    "criteria": {
      "has_planks": "2024-08-10 01:43:19 +0000"
    },
    "done": true
  },
  "iceandfire:recipes/tools/silver_ingot_from_blasting_raw_silver": {
    "criteria": {
      "has_raw_silver": "2024-08-10 02:09:03 +0000"
    },
    "done": true
  },
  "minecraft:recipes/misc/magenta_dye_from_allium": {
    "criteria": {
      "has_allium": "2024-08-10 01:58:39 +0000"
    },
    "done": true
  },
  "minecraft:recipes/combat/diamond_boots": {
    "criteria": {
      "has_diamond": "2024-08-10 03:17:21 +0000"
    },
    "done": true
  },
  "doggytalents:recipes/tools/treat_bag": {
    "criteria": {
      "has_leather": "2024-08-10 01:59:13 +0000"
    },
    "done": true
  },
  "minecraft:recipes/combat/iron_sword": {
    "criteria": {
      "has_iron_ingot": "2024-08-10 02:10:25 +0000"
    },
    "done": true
  },
  "minecraft:recipes/tools/iron_pickaxe": {
    "criteria": {
      "has_iron_ingot": "2024-08-10 02:10:25 +0000"
    },
    "done": true
  },
  "doggytalents:recipes/tools/empty_locator_orb": {
    "criteria": {
      "has_string": "2024-08-10 02:20:46 +0000"
    },
    "done": true
  },
  "minecraft:recipes/transportation/mangrove_boat": {
    "criteria": {
      "in_water": "2024-08-10 01:49:25 +0000"
    },
    "done": true
  },
  "supplementaries:recipes/daub_brace": {
    "criteria": {
      "forge:rods/wooden": "2024-08-10 01:43:43 +0000"
    },
    "done": true
  },
  "minecraft:recipes/decorations/torch": {
    "criteria": {
      "has_stone_pickaxe": "2024-08-10 01:44:18 +0000"
    },
    "done": true
  },
  "supplementaries:recipes/flags/flag_blue": {
    "criteria": {
      "has_stick": "2024-08-10 01:43:43 +0000"
    },
    "done": true
  },
  "supplementaries:recipes/iron_gate": {
    "criteria": {
      "has_iron_ingot": "2024-08-10 02:10:25 +0000"
    },
    "done": true
  },
  "minecraft:recipes/combat/shield": {
    "criteria": {
      "has_iron_ingot": "2024-08-10 02:10:25 +0000"
    },
    "done": true
  },
  "doggytalents:recipes/decorations/beastars_uniform_male": {
    "criteria": {
      "has_wool": "2024-08-10 01:46:28 +0000"
    },
    "done": true
  },
  "create:recipes/misc/crafting/materials/red_sand_paper": {
    "criteria": {
      "has_item": "2024-08-10 02:40:17 +0000"
    },
    "done": true
  },
  "minecraft:recipes/decorations/iron_bars": {
    "criteria": {
      "has_iron_ingot": "2024-08-10 02:10:25 +0000"
    },
    "done": true
  },
  "nyfsarcheryplus:recipes/combat/diamond_arrowhead": {
    "criteria": {
      "has_item": "2024-08-10 03:17:21 +0000"
    },
    "done": true
  },
  "supplementaries:recipes/candle_holders/candle_holder_black": {
    "criteria": {
      "has_iron_ingot": "2024-08-10 02:10:25 +0000"
    },
    "done": true
  },
  "create:recipes/building_blocks/cut_ochrum_from_stone_types_ochrum_stonecutting": {
    "criteria": {
      "has_stone_types_ochrum": "2024-08-10 03:14:46 +0000"
    },
    "done": true
  },
  "minecraft:recipes/building_blocks/polished_deepslate_slab_from_cobbled_deepslate_stonecutting": {
    "criteria": {
      "has_cobbled_deepslate": "2024-08-10 02:28:19 +0000"
    },
    "done": true
  },
  "storagedrawers:recipes/storagedrawers/redstone_upgrade": {
    "criteria": {
      "has_template": "2024-08-10 01:42:31 +0000"
    },
    "done": true
  },
  "totw_modded:root": {
    "criteria": {
      "sample_trigger": "2024-08-10 01:42:31 +0000"
    },
    "done": true
  },
  "storagedrawers:recipes/storagedrawers/spruce_trim": {
    "criteria": {
      "has_planks": "2024-08-10 01:42:31 +0000"
    },
    "done": true
  },
  "create:recipes/building_blocks/crafting/kinetics/pink_seat": {
    "criteria": {
      "has_wool": "2024-08-10 01:46:28 +0000"
    },
    "done": true
  },
  "create:recipes/building_blocks/polished_cut_calcite_slab_from_stone_types_calcite_stonecutting": {
    "criteria": {
      "has_stone_types_calcite": "2024-08-10 03:18:06 +0000"
    },
    "done": true
  },
  "doggytalents:recipes/decorations/tengu_mask": {
    "criteria": {
      "has_string": "2024-08-10 02:20:46 +0000"
    },
    "done": true
  },
  "supplementaries:recipes/notice_board": {
    "criteria": {
      "minecraft:planks": "2024-08-10 01:43:19 +0000"
    },
    "done": true
  },
  "minecraft:recipes/food/cooked_salmon_from_smoking": {
    "criteria": {
      "has_salmon": "2024-08-10 01:49:35 +0000"
    },
    "done": true
  },
  "supplementaries:recipes/crystal_display": {
    "criteria": {
      "has_amethyst_shard": "2024-08-10 02:40:56 +0000"
    },
    "done": true
  },
  "nethersdelight:recipes/tools/diamond_machete": {
    "criteria": {
      "has_diamond": "2024-08-10 03:17:21 +0000"
    },
    "done": true
  },
  "supplementaries:recipes/daub_frame": {
    "criteria": {
      "forge:rods/wooden": "2024-08-10 01:43:43 +0000"
    },
    "done": true
  },
  "supplementaries:recipes/key": {
    "criteria": {
      "has_gold_ingot": "2024-08-10 02:36:29 +0000"
    },
    "done": true
  },
  "create:recipes/building_blocks/crafting/kinetics/black_seat": {
    "criteria": {
      "has_wool": "2024-08-10 01:46:28 +0000"
    },
    "done": true
  },
  "minecraft:recipes/redstone/sticky_piston": {
    "criteria": {
      "has_slime_ball": "2024-08-10 03:24:58 +0000"
    },
    "done": true
  },
  "biomesoplenty:recipes/transportation/hellbark_boat": {
    "criteria": {
      "in_water": "2024-08-10 01:49:25 +0000"
    },
    "done": true
  },
  "supplementaries:recipes/altimeter": {
    "criteria": {
      "has_redstone": "2024-08-10 02:31:02 +0000"
    },
    "done": true
  },
  "minecraft:recipes/brewing/fermented_spider_eye": {
    "criteria": {
      "has_spider_eye": "2024-08-10 02:36:11 +0000"
    },
    "done": true
  },
  "minecraft:recipes/misc/iron_ingot_from_smelting_raw_iron": {
    "criteria": {
      "has_raw_iron": "2024-08-10 02:09:11 +0000"
    },
    "done": true
  },
  "minecraft:recipes/building_blocks/deepslate_brick_slab_from_cobbled_deepslate_stonecutting": {
    "criteria": {
      "has_cobbled_deepslate": "2024-08-10 02:28:19 +0000"
    },
    "done": true
  },
  "supplementaries:recipes/sconce_lever": {
    "criteria": {
      "has_redstone": "2024-08-10 02:31:02 +0000"
    },
    "done": true
  },
  "minecraft:adventure/kill_mob_near_sculk_catalyst": {
    "criteria": {
      "kill_mob_near_sculk_catalyst": "2024-08-10 03:32:51 +0000"
    },
    "done": true
  },
  "create:recipes/building_blocks/cut_calcite_from_stone_types_calcite_stonecutting": {
    "criteria": {
      "has_stone_types_calcite": "2024-08-10 03:18:06 +0000"
    },
    "done": true
  },
  "biomesoplenty:recipes/transportation/jacaranda_boat": {
    "criteria": {
      "in_water": "2024-08-10 01:49:25 +0000"
    },
    "done": true
  },
  "farmersdelight:recipes/cooking/beef_stew": {
    "criteria": {
      "has_any_ingredient": "2024-08-10 01:59:13 +0000"
    },
    "done": true
  },
  "minecraft:recipes/food/cooked_mutton": {
    "criteria": {
      "has_mutton": "2024-08-10 01:46:28 +0000"
    },
    "done": true
  },
  "supplementaries:recipes/candle_holders/candle_holder_green": {
    "criteria": {
      "has_iron_ingot": "2024-08-10 02:10:25 +0000"
    },
    "done": true
  },
  "create:recipes/building_blocks/cut_granite_wall_from_stone_types_granite_stonecutting": {
    "criteria": {
      "has_stone_types_granite": "2024-08-10 02:19:48 +0000"
    },
    "done": true
  },
  "create:recipes/building_blocks/calcite_from_stone_types_calcite_stonecutting": {
    "criteria": {
      "has_stone_types_calcite": "2024-08-10 03:18:06 +0000"
    },
    "done": true
  },
  "twilightforest:recipes/transportation/canopy_boat": {
    "criteria": {
      "in_water": "2024-08-10 01:49:25 +0000"
    },
    "done": true
  },
  "biomesoplenty:recipes/transportation/mahogany_boat": {
    "criteria": {
      "in_water": "2024-08-10 01:49:25 +0000"
    },
    "done": true
  },
  "doggytalents:recipes/food/egg_sandwich": {
    "criteria": {
      "has_egg": "2024-08-10 02:04:11 +0000"
    },
    "done": true
  },
  "minecraft:recipes/tools/flint_and_steel": {
    "criteria": {
      "has_flint": "2024-08-10 03:11:33 +0000"
    },
    "done": true
  },
  "minecraft:recipes/misc/sugar_from_sugar_cane": {
    "criteria": {
      "has_sugar_cane": "2024-08-10 01:50:37 +0000"
    },
    "done": true
  },
  "twilightforest:recipes/transportation/dark_boat": {
    "criteria": {
      "in_water": "2024-08-10 01:49:25 +0000"
    },
    "done": true
  },
  "create:recipes/building_blocks/cut_calcite_brick_stairs_from_stone_types_calcite_stonecutting": {
    "criteria": {
      "has_stone_types_calcite": "2024-08-10 03:18:06 +0000"
    },
    "done": true
  },
  "minecraft:recipes/decorations/white_banner": {
    "criteria": {
      "has_white_wool": "2024-08-10 01:46:28 +0000"
    },
    "done": true
  },
  "create:recipes/building_blocks/small_granite_brick_slab_from_stone_types_granite_stonecutting": {
    "criteria": {
      "has_stone_types_granite": "2024-08-10 02:19:48 +0000"
    },
    "done": true
  },
  "doggytalents:recipes/decorations/locator_orb_jin": {
    "criteria": {
      "has_string": "2024-08-10 02:20:46 +0000"
    },
    "done": true
  },
  "minecraft:recipes/tools/wooden_pickaxe": {
    "criteria": {
      "has_stick": "2024-08-10 01:43:43 +0000"
    },
    "done": true
  },
  "minecraft:recipes/building_blocks/cobbled_deepslate_stairs": {
    "criteria": {
      "has_cobbled_deepslate": "2024-08-10 02:28:19 +0000"
    },
    "done": true
  },
  "minecraft:recipes/building_blocks/mossy_stone_brick_stairs": {
    "criteria": {
      "has_mossy_stone_bricks": "2024-08-10 02:36:10 +0000"
    },
    "done": true
  },
  "farmersdelight:main/root": {
    "criteria": {
      "seeds": "2024-08-10 01:42:31 +0000"
    },
    "done": true
  },
  "doggytalents:recipes/food/training_treat": {
    "criteria": {
      "has_dtn_rice_grains": "2024-08-10 02:04:40 +0000"
    },
    "done": true
  },
  "supplementaries:recipes/flags/flag_cyan": {
    "criteria": {
      "has_stick": "2024-08-10 01:43:43 +0000"
    },
    "done": true
  },
  "minecraft:story/upgrade_tools": {
    "criteria": {
      "stone_pickaxe": "2024-08-10 01:44:18 +0000"
    },
    "done": true
  },
  "farmersdelight:recipes/cooking/bone_broth": {
    "criteria": {
      "has_bone": "2024-08-10 02:31:26 +0000"
    },
    "done": true
  },
  "create:recipes/building_blocks/cut_granite_stairs_from_stone_types_granite_stonecutting": {
    "criteria": {
      "has_stone_types_granite": "2024-08-10 02:19:48 +0000"
    },
    "done": true
  },
  "create:recipes/misc/crafting/logistics/powered_toggle_latch": {
    "criteria": {
      "has_item": "2024-08-10 02:31:02 +0000"
    },
    "done": true
  },
  "biomesoplenty:recipes/transportation/palm_boat": {
    "criteria": {
      "in_water": "2024-08-10 01:49:25 +0000"
    },
    "done": true
  },
  "create:recipes/building_blocks/cut_calcite_stairs_from_stone_types_calcite_stonecutting": {
    "criteria": {
      "has_stone_types_calcite": "2024-08-10 03:18:06 +0000"
    },
    "done": true
  },
  "create:recipes/building_blocks/small_calcite_bricks_from_stone_types_calcite_stonecutting": {
    "criteria": {
      "has_stone_types_calcite": "2024-08-10 03:18:06 +0000"
    },
    "done": true
  },
  "storagedrawers:recipes/storagedrawers/quantify_key": {
    "criteria": {
      "has_template": "2024-08-10 01:42:31 +0000"
    },
    "done": true
  },
  "create:recipes/building_blocks/small_granite_bricks_from_stone_types_granite_stonecutting": {
    "criteria": {
      "has_stone_types_granite": "2024-08-10 02:19:48 +0000"
    },
    "done": true
  },
  "sophisticatedbackpacks:recipes/misc/upgrade_base": {
    "criteria": {
      "has_leather": "2024-08-10 01:59:13 +0000"
    },
    "done": true
  },
  "minecraft:recipes/redstone/oak_pressure_plate": {
    "criteria": {
      "has_planks": "2024-08-10 01:43:19 +0000"
    },
    "done": true
  },
  "storagedrawers:recipes/storagedrawers/dark_oak_trim": {
    "criteria": {
      "has_planks": "2024-08-10 01:42:31 +0000"
    },
    "done": true
  },
  "minecraft:recipes/redstone/dropper": {
    "criteria": {
      "has_redstone": "2024-08-10 02:31:02 +0000"
    },
    "done": true
  },
  "doggytalents:recipes/decorations/kitsune_mask": {
    "criteria": {
      "has_string": "2024-08-10 02:20:46 +0000"
    },
    "done": true
  },
  "supplementaries:recipes/flags/flag_yellow": {
    "criteria": {
      "has_stick": "2024-08-10 01:43:43 +0000"
    },
    "done": true
  },
  "storagedrawers:recipes/storagedrawers/oak_trim": {
    "criteria": {
      "has_planks": "2024-08-10 01:42:31 +0000"
    },
    "done": true
  },
  "toms_storage:unlock_dia_pearl": {
    "criteria": {
      "inv_changed-ender_pearl": "2024-08-10 01:42:31 +0000",
      "inv_changed-diamond": "2024-08-10 01:42:31 +0000"
    },
    "done": true
  },
  "create:recipes/building_blocks/cut_tuff_slab_from_stone_types_tuff_stonecutting": {
    "criteria": {
      "has_stone_types_tuff": "2024-08-10 02:29:43 +0000"
    },
    "done": true
  },
  "supplementaries:recipes/candle_holders/candle_holder": {
    "criteria": {
      "has_iron_ingot": "2024-08-10 02:10:25 +0000"
    },
    "done": true
  },
  "minecraft:recipes/building_blocks/polished_granite": {
    "criteria": {
      "has_granite": "2024-08-10 02:19:48 +0000"
    },
    "done": true
  },
  "create:recipes/building_blocks/cut_ochrum_bricks_from_stone_types_ochrum_stonecutting": {
    "criteria": {
      "has_stone_types_ochrum": "2024-08-10 03:14:46 +0000"
    },
    "done": true
  },
  "storagedrawers:recipes/storagedrawers/emerald_storage_upgrade": {
    "criteria": {
      "has_template": "2024-08-10 01:42:31 +0000"
    },
    "done": true
  },
  "supplementaries:recipes/slice_map": {
    "criteria": {
      "has_map": "2024-08-10 03:26:08 +0000"
    },
    "done": true
  },
  "storagedrawers:recipes/storagedrawers/obsidian_storage_upgrade": {
    "criteria": {
      "has_template": "2024-08-10 01:42:31 +0000"
    },
    "done": true
  },
  "sophisticatedbackpacks:recipes/misc/copper_backpack": {
    "criteria": {
      "has_backpack": "2024-08-10 02:25:34 +0000"
    },
    "done": true
  },
  "minecraft:recipes/food/cooked_mutton_from_campfire_cooking": {
    "criteria": {
      "has_mutton": "2024-08-10 01:46:28 +0000"
    },
    "done": true
  },
  "minecraft:recipes/building_blocks/yellow_concrete_powder": {
    "criteria": {
      "has_gravel": "2024-08-10 03:11:16 +0000"
    },
    "done": true
  },
  "farmersdelight:recipes/cooking/pasta_with_mutton_chop": {
    "criteria": {
      "has_any_ingredient": "2024-08-10 01:46:28 +0000"
    },
    "done": true
  },
  "supplementaries:recipes/flags/flag_light_gray": {
    "criteria": {
      "has_stick": "2024-08-10 01:43:43 +0000"
    },
    "done": true
  },
  "create:recipes/building_blocks/small_ochrum_brick_wall_from_stone_types_ochrum_stonecutting": {
    "criteria": {
      "has_stone_types_ochrum": "2024-08-10 03:14:46 +0000"
    },
    "done": true
  },
  "nyfsarcheryplus:recipes/combat/iron_arrowhead": {
    "criteria": {
      "has_item": "2024-08-10 02:10:25 +0000"
    },
    "done": true
  },
  "minecraft:recipes/building_blocks/dripstone_block": {
    "criteria": {
      "has_pointed_dripstone": "2024-08-10 02:19:46 +0000"
    },
    "done": true
  },
  "minecraft:adventure/avoid_vibration": {
    "criteria": {
      "avoid_vibration": "2024-08-10 02:30:42 +0000"
    },
    "done": true
  },
  "create:recipes/building_blocks/small_tuff_brick_wall_from_stone_types_tuff_stonecutting": {
    "criteria": {
      "has_stone_types_tuff": "2024-08-10 02:29:43 +0000"
    },
    "done": true
  },
  "create:recipes/building_blocks/crafting/kinetics/white_seat": {
    "criteria": {
      "has_wool": "2024-08-10 01:46:28 +0000"
    },
    "done": true
  },
  "irons_spellbooks:irons_spellbooks/spell_book_rotten": {
    "criteria": {
      "requirement": "2024-08-10 02:44:08 +0000"
    },
    "done": true
  },
  "farmersdelight:recipes/cooking/ratatouille": {
    "criteria": {
      "has_any_ingredient": "2024-08-10 01:58:39 +0000"
    },
    "done": true
  },
  "minecraft:recipes/building_blocks/white_wool_from_string": {
    "criteria": {
      "has_string": "2024-08-10 02:20:46 +0000"
    },
    "done": true
  },
  "nyfsarcheryplus:recipes/combat/stone_arrowhead": {
    "criteria": {
      "has_item": "2024-08-10 02:19:48 +0000"
    },
    "done": true
  },
  "farmersdelight:recipes/building_blocks/organic_compost_from_rotten_flesh": {
    "criteria": {
      "has_rotten_flesh": "2024-08-10 02:12:50 +0000"
    },
    "done": true
  },
  "storagedrawers:recipes/storagedrawers/iron_storage_upgrade": {
    "criteria": {
      "has_template": "2024-08-10 01:42:31 +0000"
    },
    "done": true
  },
  "comforts:hammock_white": {
    "criteria": {
      "has_white_wool": "2024-08-10 01:46:28 +0000"
    },
    "done": true
  },
  "doggytalents:recipes/decorations/locator_orb_chu": {
    "criteria": {
      "has_string": "2024-08-10 02:20:46 +0000"
    },
    "done": true
  },
  "doggytalents:recipes/decorations/locator_orb_chi": {
    "criteria": {
      "has_string": "2024-08-10 02:20:46 +0000"
    },
    "done": true
  },
  "create:recipes/building_blocks/cut_calcite_brick_wall_from_stone_types_calcite_stonecutting": {
    "criteria": {
      "has_stone_types_calcite": "2024-08-10 03:18:06 +0000"
    },
    "done": true
  },
  "minecraft:recipes/building_blocks/amethyst_block": {
    "criteria": {
      "has_amethyst_shard": "2024-08-10 02:40:56 +0000"
    },
    "done": true
  },
  "supplementaries:recipes/candle_holders/candle_holder_cyan": {
    "criteria": {
      "has_iron_ingot": "2024-08-10 02:10:25 +0000"
    },
    "done": true
  },
  "minecraft:recipes/building_blocks/gray_concrete_powder": {
    "criteria": {
      "has_gravel": "2024-08-10 03:11:16 +0000"
    },
    "done": true
  },
  "supplementaries:recipes/flags/flag_red": {
    "criteria": {
      "has_stick": "2024-08-10 01:43:43 +0000"
    },
    "done": true
  },
  "minecraft:recipes/tools/iron_axe": {
    "criteria": {
      "has_iron_ingot": "2024-08-10 02:10:25 +0000"
    },
    "done": true
  },
  "minecraft:recipes/building_blocks/glowstone": {
    "criteria": {
      "has_glowstone_dust": "2024-08-10 03:10:58 +0000"
    },
    "done": true
  },
  "create:recipes/building_blocks/oak_window": {
    "criteria": {
      "has_ingredient": "2024-08-10 01:43:19 +0000"
    },
    "done": true
  },
  "minecraft:recipes/decorations/cartography_table": {
    "criteria": {
      "has_paper": "2024-08-10 02:40:17 +0000"
    },
    "done": true
  },
  "minecraft:recipes/misc/iron_nugget_from_blasting": {
    "criteria": {
      "has_iron_pickaxe": "2024-08-10 02:11:35 +0000"
    },
    "done": true
  },
  "farmersdelight:recipes/food/mutton_wrap": {
    "criteria": {
      "has_mutton": "2024-08-10 01:52:47 +0000"
    },
    "done": true
  },
  "minecraft:adventure/kill_a_mob": {
    "criteria": {
      "minecraft:spider": "2024-08-10 02:08:36 +0000"
    },
    "done": true
  },
  "doggytalents:recipes/tools/conducting_bone": {
    "criteria": {
      "has_bone": "2024-08-10 02:31:26 +0000"
    },
    "done": true
  },
  "doggytalents:recipes/decorations/locator_orb_tei": {
    "criteria": {
      "has_string": "2024-08-10 02:20:46 +0000"
    },
    "done": true
  },
  "minecraft:recipes/building_blocks/deepslate_bricks_from_cobbled_deepslate_stonecutting": {
    "criteria": {
      "has_cobbled_deepslate": "2024-08-10 02:28:19 +0000"
    },
    "done": true
  },
  "minecraft:adventure/adventuring_time": {
    "criteria": {
      "minecraft:birch_forest": "2024-08-10 01:45:18 +0000",
      "minecraft:river": "2024-08-10 01:49:19 +0000",
      "minecraft:dripstone_caves": "2024-08-10 02:08:22 +0000",
      "minecraft:forest": "2024-08-10 01:42:32 +0000",
      "minecraft:old_growth_birch_forest": "2024-08-10 01:45:17 +0000",
      "minecraft:deep_dark": "2024-08-10 02:30:46 +0000",
      "minecraft:meadow": "2024-08-10 02:03:26 +0000"
    },
    "done": false
  },
  "create:recipes/building_blocks/polished_cut_ochrum_wall_from_stone_types_ochrum_stonecutting": {
    "criteria": {
      "has_stone_types_ochrum": "2024-08-10 03:14:46 +0000"
    },
    "done": true
  },
  "create:recipes/building_blocks/crafting/kinetics/lime_seat": {
    "criteria": {
      "has_wool": "2024-08-10 01:46:28 +0000"
    },
    "done": true
  },
  "create:recipes/building_blocks/cut_ochrum_brick_wall_from_stone_types_ochrum_stonecutting": {
    "criteria": {
      "has_stone_types_ochrum": "2024-08-10 03:14:46 +0000"
    },
    "done": true
  },
  "farmersdelight:recipes/food/chicken_sandwich": {
    "criteria": {
      "has_cooked_chicken": "2024-08-10 01:55:23 +0000"
    },
    "done": true
  },
  "supplementaries:recipes/pulley": {
    "criteria": {
      "minecraft:planks": "2024-08-10 01:43:19 +0000"
    },
    "done": true
  },
  "minecraft:recipes/building_blocks/cobblestone_stairs_from_cobblestone_stonecutting": {
    "criteria": {
      "has_cobblestone": "2024-08-10 01:44:09 +0000"
    },
    "done": true
  },
  "minecraft:recipes/tools/golden_hoe": {
    "criteria": {
      "has_gold_ingot": "2024-08-10 02:36:29 +0000"
    },
    "done": true
  },
  "farmersdelight:recipes/decorations/cutting_board": {
    "criteria": {
      "has_stick": "2024-08-10 01:43:43 +0000"
    },
    "done": true
  },
  "minecraft:husbandry/balanced_diet": {
    "criteria": {
      "cooked_mutton": "2024-08-10 01:52:51 +0000",
      "cooked_beef": "2024-08-10 02:46:12 +0000",
      "beef": "2024-08-10 02:23:02 +0000",
      "porkchop": "2024-08-10 01:47:57 +0000",
      "bread": "2024-08-10 02:17:36 +0000",
      "cooked_salmon": "2024-08-10 02:35:08 +0000"
    },
    "done": false
  },
  "supplementaries:recipes/gold_door": {
    "criteria": {
      "has_gold_ingot": "2024-08-10 02:36:29 +0000"
    },
    "done": true
  },
  "minecraft:recipes/building_blocks/deepslate_tiles_from_cobbled_deepslate_stonecutting": {
    "criteria": {
      "has_cobbled_deepslate": "2024-08-10 02:28:19 +0000"
    },
    "done": true
  },
  "twilightforest:recipes/transportation/sorting_boat": {
    "criteria": {
      "in_water": "2024-08-10 01:49:25 +0000"
    },
    "done": true
  },
  "create:recipes/building_blocks/cut_tuff_bricks_from_stone_types_tuff_stonecutting": {
    "criteria": {
      "has_stone_types_tuff": "2024-08-10 02:29:43 +0000"
    },
    "done": true
  },
  "supplementaries:recipes/lapis_bricks": {
    "criteria": {
      "has_lapis_lazuli": "2024-08-10 02:27:16 +0000"
    },
    "done": true
  },
  "create:recipes/misc/crafting/materials/rose_quartz": {
    "criteria": {
      "has_item": "2024-08-10 02:31:02 +0000"
    },
    "done": true
  },
  "doggytalents:recipes/decorations/locator_orb_ko": {
    "criteria": {
      "has_string": "2024-08-10 02:20:46 +0000"
    },
    "done": true
  },
  "minecraft:recipes/tools/stone_hoe": {
    "criteria": {
      "has_cobblestone": "2024-08-10 01:44:09 +0000"
    },
    "done": true
  },
  "doggytalents:recipes/food/sausage": {
    "criteria": {
      "has_cooked_porkchop": "2024-08-10 01:54:16 +0000"
    },
    "done": true
  },
  "create:recipes/misc/crafting/materials/raw_zinc_block": {
    "criteria": {
      "has_item": "2024-08-10 03:07:57 +0000"
    },
    "done": true
  },
  "minecraft:recipes/decorations/mossy_stone_brick_wall_from_mossy_stone_brick_stonecutting": {
    "criteria": {
      "has_mossy_stone_bricks": "2024-08-10 02:36:10 +0000"
    },
    "done": true
  },
  "doggytalents:recipes/building_blocks/dog_bed_def": {
    "criteria": {
      "has_wool": "2024-08-10 01:46:28 +0000"
    },
    "done": true
  },
  "farmersdelight:recipes/building_blocks/onion_crate": {
    "criteria": {
      "has_onion": "2024-08-10 01:58:39 +0000"
    },
    "done": true
  },
  "minecraft:recipes/decorations/loom": {
    "criteria": {
      "has_string": "2024-08-10 02:20:46 +0000"
    },
    "done": true
  },
  "minecraft:recipes/tools/diamond_axe": {
    "criteria": {
      "has_diamond": "2024-08-10 03:17:21 +0000"
    },
    "done": true
  },
  "farmersdelight:recipes/cooking/vegetable_soup": {
    "criteria": {
      "has_any_ingredient": "2024-08-10 01:58:39 +0000"
    },
    "done": true
  },
  "doggytalents:recipes/decorations/locator_orb_gi": {
    "criteria": {
      "has_string": "2024-08-10 02:20:46 +0000"
    },
    "done": true
  },
  "minecraft:story/root": {
    "criteria": {
      "crafting_table": "2024-08-10 01:43:43 +0000"
    },
    "done": true
  },
  "supplementaries:recipes/candle_holders/candle_holder_yellow": {
    "criteria": {
      "has_iron_ingot": "2024-08-10 02:10:25 +0000"
    },
    "done": true
  },
  "doggytalents:recipes/building_blocks/dog_bath": {
    "criteria": {
      "has_iron_ingot": "2024-08-10 02:10:25 +0000"
    },
    "done": true
  },
  "create:recipes/building_blocks/crafting/kinetics/yellow_seat": {
    "criteria": {
      "has_wool": "2024-08-10 01:46:28 +0000"
    },
    "done": true
  },
  "doggytalents:recipes/building_blocks/food_bowl": {
    "criteria": {
      "has_iron_ingot": "2024-08-10 02:10:25 +0000"
    },
    "done": true
  },
  "create:recipes/building_blocks/industrial_iron_block_from_ingots_iron_stonecutting": {
    "criteria": {
      "has_ingots_iron": "2024-08-10 02:10:25 +0000"
    },
    "done": true
  },
  "minecraft:recipes/redstone/iron_door": {
    "criteria": {
      "has_iron_ingot": "2024-08-10 02:10:25 +0000"
    },
    "done": true
  },
  "minecraft:recipes/misc/copper_ingot_from_smelting_raw_copper": {
    "criteria": {
      "has_raw_copper": "2024-08-10 02:19:47 +0000"
    },
    "done": true
  },
  "create:recipes/building_blocks/cut_tuff_wall_from_stone_types_tuff_stonecutting": {
    "criteria": {
      "has_stone_types_tuff": "2024-08-10 02:29:43 +0000"
    },
    "done": true
  },
  "doggytalents:recipes/decorations/beastars_uniform_female": {
    "criteria": {
      "has_wool": "2024-08-10 01:46:28 +0000"
    },
    "done": true
  },
  "minecraft:recipes/transportation/dark_oak_boat": {
    "criteria": {
      "in_water": "2024-08-10 01:49:25 +0000"
    },
    "done": true
  },
  "supplementaries:recipes/flags/flag_lime": {
    "criteria": {
      "has_stick": "2024-08-10 01:43:43 +0000"
    },
    "done": true
  },
  "minecraft:recipes/combat/golden_leggings": {
    "criteria": {
      "has_gold_ingot": "2024-08-10 02:36:29 +0000"
    },
    "done": true
  },
  "minecraft:recipes/redstone/piston": {
    "criteria": {
      "has_redstone": "2024-08-10 02:31:02 +0000"
    },
    "done": true
  },
  "minecraft:recipes/food/cooked_beef_from_campfire_cooking": {
    "criteria": {
      "has_beef": "2024-08-10 01:59:13 +0000"
    },
    "done": true
  },
  "sophisticatedbackpacks:recipes/misc/iron_backpack": {
    "criteria": {
      "has_backpack": "2024-08-10 02:25:34 +0000"
    },
    "done": true
  },
  "farmersdelight:recipes/food/fried_egg": {
    "criteria": {
      "fried_egg": "2024-08-10 02:04:11 +0000"
    },
    "done": true
  },
  "DataVersion": 3465
}