{
  "idas:idas_root": {
    "criteria": {
      "always": "2024-08-08 17:08:22 +0000"
    },
    "done": true
  },
  "create:root": {
    "criteria": {
      "0": "2024-08-08 17:08:22 +0000"
    },
    "done": true
  },
  "minecraft:recipes/decorations/crafting_table": {
    "criteria": {
      "unlock_right_away": "2024-08-08 17:08:22 +0000"
    },
    "done": true
  },
  "mowziesmobs:root": {
    "criteria": {
      "custom_test_name": "2024-08-08 17:08:22 +0000"
    },
    "done": true
  },
  "irons_spellbooks:grant_patchouli": {
    "criteria": {
      "tick": "2024-08-08 17:08:22 +0000"
    },
    "done": true
  },
  "iceandfire:iceandfire/root": {
    "criteria": {
      "tick": "2024-08-08 17:08:22 +0000"
    },
    "done": true
  },
  "dungeons_arise:wda_root": {
    "criteria": {
      "WDA": "2024-08-08 17:08:22 +0000"
    },
    "done": true
  },
  "betterdungeons:root": {
    "criteria": {
      "always": "2024-08-08 17:08:22 +0000"
    },
    "done": true
  },
  "betterdeserttemples:root": {
    "criteria": {
      "always": "2024-08-08 17:08:22 +0000"
    },
    "done": true
  },
  "cataclysm:root": {
    "criteria": {
      "custom_test_name": "2024-08-08 17:08:22 +0000"
    },
    "done": true
  },
  "totw_modded:root": {
    "criteria": {
      "sample_trigger": "2024-08-08 17:08:22 +0000"
    },
    "done": true
  },
  "farmersdelight:main/root": {
    "criteria": {
      "seeds": "2024-08-08 17:08:22 +0000"
    },
    "done": true
  },
  "biomesoplenty:biomesoplenty/root": {
    "criteria": {
      "maple_woods": "2024-08-08 17:08:23 +0000"
    },
    "done": true
  },
  "biomesoplenty:biomesoplenty/all_biomes": {
    "criteria": {
      "snowblossom_grove": "2024-08-08 17:21:50 +0000",
      "maple_woods": "2024-08-08 17:08:23 +0000",
      "field": "2024-08-08 17:20:09 +0000",
      "old_growth_dead_forest": "2024-08-08 17:21:48 +0000"
    },
    "done": false
  },
  "minecraft:adventure/adventuring_time": {
    "criteria": {
      "minecraft:beach": "2024-08-08 17:09:02 +0000",
      "minecraft:river": "2024-08-08 17:20:32 +0000",
      "minecraft:stony_shore": "2024-08-08 17:09:17 +0000",
      "minecraft:cold_ocean": "2024-08-08 17:22:50 +0000",
      "minecraft:frozen_ocean": "2024-08-08 17:21:54 +0000",
      "minecraft:snowy_beach": "2024-08-08 17:22:17 +0000"
    },
    "done": false
  },
  "alexsmobs:alexsmobs/root": {
    "criteria": {
      "useitem": "2024-08-08 17:09:22 +0000"
    },
    "done": true
  },
  "minecraft:husbandry/root": {
    "criteria": {
      "consumed_item": "2024-08-08 17:09:22 +0000"
    },
    "done": true
  },
  "doggytalents:recipes/decorations/pianist_suit": {
    "criteria": {
      "has_string": "2024-08-08 17:16:48 +0000"
    },
    "done": true
  },
  "doggytalents:recipes/decorations/bowtie": {
    "criteria": {
      "has_string": "2024-08-08 17:16:48 +0000"
    },
    "done": true
  },
  "minecraft:recipes/redstone/tripwire_hook": {
    "criteria": {
      "has_string": "2024-08-08 17:16:48 +0000"
    },
    "done": true
  },
  "supplementaries:recipes/bomb": {
    "criteria": {
      "has_string": "2024-08-08 17:16:48 +0000"
    },
    "done": true
  },
  "doggytalents:recipes/decorations/wig": {
    "criteria": {
      "has_string": "2024-08-08 17:16:48 +0000"
    },
    "done": true
  },
  "minecraft:recipes/decorations/candle": {
    "criteria": {
      "has_string": "2024-08-08 17:16:48 +0000"
    },
    "done": true
  },
  "doggytalents:recipes/decorations/locator_orb_shin": {
    "criteria": {
      "has_string": "2024-08-08 17:16:48 +0000"
    },
    "done": true
  },
  "doggytalents:recipes/decorations/bach_wig": {
    "criteria": {
      "has_string": "2024-08-08 17:16:48 +0000"
    },
    "done": true
  },
  "doggytalents:recipes/decorations/wool_collar": {
    "criteria": {
      "has_string": "2024-08-08 17:16:48 +0000"
    },
    "done": true
  },
  "doggytalents:recipes/misc/gender_bone": {
    "criteria": {
      "has_string": "2024-08-08 17:16:48 +0000"
    },
    "done": true
  },
  "supplementaries:recipes/slingshot": {
    "criteria": {
      "has_string": "2024-08-08 17:16:48 +0000"
    },
    "done": true
  },
  "minecraft:recipes/combat/crossbow": {
    "criteria": {
      "has_string": "2024-08-08 17:16:48 +0000"
    },
    "done": true
  },
  "supplementaries:recipes/sack": {
    "criteria": {
      "has_string": "2024-08-08 17:16:48 +0000"
    },
    "done": true
  },
  "doggytalents:recipes/decorations/locator_orb_dyable": {
    "criteria": {
      "has_string": "2024-08-08 17:16:48 +0000"
    },
    "done": true
  },
  "minecraft:recipes/combat/bow": {
    "criteria": {
      "has_string": "2024-08-08 17:16:48 +0000"
    },
    "done": true
  },
  "doggytalents:recipes/decorations/guard_suit": {
    "criteria": {
      "has_string": "2024-08-08 17:16:48 +0000"
    },
    "done": true
  },
  "minecraft:recipes/tools/fishing_rod": {
    "criteria": {
      "has_string": "2024-08-08 17:16:48 +0000"
    },
    "done": true
  },
  "doggytalents:recipes/decorations/locator_orb_rei": {
    "criteria": {
      "has_string": "2024-08-08 17:16:48 +0000"
    },
    "done": true
  },
  "doggytalents:recipes/decorations/wool_collar_thicc": {
    "criteria": {
      "has_string": "2024-08-08 17:16:48 +0000"
    },
    "done": true
  },
  "doggytalents:recipes/tools/empty_locator_orb": {
    "criteria": {
      "has_string": "2024-08-08 17:16:48 +0000"
    },
    "done": true
  },
  "doggytalents:recipes/decorations/tengu_mask": {
    "criteria": {
      "has_string": "2024-08-08 17:16:48 +0000"
    },
    "done": true
  },
  "doggytalents:recipes/decorations/locator_orb_jin": {
    "criteria": {
      "has_string": "2024-08-08 17:16:48 +0000"
    },
    "done": true
  },
  "doggytalents:recipes/decorations/kitsune_mask": {
    "criteria": {
      "has_string": "2024-08-08 17:16:48 +0000"
    },
    "done": true
  },
  "minecraft:recipes/building_blocks/white_wool_from_string": {
    "criteria": {
      "has_string": "2024-08-08 17:16:48 +0000"
    },
    "done": true
  },
  "doggytalents:recipes/decorations/locator_orb_chu": {
    "criteria": {
      "has_string": "2024-08-08 17:16:48 +0000"
    },
    "done": true
  },
  "doggytalents:recipes/decorations/locator_orb_chi": {
    "criteria": {
      "has_string": "2024-08-08 17:16:48 +0000"
    },
    "done": true
  },
  "doggytalents:recipes/decorations/locator_orb_tei": {
    "criteria": {
      "has_string": "2024-08-08 17:16:48 +0000"
    },
    "done": true
  },
  "doggytalents:recipes/decorations/locator_orb_ko": {
    "criteria": {
      "has_string": "2024-08-08 17:16:48 +0000"
    },
    "done": true
  },
  "minecraft:recipes/decorations/loom": {
    "criteria": {
      "has_string": "2024-08-08 17:16:48 +0000"
    },
    "done": true
  },
  "doggytalents:recipes/decorations/locator_orb_gi": {
    "criteria": {
      "has_string": "2024-08-08 17:16:48 +0000"
    },
    "done": true
  },
  "minecraft:recipes/misc/charcoal": {
    "criteria": {
      "has_log": "2024-08-08 17:16:54 +0000"
    },
    "done": true
  },
  "minecraft:recipes/building_blocks/oak_planks": {
    "criteria": {
      "has_logs": "2024-08-08 17:16:54 +0000"
    },
    "done": true
  },
  "minecraft:recipes/building_blocks/oak_wood": {
    "criteria": {
      "has_log": "2024-08-08 17:16:54 +0000"
    },
    "done": true
  },
  "minecraft:recipes/building_blocks/red_concrete_powder": {
    "criteria": {
      "has_sand": "2024-08-08 17:16:57 +0000"
    },
    "done": true
  },
  "minecraft:recipes/building_blocks/prismarine": {
    "criteria": {
      "has_prismarine_shard": "2024-08-08 17:16:57 +0000"
    },
    "done": true
  },
  "minecraft:recipes/building_blocks/green_concrete_powder": {
    "criteria": {
      "has_sand": "2024-08-08 17:16:57 +0000"
    },
    "done": true
  },
  "minecraft:recipes/building_blocks/blue_concrete_powder": {
    "criteria": {
      "has_sand": "2024-08-08 17:16:57 +0000"
    },
    "done": true
  },
  "minecraft:recipes/building_blocks/lime_concrete_powder": {
    "criteria": {
      "has_sand": "2024-08-08 17:16:57 +0000"
    },
    "done": true
  },
  "minecraft:recipes/building_blocks/orange_concrete_powder": {
    "criteria": {
      "has_sand": "2024-08-08 17:16:57 +0000"
    },
    "done": true
  },
  "minecraft:recipes/building_blocks/magenta_concrete_powder": {
    "criteria": {
      "has_sand": "2024-08-08 17:16:57 +0000"
    },
    "done": true
  },
  "minecraft:recipes/building_blocks/black_concrete_powder": {
    "criteria": {
      "has_sand": "2024-08-08 17:16:57 +0000"
    },
    "done": true
  },
  "minecraft:recipes/building_blocks/purple_concrete_powder": {
    "criteria": {
      "has_sand": "2024-08-08 17:16:57 +0000"
    },
    "done": true
  },
  "minecraft:recipes/building_blocks/cyan_concrete_powder": {
    "criteria": {
      "has_sand": "2024-08-08 17:16:57 +0000"
    },
    "done": true
  },
  "minecraft:recipes/building_blocks/light_gray_concrete_powder": {
    "criteria": {
      "has_sand": "2024-08-08 17:16:57 +0000"
    },
    "done": true
  },
  "minecraft:recipes/building_blocks/pink_concrete_powder": {
    "criteria": {
      "has_sand": "2024-08-08 17:16:57 +0000"
    },
    "done": true
  },
  "minecraft:recipes/building_blocks/brown_concrete_powder": {
    "criteria": {
      "has_sand": "2024-08-08 17:16:57 +0000"
    },
    "done": true
  },
  "minecraft:recipes/building_blocks/light_blue_concrete_powder": {
    "criteria": {
      "has_sand": "2024-08-08 17:16:57 +0000"
    },
    "done": true
  },
  "minecraft:recipes/building_blocks/glass": {
    "criteria": {
      "has_smelts_to_glass": "2024-08-08 17:16:57 +0000"
    },
    "done": true
  },
  "minecraft:recipes/building_blocks/white_concrete_powder": {
    "criteria": {
      "has_sand": "2024-08-08 17:16:57 +0000"
    },
    "done": true
  },
  "minecraft:recipes/building_blocks/prismarine_bricks": {
    "criteria": {
      "has_prismarine_shard": "2024-08-08 17:16:57 +0000"
    },
    "done": true
  },
  "minecraft:recipes/building_blocks/dark_prismarine": {
    "criteria": {
      "has_prismarine_shard": "2024-08-08 17:16:57 +0000"
    },
    "done": true
  },
  "minecraft:recipes/building_blocks/yellow_concrete_powder": {
    "criteria": {
      "has_sand": "2024-08-08 17:16:57 +0000"
    },
    "done": true
  },
  "minecraft:recipes/building_blocks/sandstone": {
    "criteria": {
      "has_sand": "2024-08-08 17:16:57 +0000"
    },
    "done": true
  },
  "minecraft:recipes/building_blocks/gray_concrete_powder": {
    "criteria": {
      "has_sand": "2024-08-08 17:16:57 +0000"
    },
    "done": true
  },
  "doggytalents:recipes/tools/throw_bone": {
    "criteria": {
      "has_bone": "2024-08-08 17:17:00 +0000"
    },
    "done": true
  },
  "minecraft:recipes/misc/bone_meal": {
    "criteria": {
      "has_bone": "2024-08-08 17:17:00 +0000"
    },
    "done": true
  },
  "farmersdelight:recipes/cooking/bone_broth": {
    "criteria": {
      "has_bone": "2024-08-08 17:17:00 +0000"
    },
    "done": true
  },
  "doggytalents:recipes/tools/conducting_bone": {
    "criteria": {
      "has_bone": "2024-08-08 17:17:00 +0000"
    },
    "done": true
  },
  "deeperdarker:recipes/transportation/echo_boat": {
    "criteria": {
      "in_water": "2024-08-08 17:22:49 +0000"
    },
    "done": true
  },
  "biomesoplenty:recipes/transportation/willow_boat": {
    "criteria": {
      "in_water": "2024-08-08 17:22:49 +0000"
    },
    "done": true
  },
  "minecraft:recipes/transportation/cherry_boat": {
    "criteria": {
      "in_water": "2024-08-08 17:22:49 +0000"
    },
    "done": true
  },
  "biomesoplenty:recipes/transportation/umbran_boat": {
    "criteria": {
      "in_water": "2024-08-08 17:22:49 +0000"
    },
    "done": true
  },
  "minecraft:recipes/transportation/bamboo_raft": {
    "criteria": {
      "in_water": "2024-08-08 17:22:49 +0000"
    },
    "done": true
  },
  "biomesoplenty:recipes/transportation/dead_boat": {
    "criteria": {
      "in_water": "2024-08-08 17:22:49 +0000"
    },
    "done": true
  },
  "biomesoplenty:recipes/transportation/magic_boat": {
    "criteria": {
      "in_water": "2024-08-08 17:22:49 +0000"
    },
    "done": true
  },
  "minecraft:recipes/transportation/acacia_boat": {
    "criteria": {
      "in_water": "2024-08-08 17:22:49 +0000"
    },
    "done": true
  },
  "minecraft:recipes/transportation/jungle_boat": {
    "criteria": {
      "in_water": "2024-08-08 17:22:49 +0000"
    },
    "done": true
  },
  "twilightforest:recipes/transportation/twilight_oak_boat": {
    "criteria": {
      "in_water": "2024-08-08 17:22:49 +0000"
    },
    "done": true
  },
  "twilightforest:recipes/transportation/time_boat": {
    "criteria": {
      "in_water": "2024-08-08 17:22:49 +0000"
    },
    "done": true
  },
  "twilightforest:recipes/transportation/mining_boat": {
    "criteria": {
      "in_water": "2024-08-08 17:22:49 +0000"
    },
    "done": true
  },
  "twilightforest:recipes/transportation/mangrove_boat": {
    "criteria": {
      "in_water": "2024-08-08 17:22:49 +0000"
    },
    "done": true
  },
  "biomesoplenty:recipes/transportation/fir_boat": {
    "criteria": {
      "in_water": "2024-08-08 17:22:49 +0000"
    },
    "done": true
  },
  "twilightforest:recipes/transportation/transformation_boat": {
    "criteria": {
      "in_water": "2024-08-08 17:22:49 +0000"
    },
    "done": true
  },
  "minecraft:recipes/transportation/spruce_boat": {
    "criteria": {
      "in_water": "2024-08-08 17:22:49 +0000"
    },
    "done": true
  },
  "minecraft:recipes/transportation/birch_boat": {
    "criteria": {
      "in_water": "2024-08-08 17:22:49 +0000"
    },
    "done": true
  },
  "minecraft:recipes/transportation/oak_boat": {
    "criteria": {
      "in_water": "2024-08-08 17:22:49 +0000"
    },
    "done": true
  },
  "biomesoplenty:recipes/transportation/redwood_boat": {
    "criteria": {
      "in_water": "2024-08-08 17:22:49 +0000"
    },
    "done": true
  },
  "minecraft:recipes/transportation/mangrove_boat": {
    "criteria": {
      "in_water": "2024-08-08 17:22:49 +0000"
    },
    "done": true
  },
  "biomesoplenty:recipes/transportation/hellbark_boat": {
    "criteria": {
      "in_water": "2024-08-08 17:22:49 +0000"
    },
    "done": true
  },
  "biomesoplenty:recipes/transportation/jacaranda_boat": {
    "criteria": {
      "in_water": "2024-08-08 17:22:49 +0000"
    },
    "done": true
  },
  "twilightforest:recipes/transportation/canopy_boat": {
    "criteria": {
      "in_water": "2024-08-08 17:22:49 +0000"
    },
    "done": true
  },
  "biomesoplenty:recipes/transportation/mahogany_boat": {
    "criteria": {
      "in_water": "2024-08-08 17:22:49 +0000"
    },
    "done": true
  },
  "twilightforest:recipes/transportation/dark_boat": {
    "criteria": {
      "in_water": "2024-08-08 17:22:49 +0000"
    },
    "done": true
  },
  "biomesoplenty:recipes/transportation/palm_boat": {
    "criteria": {
      "in_water": "2024-08-08 17:22:49 +0000"
    },
    "done": true
  },
  "twilightforest:recipes/transportation/sorting_boat": {
    "criteria": {
      "in_water": "2024-08-08 17:22:49 +0000"
    },
    "done": true
  },
  "minecraft:recipes/transportation/dark_oak_boat": {
    "criteria": {
      "in_water": "2024-08-08 17:22:49 +0000"
    },
    "done": true
  },
  "minecraft:adventure/root": {
    "criteria": {
      "killed_by_something": "2024-08-08 17:23:15 +0000"
    },
    "done": true
  },
  "toms_storage:unlock_glowstone": {
    "criteria": {
      "inv_changed-glowstone": "2024-08-08 20:06:15 +0000"
    },
    "done": true
  },
  "storagedrawers:recipes/storagedrawers/one_stack_upgrade": {
    "criteria": {
      "has_template": "2024-08-08 20:06:15 +0000"
    },
    "done": true
  },
  "storagedrawers:recipes/storagedrawers/diamond_storage_upgrade": {
    "criteria": {
      "has_template": "2024-08-08 20:06:15 +0000"
    },
    "done": true
  },
  "storagedrawers:recipes/storagedrawers/illumination_upgrade": {
    "criteria": {
      "has_template": "2024-08-08 20:06:15 +0000"
    },
    "done": true
  },
  "toms_storage:unlock_netherite": {
    "criteria": {
      "inv_changed-netherite": "2024-08-08 20:06:15 +0000"
    },
    "done": true
  },
  "toms_storage:unlock_chest": {
    "criteria": {
      "inv_changed-chest": "2024-08-08 20:06:15 +0000"
    },
    "done": true
  },
  "storagedrawers:recipes/storagedrawers/acacia_trim": {
    "criteria": {
      "has_planks": "2024-08-08 20:06:15 +0000"
    },
    "done": true
  },
  "storagedrawers:recipes/storagedrawers/crimson_trim": {
    "criteria": {
      "has_planks": "2024-08-08 20:06:15 +0000"
    },
    "done": true
  },
  "storagedrawers:recipes/storagedrawers/concealment_key": {
    "criteria": {
      "has_template": "2024-08-08 20:06:15 +0000"
    },
    "done": true
  },
  "storagedrawers:recipes/storagedrawers/drawer_key": {
    "criteria": {
      "has_template": "2024-08-08 20:06:15 +0000"
    },
    "done": true
  },
  "storagedrawers:recipes/storagedrawers/min_redstone_upgrade": {
    "criteria": {
      "has_template": "2024-08-08 20:06:15 +0000"
    },
    "done": true
  },
  "storagedrawers:recipes/storagedrawers/gold_storage_upgrade": {
    "criteria": {
      "has_template": "2024-08-08 20:06:15 +0000"
    },
    "done": true
  },
  "storagedrawers:recipes/storagedrawers/birch_trim": {
    "criteria": {
      "has_planks": "2024-08-08 20:06:15 +0000"
    },
    "done": true
  },
  "storagedrawers:recipes/storagedrawers/void_upgrade": {
    "criteria": {
      "has_template": "2024-08-08 20:06:15 +0000"
    },
    "done": true
  },
  "storagedrawers:recipes/storagedrawers/warped_trim": {
    "criteria": {
      "has_planks": "2024-08-08 20:06:15 +0000"
    },
    "done": true
  },
  "storagedrawers:recipes/storagedrawers/jungle_trim": {
    "criteria": {
      "has_planks": "2024-08-08 20:06:15 +0000"
    },
    "done": true
  },
  "storagedrawers:recipes/storagedrawers/fill_level_upgrade": {
    "criteria": {
      "has_template": "2024-08-08 20:06:15 +0000"
    },
    "done": true
  },
  "storagedrawers:recipes/storagedrawers/max_redstone_upgrade": {
    "criteria": {
      "has_template": "2024-08-08 20:06:15 +0000"
    },
    "done": true
  },
  "storagedrawers:recipes/storagedrawers/redstone_upgrade": {
    "criteria": {
      "has_template": "2024-08-08 20:06:15 +0000"
    },
    "done": true
  },
  "storagedrawers:recipes/storagedrawers/spruce_trim": {
    "criteria": {
      "has_planks": "2024-08-08 20:06:15 +0000"
    },
    "done": true
  },
  "storagedrawers:recipes/storagedrawers/quantify_key": {
    "criteria": {
      "has_template": "2024-08-08 20:06:15 +0000"
    },
    "done": true
  },
  "storagedrawers:recipes/storagedrawers/dark_oak_trim": {
    "criteria": {
      "has_planks": "2024-08-08 20:06:15 +0000"
    },
    "done": true
  },
  "storagedrawers:recipes/storagedrawers/oak_trim": {
    "criteria": {
      "has_planks": "2024-08-08 20:06:15 +0000"
    },
    "done": true
  },
  "toms_storage:unlock_dia_pearl": {
    "criteria": {
      "inv_changed-ender_pearl": "2024-08-08 20:06:15 +0000",
      "inv_changed-diamond": "2024-08-08 20:06:15 +0000"
    },
    "done": true
  },
  "storagedrawers:recipes/storagedrawers/emerald_storage_upgrade": {
    "criteria": {
      "has_template": "2024-08-08 20:06:15 +0000"
    },
    "done": true
  },
  "storagedrawers:recipes/storagedrawers/obsidian_storage_upgrade": {
    "criteria": {
      "has_template": "2024-08-08 20:06:15 +0000"
    },
    "done": true
  },
  "storagedrawers:recipes/storagedrawers/iron_storage_upgrade": {
    "criteria": {
      "has_template": "2024-08-08 20:06:15 +0000"
    },
    "done": true
  },
  "DataVersion": 3465
}