{
  "idas:idas_root": {
    "criteria": {
      "always": "2024-08-12 23:47:32 +0000"
    },
    "done": true
  },
  "toms_storage:unlock_glowstone": {
    "criteria": {
      "inv_changed-glowstone": "2024-08-12 23:47:32 +0000"
    },
    "done": true
  },
  "storagedrawers:recipes/storagedrawers/one_stack_upgrade": {
    "criteria": {
      "has_template": "2024-08-12 23:47:32 +0000"
    },
    "done": true
  },
  "create:root": {
    "criteria": {
      "0": "2024-08-12 23:47:32 +0000"
    },
    "done": true
  },
  "storagedrawers:recipes/storagedrawers/diamond_storage_upgrade": {
    "criteria": {
      "has_template": "2024-08-12 23:47:32 +0000"
    },
    "done": true
  },
  "minecraft:recipes/decorations/crafting_table": {
    "criteria": {
      "unlock_right_away": "2024-08-12 23:47:32 +0000"
    },
    "done": true
  },
  "storagedrawers:recipes/storagedrawers/illumination_upgrade": {
    "criteria": {
      "has_template": "2024-08-12 23:47:32 +0000"
    },
    "done": true
  },
  "toms_storage:unlock_netherite": {
    "criteria": {
      "inv_changed-netherite": "2024-08-12 23:47:32 +0000"
    },
    "done": true
  },
  "mowziesmobs:root": {
    "criteria": {
      "custom_test_name": "2024-08-12 23:47:32 +0000"
    },
    "done": true
  },
  "toms_storage:unlock_chest": {
    "criteria": {
      "inv_changed-chest": "2024-08-12 23:47:32 +0000"
    },
    "done": true
  },
  "irons_spellbooks:grant_patchouli": {
    "criteria": {
      "tick": "2024-08-12 23:47:32 +0000"
    },
    "done": true
  },
  "storagedrawers:recipes/storagedrawers/acacia_trim": {
    "criteria": {
      "has_planks": "2024-08-12 23:47:32 +0000"
    },
    "done": true
  },
  "storagedrawers:recipes/storagedrawers/crimson_trim": {
    "criteria": {
      "has_planks": "2024-08-12 23:47:32 +0000"
    },
    "done": true
  },
  "iceandfire:iceandfire/root": {
    "criteria": {
      "tick": "2024-08-12 23:47:32 +0000"
    },
    "done": true
  },
  "dungeons_arise:wda_root": {
    "criteria": {
      "WDA": "2024-08-12 23:47:32 +0000"
    },
    "done": true
  },
  "storagedrawers:recipes/storagedrawers/concealment_key": {
    "criteria": {
      "has_template": "2024-08-12 23:47:32 +0000"
    },
    "done": true
  },
  "storagedrawers:recipes/storagedrawers/drawer_key": {
    "criteria": {
      "has_template": "2024-08-12 23:47:32 +0000"
    },
    "done": true
  },
  "storagedrawers:recipes/storagedrawers/min_redstone_upgrade": {
    "criteria": {
      "has_template": "2024-08-12 23:47:32 +0000"
    },
    "done": true
  },
  "betterdungeons:root": {
    "criteria": {
      "always": "2024-08-12 23:47:32 +0000"
    },
    "done": true
  },
  "storagedrawers:recipes/storagedrawers/gold_storage_upgrade": {
    "criteria": {
      "has_template": "2024-08-12 23:47:32 +0000"
    },
    "done": true
  },
  "storagedrawers:recipes/storagedrawers/birch_trim": {
    "criteria": {
      "has_planks": "2024-08-12 23:47:32 +0000"
    },
    "done": true
  },
  "storagedrawers:recipes/storagedrawers/void_upgrade": {
    "criteria": {
      "has_template": "2024-08-12 23:47:32 +0000"
    },
    "done": true
  },
  "storagedrawers:recipes/storagedrawers/warped_trim": {
    "criteria": {
      "has_planks": "2024-08-12 23:47:32 +0000"
    },
    "done": true
  },
  "storagedrawers:recipes/storagedrawers/jungle_trim": {
    "criteria": {
      "has_planks": "2024-08-12 23:47:32 +0000"
    },
    "done": true
  },
  "storagedrawers:recipes/storagedrawers/fill_level_upgrade": {
    "criteria": {
      "has_template": "2024-08-12 23:47:32 +0000"
    },
    "done": true
  },
  "storagedrawers:recipes/storagedrawers/max_redstone_upgrade": {
    "criteria": {
      "has_template": "2024-08-12 23:47:32 +0000"
    },
    "done": true
  },
  "betterdeserttemples:root": {
    "criteria": {
      "always": "2024-08-12 23:47:32 +0000"
    },
    "done": true
  },
  "cataclysm:root": {
    "criteria": {
      "custom_test_name": "2024-08-12 23:47:32 +0000"
    },
    "done": true
  },
  "storagedrawers:recipes/storagedrawers/redstone_upgrade": {
    "criteria": {
      "has_template": "2024-08-12 23:47:32 +0000"
    },
    "done": true
  },
  "totw_modded:root": {
    "criteria": {
      "sample_trigger": "2024-08-12 23:47:32 +0000"
    },
    "done": true
  },
  "storagedrawers:recipes/storagedrawers/spruce_trim": {
    "criteria": {
      "has_planks": "2024-08-12 23:47:32 +0000"
    },
    "done": true
  },
  "farmersdelight:main/root": {
    "criteria": {
      "seeds": "2024-08-12 23:47:32 +0000"
    },
    "done": true
  },
  "storagedrawers:recipes/storagedrawers/quantify_key": {
    "criteria": {
      "has_template": "2024-08-12 23:47:32 +0000"
    },
    "done": true
  },
  "storagedrawers:recipes/storagedrawers/dark_oak_trim": {
    "criteria": {
      "has_planks": "2024-08-12 23:47:32 +0000"
    },
    "done": true
  },
  "storagedrawers:recipes/storagedrawers/oak_trim": {
    "criteria": {
      "has_planks": "2024-08-12 23:47:32 +0000"
    },
    "done": true
  },
  "toms_storage:unlock_dia_pearl": {
    "criteria": {
      "inv_changed-ender_pearl": "2024-08-12 23:47:32 +0000",
      "inv_changed-diamond": "2024-08-12 23:47:32 +0000"
    },
    "done": true
  },
  "storagedrawers:recipes/storagedrawers/emerald_storage_upgrade": {
    "criteria": {
      "has_template": "2024-08-12 23:47:32 +0000"
    },
    "done": true
  },
  "storagedrawers:recipes/storagedrawers/obsidian_storage_upgrade": {
    "criteria": {
      "has_template": "2024-08-12 23:47:32 +0000"
    },
    "done": true
  },
  "storagedrawers:recipes/storagedrawers/iron_storage_upgrade": {
    "criteria": {
      "has_template": "2024-08-12 23:47:32 +0000"
    },
    "done": true
  },
  "dungeons_arise:find_mushroom_house": {
    "criteria": {
      "location0": "2024-08-12 23:47:33 +0000"
    },
    "done": true
  },
  "minecraft:adventure/adventuring_time": {
    "criteria": {
      "minecraft:snowy_slopes": "2024-08-13 00:28:10 +0000",
      "minecraft:deep_ocean": "2024-08-13 00:16:42 +0000",
      "minecraft:eroded_badlands": "2024-08-13 02:14:17 +0000",
      "minecraft:cherry_grove": "2024-08-13 00:32:12 +0000",
      "minecraft:sunflower_plains": "2024-08-13 00:40:07 +0000",
      "minecraft:birch_forest": "2024-08-13 01:05:17 +0000",
      "minecraft:badlands": "2024-08-13 02:14:40 +0000",
      "minecraft:sparse_jungle": "2024-08-13 01:03:02 +0000",
      "minecraft:river": "2024-08-12 23:52:44 +0000",
      "minecraft:stony_shore": "2024-08-13 00:02:55 +0000",
      "minecraft:grove": "2024-08-13 00:28:24 +0000",
      "minecraft:forest": "2024-08-12 23:47:33 +0000",
      "minecraft:jungle": "2024-08-13 01:03:08 +0000",
      "minecraft:ocean": "2024-08-13 00:16:17 +0000",
      "minecraft:flower_forest": "2024-08-13 00:39:54 +0000",
      "minecraft:frozen_peaks": "2024-08-13 00:28:22 +0000",
      "minecraft:old_growth_birch_forest": "2024-08-13 00:22:24 +0000",
      "minecraft:meadow": "2024-08-13 00:38:55 +0000",
      "minecraft:savanna": "2024-08-13 00:51:40 +0000",
      "minecraft:plains": "2024-08-12 23:52:54 +0000"
    },
    "done": false
  },
  "supplementaries:recipes/flower_box": {
    "criteria": {
      "has_dirt": "2024-08-12 23:49:03 +0000"
    },
    "done": true
  },
  "minecraft:recipes/building_blocks/red_concrete_powder": {
    "criteria": {
      "has_sand": "2024-08-12 23:49:25 +0000"
    },
    "done": true
  },
  "minecraft:recipes/building_blocks/green_concrete_powder": {
    "criteria": {
      "has_sand": "2024-08-12 23:49:25 +0000"
    },
    "done": true
  },
  "minecraft:recipes/building_blocks/blue_concrete_powder": {
    "criteria": {
      "has_sand": "2024-08-12 23:49:25 +0000"
    },
    "done": true
  },
  "minecraft:recipes/building_blocks/lime_concrete_powder": {
    "criteria": {
      "has_sand": "2024-08-12 23:49:25 +0000"
    },
    "done": true
  },
  "minecraft:recipes/building_blocks/orange_concrete_powder": {
    "criteria": {
      "has_sand": "2024-08-12 23:49:25 +0000"
    },
    "done": true
  },
  "minecraft:recipes/building_blocks/magenta_concrete_powder": {
    "criteria": {
      "has_sand": "2024-08-12 23:49:25 +0000"
    },
    "done": true
  },
  "minecraft:recipes/building_blocks/black_concrete_powder": {
    "criteria": {
      "has_sand": "2024-08-12 23:49:25 +0000"
    },
    "done": true
  },
  "minecraft:recipes/building_blocks/purple_concrete_powder": {
    "criteria": {
      "has_sand": "2024-08-12 23:49:25 +0000"
    },
    "done": true
  },
  "minecraft:recipes/building_blocks/cyan_concrete_powder": {
    "criteria": {
      "has_sand": "2024-08-12 23:49:25 +0000"
    },
    "done": true
  },
  "minecraft:recipes/building_blocks/light_gray_concrete_powder": {
    "criteria": {
      "has_sand": "2024-08-12 23:49:25 +0000"
    },
    "done": true
  },
  "minecraft:recipes/building_blocks/pink_concrete_powder": {
    "criteria": {
      "has_sand": "2024-08-12 23:49:25 +0000"
    },
    "done": true
  },
  "minecraft:recipes/building_blocks/brown_concrete_powder": {
    "criteria": {
      "has_sand": "2024-08-12 23:49:25 +0000"
    },
    "done": true
  },
  "minecraft:recipes/building_blocks/light_blue_concrete_powder": {
    "criteria": {
      "has_sand": "2024-08-12 23:49:25 +0000"
    },
    "done": true
  },
  "minecraft:recipes/building_blocks/glass": {
    "criteria": {
      "has_smelts_to_glass": "2024-08-12 23:49:25 +0000"
    },
    "done": true
  },
  "minecraft:recipes/building_blocks/white_concrete_powder": {
    "criteria": {
      "has_sand": "2024-08-12 23:49:25 +0000"
    },
    "done": true
  },
  "minecraft:recipes/building_blocks/yellow_concrete_powder": {
    "criteria": {
      "has_sand": "2024-08-12 23:49:25 +0000"
    },
    "done": true
  },
  "minecraft:recipes/building_blocks/sandstone": {
    "criteria": {
      "has_sand": "2024-08-12 23:49:25 +0000"
    },
    "done": true
  },
  "minecraft:recipes/building_blocks/gray_concrete_powder": {
    "criteria": {
      "has_sand": "2024-08-12 23:49:25 +0000"
    },
    "done": true
  },
  "farmersdelight:recipes/cooking/rabbit_stew": {
    "criteria": {
      "has_any_ingredient": "2024-08-12 23:49:54 +0000"
    },
    "done": true
  },
  "farmersdelight:recipes/cooking/chicken_soup": {
    "criteria": {
      "has_any_ingredient": "2024-08-12 23:49:54 +0000"
    },
    "done": true
  },
  "farmersdelight:recipes/cooking/vegetable_noodles": {
    "criteria": {
      "has_any_ingredient": "2024-08-12 23:49:54 +0000"
    },
    "done": true
  },
  "farmersdelight:recipes/cooking/fried_rice": {
    "criteria": {
      "has_any_ingredient": "2024-08-12 23:49:54 +0000"
    },
    "done": true
  },
  "farmersdelight:recipes/cooking/beef_stew": {
    "criteria": {
      "has_any_ingredient": "2024-08-12 23:49:54 +0000"
    },
    "done": true
  },
  "minecraft:recipes/transportation/carrot_on_a_stick": {
    "criteria": {
      "has_carrot": "2024-08-12 23:49:54 +0000"
    },
    "done": true
  },
  "farmersdelight:recipes/cooking/vegetable_soup": {
    "criteria": {
      "has_any_ingredient": "2024-08-12 23:49:54 +0000"
    },
    "done": true
  },
  "minecraft:husbandry/root": {
    "criteria": {
      "consumed_item": "2024-08-12 23:49:57 +0000"
    },
    "done": true
  },
  "minecraft:husbandry/balanced_diet": {
    "criteria": {
      "cooked_porkchop": "2024-08-13 00:02:04 +0000",
      "cooked_mutton": "2024-08-13 00:06:50 +0000",
      "cooked_beef": "2024-08-13 00:29:48 +0000",
      "beef": "2024-08-13 00:03:12 +0000",
      "porkchop": "2024-08-12 23:58:26 +0000",
      "bread": "2024-08-13 01:10:36 +0000",
      "melon_slice": "2024-08-13 01:49:41 +0000",
      "cooked_chicken": "2024-08-13 00:10:01 +0000",
      "carrot": "2024-08-12 23:49:57 +0000"
    },
    "done": false
  },
  "minecraft:recipes/misc/charcoal": {
    "criteria": {
      "has_log": "2024-08-12 23:50:09 +0000"
    },
    "done": true
  },
  "minecraft:recipes/building_blocks/oak_planks": {
    "criteria": {
      "has_logs": "2024-08-12 23:50:09 +0000"
    },
    "done": true
  },
  "minecraft:recipes/building_blocks/oak_wood": {
    "criteria": {
      "has_log": "2024-08-12 23:50:09 +0000"
    },
    "done": true
  },
  "minecraft:recipes/decorations/oak_sign": {
    "criteria": {
      "has_planks": "2024-08-12 23:50:36 +0000"
    },
    "done": true
  },
  "supplementaries:recipes/lock_block": {
    "criteria": {
      "minecraft:planks": "2024-08-12 23:50:36 +0000"
    },
    "done": true
  },
  "minecraft:recipes/misc/stick": {
    "criteria": {
      "has_planks": "2024-08-12 23:50:36 +0000"
    },
    "done": true
  },
  "minecraft:recipes/building_blocks/oak_slab": {
    "criteria": {
      "has_planks": "2024-08-12 23:50:36 +0000"
    },
    "done": true
  },
  "minecraft:recipes/redstone/oak_fence_gate": {
    "criteria": {
      "has_planks": "2024-08-12 23:50:36 +0000"
    },
    "done": true
  },
  "minecraft:recipes/redstone/oak_door": {
    "criteria": {
      "has_planks": "2024-08-12 23:50:36 +0000"
    },
    "done": true
  },
  "supplementaries:recipes/turn_table": {
    "criteria": {
      "minecraft:planks": "2024-08-12 23:50:36 +0000"
    },
    "done": true
  },
  "supplementaries:recipes/clock_block": {
    "criteria": {
      "minecraft:planks": "2024-08-12 23:50:36 +0000"
    },
    "done": true
  },
  "minecraft:recipes/decorations/barrel": {
    "criteria": {
      "has_planks": "2024-08-12 23:50:36 +0000"
    },
    "done": true
  },
  "minecraft:recipes/redstone/oak_trapdoor": {
    "criteria": {
      "has_planks": "2024-08-12 23:50:36 +0000"
    },
    "done": true
  },
  "supplementaries:recipes/bed_from_feather_block": {
    "criteria": {
      "minecraft:planks": "2024-08-12 23:50:36 +0000"
    },
    "done": true
  },
  "minecraft:recipes/building_blocks/oak_stairs": {
    "criteria": {
      "has_planks": "2024-08-12 23:50:36 +0000"
    },
    "done": true
  },
  "minecraft:recipes/decorations/oak_fence": {
    "criteria": {
      "has_planks": "2024-08-12 23:50:36 +0000"
    },
    "done": true
  },
  "iceandfire:recipes/misc/earplugs": {
    "criteria": {
      "has_item": "2024-08-12 23:50:36 +0000"
    },
    "done": true
  },
  "supplementaries:recipes/speaker_block": {
    "criteria": {
      "minecraft:planks": "2024-08-12 23:50:36 +0000"
    },
    "done": true
  },
  "minecraft:recipes/redstone/oak_button": {
    "criteria": {
      "has_planks": "2024-08-12 23:50:36 +0000"
    },
    "done": true
  },
  "supplementaries:recipes/notice_board": {
    "criteria": {
      "minecraft:planks": "2024-08-12 23:50:36 +0000"
    },
    "done": true
  },
  "minecraft:recipes/redstone/oak_pressure_plate": {
    "criteria": {
      "has_planks": "2024-08-12 23:50:36 +0000"
    },
    "done": true
  },
  "create:recipes/building_blocks/oak_window": {
    "criteria": {
      "has_ingredient": "2024-08-12 23:50:36 +0000"
    },
    "done": true
  },
  "supplementaries:recipes/pulley": {
    "criteria": {
      "minecraft:planks": "2024-08-12 23:50:36 +0000"
    },
    "done": true
  },
  "paraglider:root": {
    "criteria": {
      "crafting_table": "2024-08-12 23:50:38 +0000"
    },
    "done": true
  },
  "create:recipes/misc/crafting/appliances/crafting_blueprint": {
    "criteria": {
      "has_item": "2024-08-12 23:50:38 +0000"
    },
    "done": true
  },
  "minecraft:story/root": {
    "criteria": {
      "crafting_table": "2024-08-12 23:50:38 +0000"
    },
    "done": true
  },
  "minecraft:recipes/decorations/ladder": {
    "criteria": {
      "has_stick": "2024-08-12 23:50:53 +0000"
    },
    "done": true
  },
  "supplementaries:recipes/crank": {
    "criteria": {
      "forge:rods/wooden": "2024-08-12 23:50:53 +0000"
    },
    "done": true
  },
  "supplementaries:recipes/flags/flag_orange": {
    "criteria": {
      "has_stick": "2024-08-12 23:50:53 +0000"
    },
    "done": true
  },
  "supplementaries:recipes/flags/flag_magenta": {
    "criteria": {
      "has_stick": "2024-08-12 23:50:53 +0000"
    },
    "done": true
  },
  "doggytalents:recipes/decorations/sunglasses": {
    "criteria": {
      "has_stick": "2024-08-12 23:50:53 +0000"
    },
    "done": true
  },
  "minecraft:recipes/tools/wooden_axe": {
    "criteria": {
      "has_stick": "2024-08-12 23:50:53 +0000"
    },
    "done": true
  },
  "doggytalents:recipes/decorations/giant_stick": {
    "criteria": {
      "has_stick": "2024-08-12 23:50:53 +0000"
    },
    "done": true
  },
  "supplementaries:recipes/daub_cross_brace": {
    "criteria": {
      "forge:rods/wooden": "2024-08-12 23:50:53 +0000"
    },
    "done": true
  },
  "supplementaries:recipes/flags/flag_pink": {
    "criteria": {
      "has_stick": "2024-08-12 23:50:53 +0000"
    },
    "done": true
  },
  "minecraft:recipes/decorations/campfire": {
    "criteria": {
      "has_stick": "2024-08-12 23:50:53 +0000"
    },
    "done": true
  },
  "supplementaries:recipes/timber_frame": {
    "criteria": {
      "forge:rods/wooden": "2024-08-12 23:50:53 +0000"
    },
    "done": true
  },
  "minecraft:recipes/tools/wooden_hoe": {
    "criteria": {
      "has_stick": "2024-08-12 23:50:53 +0000"
    },
    "done": true
  },
  "supplementaries:recipes/slingshot": {
    "criteria": {
      "forge:rods/wooden": "2024-08-12 23:50:53 +0000"
    },
    "done": true
  },
  "supplementaries:recipes/timber_brace": {
    "criteria": {
      "forge:rods/wooden": "2024-08-12 23:50:53 +0000"
    },
    "done": true
  },
  "minecraft:recipes/tools/wooden_shovel": {
    "criteria": {
      "has_stick": "2024-08-12 23:50:53 +0000"
    },
    "done": true
  },
  "paraglider:recipes/misc/paraglider": {
    "criteria": {
      "has_stick": "2024-08-12 23:50:53 +0000"
    },
    "done": true
  },
  "supplementaries:recipes/flags/flag_black": {
    "criteria": {
      "has_stick": "2024-08-12 23:50:53 +0000"
    },
    "done": true
  },
  "minecraft:recipes/combat/wooden_sword": {
    "criteria": {
      "has_stick": "2024-08-12 23:50:53 +0000"
    },
    "done": true
  },
  "supplementaries:recipes/flags/flag_green": {
    "criteria": {
      "has_stick": "2024-08-12 23:50:53 +0000"
    },
    "done": true
  },
  "supplementaries:recipes/flags/flag_purple": {
    "criteria": {
      "has_stick": "2024-08-12 23:50:53 +0000"
    },
    "done": true
  },
  "supplementaries:recipes/flags/flag_white": {
    "criteria": {
      "has_stick": "2024-08-12 23:50:53 +0000"
    },
    "done": true
  },
  "supplementaries:recipes/timber_cross_brace": {
    "criteria": {
      "forge:rods/wooden": "2024-08-12 23:50:53 +0000"
    },
    "done": true
  },
  "supplementaries:recipes/flags/flag_brown": {
    "criteria": {
      "has_stick": "2024-08-12 23:50:53 +0000"
    },
    "done": true
  },
  "supplementaries:recipes/flags/flag_gray": {
    "criteria": {
      "has_stick": "2024-08-12 23:50:53 +0000"
    },
    "done": true
  },
  "farmersdelight:recipes/combat/flint_knife": {
    "criteria": {
      "has_stick": "2024-08-12 23:50:53 +0000"
    },
    "done": true
  },
  "supplementaries:recipes/faucet": {
    "criteria": {
      "forge:rods/wooden": "2024-08-12 23:50:53 +0000"
    },
    "done": true
  },
  "supplementaries:recipes/flags/flag_light_blue": {
    "criteria": {
      "has_stick": "2024-08-12 23:50:53 +0000"
    },
    "done": true
  },
  "supplementaries:recipes/daub_brace": {
    "criteria": {
      "forge:rods/wooden": "2024-08-12 23:50:53 +0000"
    },
    "done": true
  },
  "supplementaries:recipes/flags/flag_blue": {
    "criteria": {
      "has_stick": "2024-08-12 23:50:53 +0000"
    },
    "done": true
  },
  "supplementaries:recipes/daub_frame": {
    "criteria": {
      "forge:rods/wooden": "2024-08-12 23:50:53 +0000"
    },
    "done": true
  },
  "minecraft:recipes/tools/wooden_pickaxe": {
    "criteria": {
      "has_stick": "2024-08-12 23:50:53 +0000"
    },
    "done": true
  },
  "supplementaries:recipes/flags/flag_cyan": {
    "criteria": {
      "has_stick": "2024-08-12 23:50:53 +0000"
    },
    "done": true
  },
  "supplementaries:recipes/flags/flag_yellow": {
    "criteria": {
      "has_stick": "2024-08-12 23:50:53 +0000"
    },
    "done": true
  },
  "supplementaries:recipes/flags/flag_light_gray": {
    "criteria": {
      "has_stick": "2024-08-12 23:50:53 +0000"
    },
    "done": true
  },
  "supplementaries:recipes/flags/flag_red": {
    "criteria": {
      "has_stick": "2024-08-12 23:50:53 +0000"
    },
    "done": true
  },
  "farmersdelight:recipes/decorations/cutting_board": {
    "criteria": {
      "has_stick": "2024-08-12 23:50:53 +0000"
    },
    "done": true
  },
  "supplementaries:recipes/flags/flag_lime": {
    "criteria": {
      "has_stick": "2024-08-12 23:50:53 +0000"
    },
    "done": true
  },
  "minecraft:story/mine_stone": {
    "criteria": {
      "get_stone": "2024-08-12 23:51:01 +0000"
    },
    "done": true
  },
  "minecraft:recipes/decorations/furnace": {
    "criteria": {
      "has_cobblestone": "2024-08-12 23:51:01 +0000"
    },
    "done": true
  },
  "minecraft:recipes/building_blocks/cobblestone_slab_from_cobblestone_stonecutting": {
    "criteria": {
      "has_cobblestone": "2024-08-12 23:51:01 +0000"
    },
    "done": true
  },
  "minecraft:recipes/building_blocks/stone": {
    "criteria": {
      "has_cobblestone": "2024-08-12 23:51:01 +0000"
    },
    "done": true
  },
  "minecraft:recipes/tools/stone_pickaxe": {
    "criteria": {
      "has_cobblestone": "2024-08-12 23:51:01 +0000"
    },
    "done": true
  },
  "minecraft:recipes/building_blocks/cobblestone_slab": {
    "criteria": {
      "has_cobblestone": "2024-08-12 23:51:01 +0000"
    },
    "done": true
  },
  "minecraft:recipes/decorations/cobblestone_wall_from_cobblestone_stonecutting": {
    "criteria": {
      "has_cobblestone": "2024-08-12 23:51:01 +0000"
    },
    "done": true
  },
  "minecraft:recipes/building_blocks/cobblestone_stairs": {
    "criteria": {
      "has_cobblestone": "2024-08-12 23:51:01 +0000"
    },
    "done": true
  },
  "minecraft:recipes/tools/stone_shovel": {
    "criteria": {
      "has_cobblestone": "2024-08-12 23:51:01 +0000"
    },
    "done": true
  },
  "minecraft:recipes/redstone/lever": {
    "criteria": {
      "has_cobblestone": "2024-08-12 23:51:01 +0000"
    },
    "done": true
  },
  "minecraft:recipes/combat/stone_sword": {
    "criteria": {
      "has_cobblestone": "2024-08-12 23:51:01 +0000"
    },
    "done": true
  },
  "minecraft:recipes/decorations/cobblestone_wall": {
    "criteria": {
      "has_cobblestone": "2024-08-12 23:51:01 +0000"
    },
    "done": true
  },
  "minecraft:recipes/tools/stone_axe": {
    "criteria": {
      "has_cobblestone": "2024-08-12 23:51:01 +0000"
    },
    "done": true
  },
  "supplementaries:recipes/checker": {
    "criteria": {
      "has_cobblestone": "2024-08-12 23:51:01 +0000"
    },
    "done": true
  },
  "minecraft:recipes/building_blocks/cobblestone_stairs_from_cobblestone_stonecutting": {
    "criteria": {
      "has_cobblestone": "2024-08-12 23:51:01 +0000"
    },
    "done": true
  },
  "minecraft:recipes/tools/stone_hoe": {
    "criteria": {
      "has_cobblestone": "2024-08-12 23:51:01 +0000"
    },
    "done": true
  },
  "minecraft:recipes/decorations/torch": {
    "criteria": {
      "has_stone_pickaxe": "2024-08-12 23:51:07 +0000"
    },
    "done": true
  },
  "minecraft:story/upgrade_tools": {
    "criteria": {
      "stone_pickaxe": "2024-08-12 23:51:07 +0000"
    },
    "done": true
  },
  "minecraft:recipes/misc/copper_ingot_from_blasting_raw_copper": {
    "criteria": {
      "has_raw_copper": "2024-08-12 23:51:24 +0000"
    },
    "done": true
  },
  "minecraft:recipes/building_blocks/raw_copper_block": {
    "criteria": {
      "has_raw_copper": "2024-08-12 23:51:24 +0000"
    },
    "done": true
  },
  "minecraft:recipes/misc/copper_ingot_from_smelting_raw_copper": {
    "criteria": {
      "has_raw_copper": "2024-08-12 23:51:24 +0000"
    },
    "done": true
  },
  "deeperdarker:recipes/transportation/echo_boat": {
    "criteria": {
      "in_water": "2024-08-12 23:51:38 +0000"
    },
    "done": true
  },
  "biomesoplenty:recipes/transportation/willow_boat": {
    "criteria": {
      "in_water": "2024-08-12 23:51:38 +0000"
    },
    "done": true
  },
  "minecraft:recipes/transportation/cherry_boat": {
    "criteria": {
      "in_water": "2024-08-12 23:51:38 +0000"
    },
    "done": true
  },
  "biomesoplenty:recipes/transportation/umbran_boat": {
    "criteria": {
      "in_water": "2024-08-12 23:51:38 +0000"
    },
    "done": true
  },
  "minecraft:recipes/transportation/bamboo_raft": {
    "criteria": {
      "in_water": "2024-08-12 23:51:38 +0000"
    },
    "done": true
  },
  "biomesoplenty:recipes/transportation/dead_boat": {
    "criteria": {
      "in_water": "2024-08-12 23:51:38 +0000"
    },
    "done": true
  },
  "biomesoplenty:recipes/transportation/magic_boat": {
    "criteria": {
      "in_water": "2024-08-12 23:51:38 +0000"
    },
    "done": true
  },
  "minecraft:recipes/transportation/acacia_boat": {
    "criteria": {
      "in_water": "2024-08-12 23:51:38 +0000"
    },
    "done": true
  },
  "minecraft:recipes/transportation/jungle_boat": {
    "criteria": {
      "in_water": "2024-08-12 23:51:38 +0000"
    },
    "done": true
  },
  "twilightforest:recipes/transportation/twilight_oak_boat": {
    "criteria": {
      "in_water": "2024-08-12 23:51:38 +0000"
    },
    "done": true
  },
  "twilightforest:recipes/transportation/time_boat": {
    "criteria": {
      "in_water": "2024-08-12 23:51:38 +0000"
    },
    "done": true
  },
  "twilightforest:recipes/transportation/mining_boat": {
    "criteria": {
      "in_water": "2024-08-12 23:51:38 +0000"
    },
    "done": true
  },
  "twilightforest:recipes/transportation/mangrove_boat": {
    "criteria": {
      "in_water": "2024-08-12 23:51:38 +0000"
    },
    "done": true
  },
  "biomesoplenty:recipes/transportation/fir_boat": {
    "criteria": {
      "in_water": "2024-08-12 23:51:38 +0000"
    },
    "done": true
  },
  "twilightforest:recipes/transportation/transformation_boat": {
    "criteria": {
      "in_water": "2024-08-12 23:51:38 +0000"
    },
    "done": true
  },
  "minecraft:recipes/transportation/spruce_boat": {
    "criteria": {
      "in_water": "2024-08-12 23:51:38 +0000"
    },
    "done": true
  },
  "minecraft:recipes/transportation/birch_boat": {
    "criteria": {
      "in_water": "2024-08-12 23:51:38 +0000"
    },
    "done": true
  },
  "minecraft:recipes/transportation/oak_boat": {
    "criteria": {
      "in_water": "2024-08-12 23:51:38 +0000"
    },
    "done": true
  },
  "biomesoplenty:recipes/transportation/redwood_boat": {
    "criteria": {
      "in_water": "2024-08-12 23:51:38 +0000"
    },
    "done": true
  },
  "minecraft:recipes/transportation/mangrove_boat": {
    "criteria": {
      "in_water": "2024-08-12 23:51:38 +0000"
    },
    "done": true
  },
  "biomesoplenty:recipes/transportation/hellbark_boat": {
    "criteria": {
      "in_water": "2024-08-12 23:51:38 +0000"
    },
    "done": true
  },
  "biomesoplenty:recipes/transportation/jacaranda_boat": {
    "criteria": {
      "in_water": "2024-08-12 23:51:38 +0000"
    },
    "done": true
  },
  "twilightforest:recipes/transportation/canopy_boat": {
    "criteria": {
      "in_water": "2024-08-12 23:51:38 +0000"
    },
    "done": true
  },
  "biomesoplenty:recipes/transportation/mahogany_boat": {
    "criteria": {
      "in_water": "2024-08-12 23:51:38 +0000"
    },
    "done": true
  },
  "twilightforest:recipes/transportation/dark_boat": {
    "criteria": {
      "in_water": "2024-08-12 23:51:38 +0000"
    },
    "done": true
  },
  "biomesoplenty:recipes/transportation/palm_boat": {
    "criteria": {
      "in_water": "2024-08-12 23:51:38 +0000"
    },
    "done": true
  },
  "twilightforest:recipes/transportation/sorting_boat": {
    "criteria": {
      "in_water": "2024-08-12 23:51:38 +0000"
    },
    "done": true
  },
  "minecraft:recipes/transportation/dark_oak_boat": {
    "criteria": {
      "in_water": "2024-08-12 23:51:38 +0000"
    },
    "done": true
  },
  "minecraft:recipes/decorations/chest": {
    "criteria": {
      "has_lots_of_items": "2024-08-12 23:51:55 +0000"
    },
    "done": true
  },
  "iceandfire:recipes/tools/silver_ingot_from_smelting_raw_silver": {
    "criteria": {
      "has_raw_silver": "2024-08-12 23:51:55 +0000"
    },
    "done": true
  },
  "iceandfire:recipes/building_blocks/raw_silver_to_raw_silver_block": {
    "criteria": {
      "has_raw_silver": "2024-08-12 23:51:55 +0000"
    },
    "done": true
  },
  "iceandfire:recipes/tools/silver_ingot_from_blasting_raw_silver": {
    "criteria": {
      "has_raw_silver": "2024-08-12 23:51:55 +0000"
    },
    "done": true
  },
  "minecraft:recipes/building_blocks/coal_block": {
    "criteria": {
      "has_coal": "2024-08-12 23:53:16 +0000"
    },
    "done": true
  },
  "create:recipes/building_blocks/cut_veridium_brick_slab_from_stone_types_veridium_stonecutting": {
    "criteria": {
      "has_stone_types_veridium": "2024-08-12 23:53:20 +0000"
    },
    "done": true
  },
  "create:recipes/building_blocks/polished_cut_veridium_from_stone_types_veridium_stonecutting": {
    "criteria": {
      "has_stone_types_veridium": "2024-08-12 23:53:20 +0000"
    },
    "done": true
  },
  "create:recipes/building_blocks/cut_veridium_brick_wall_from_stone_types_veridium_stonecutting": {
    "criteria": {
      "has_stone_types_veridium": "2024-08-12 23:53:20 +0000"
    },
    "done": true
  },
  "create:recipes/building_blocks/cut_veridium_wall_from_stone_types_veridium_stonecutting": {
    "criteria": {
      "has_stone_types_veridium": "2024-08-12 23:53:20 +0000"
    },
    "done": true
  },
  "create:recipes/building_blocks/cut_veridium_stairs_from_stone_types_veridium_stonecutting": {
    "criteria": {
      "has_stone_types_veridium": "2024-08-12 23:53:20 +0000"
    },
    "done": true
  },
  "create:recipes/building_blocks/small_veridium_brick_wall_from_stone_types_veridium_stonecutting": {
    "criteria": {
      "has_stone_types_veridium": "2024-08-12 23:53:20 +0000"
    },
    "done": true
  },
  "create:recipes/building_blocks/cut_veridium_brick_stairs_from_stone_types_veridium_stonecutting": {
    "criteria": {
      "has_stone_types_veridium": "2024-08-12 23:53:20 +0000"
    },
    "done": true
  },
  "create:recipes/building_blocks/polished_cut_veridium_stairs_from_stone_types_veridium_stonecutting": {
    "criteria": {
      "has_stone_types_veridium": "2024-08-12 23:53:20 +0000"
    },
    "done": true
  },
  "create:recipes/building_blocks/cut_veridium_from_stone_types_veridium_stonecutting": {
    "criteria": {
      "has_stone_types_veridium": "2024-08-12 23:53:20 +0000"
    },
    "done": true
  },
  "create:recipes/building_blocks/veridium_pillar_from_stone_types_veridium_stonecutting": {
    "criteria": {
      "has_stone_types_veridium": "2024-08-12 23:53:20 +0000"
    },
    "done": true
  },
  "create:recipes/building_blocks/cut_veridium_bricks_from_stone_types_veridium_stonecutting": {
    "criteria": {
      "has_stone_types_veridium": "2024-08-12 23:53:20 +0000"
    },
    "done": true
  },
  "create:recipes/building_blocks/polished_cut_veridium_wall_from_stone_types_veridium_stonecutting": {
    "criteria": {
      "has_stone_types_veridium": "2024-08-12 23:53:20 +0000"
    },
    "done": true
  },
  "create:recipes/building_blocks/veridium_from_stone_types_veridium_stonecutting": {
    "criteria": {
      "has_stone_types_veridium": "2024-08-12 23:53:20 +0000"
    },
    "done": true
  },
  "create:recipes/building_blocks/small_veridium_bricks_from_stone_types_veridium_stonecutting": {
    "criteria": {
      "has_stone_types_veridium": "2024-08-12 23:53:20 +0000"
    },
    "done": true
  },
  "create:recipes/building_blocks/small_veridium_brick_stairs_from_stone_types_veridium_stonecutting": {
    "criteria": {
      "has_stone_types_veridium": "2024-08-12 23:53:20 +0000"
    },
    "done": true
  },
  "create:recipes/building_blocks/polished_cut_veridium_slab_from_stone_types_veridium_stonecutting": {
    "criteria": {
      "has_stone_types_veridium": "2024-08-12 23:53:20 +0000"
    },
    "done": true
  },
  "create:recipes/building_blocks/cut_veridium_slab_from_stone_types_veridium_stonecutting": {
    "criteria": {
      "has_stone_types_veridium": "2024-08-12 23:53:20 +0000"
    },
    "done": true
  },
  "create:recipes/building_blocks/small_veridium_brick_slab_from_stone_types_veridium_stonecutting": {
    "criteria": {
      "has_stone_types_veridium": "2024-08-12 23:53:20 +0000"
    },
    "done": true
  },
  "create:recipes/building_blocks/layered_veridium_from_stone_types_veridium_stonecutting": {
    "criteria": {
      "has_stone_types_veridium": "2024-08-12 23:53:20 +0000"
    },
    "done": true
  },
  "supplementaries:recipes/soap": {
    "criteria": {
      "has_porkchop": "2024-08-12 23:54:40 +0000"
    },
    "done": true
  },
  "minecraft:recipes/food/cooked_porkchop": {
    "criteria": {
      "has_porkchop": "2024-08-12 23:54:40 +0000"
    },
    "done": true
  },
  "minecraft:adventure/root": {
    "criteria": {
      "killed_something": "2024-08-12 23:54:40 +0000"
    },
    "done": true
  },
  "minecraft:recipes/food/cooked_porkchop_from_smoking": {
    "criteria": {
      "has_porkchop": "2024-08-12 23:54:40 +0000"
    },
    "done": true
  },
  "iceandfire:recipes/misc/dragon_meal": {
    "criteria": {
      "has_item": "2024-08-12 23:54:40 +0000"
    },
    "done": true
  },
  "farmersdelight:recipes/cooking/noodle_soup": {
    "criteria": {
      "has_any_ingredient": "2024-08-12 23:54:40 +0000"
    },
    "done": true
  },
  "minecraft:recipes/food/cooked_porkchop_from_campfire_cooking": {
    "criteria": {
      "has_porkchop": "2024-08-12 23:54:40 +0000"
    },
    "done": true
  },
  "farmersdelight:recipes/cooking/pumpkin_soup": {
    "criteria": {
      "has_any_ingredient": "2024-08-12 23:54:40 +0000"
    },
    "done": true
  },
  "minecraft:recipes/combat/leather_helmet": {
    "criteria": {
      "has_leather": "2024-08-12 23:54:46 +0000"
    },
    "done": true
  },
  "doggytalents:recipes/decorations/plague_doctor_mask": {
    "criteria": {
      "has_leather": "2024-08-12 23:54:46 +0000"
    },
    "done": true
  },
  "minecraft:recipes/combat/leather_chestplate": {
    "criteria": {
      "has_leather": "2024-08-12 23:54:46 +0000"
    },
    "done": true
  },
  "minecraft:recipes/misc/leather_horse_armor": {
    "criteria": {
      "has_leather": "2024-08-12 23:54:46 +0000"
    },
    "done": true
  },
  "doggytalents:recipes/decorations/tantan_cape": {
    "criteria": {
      "has_leather": "2024-08-12 23:54:46 +0000"
    },
    "done": true
  },
  "sophisticatedbackpacks:recipes/misc/backpack": {
    "criteria": {
      "has_leather": "2024-08-12 23:54:46 +0000"
    },
    "done": true
  },
  "minecraft:recipes/food/cooked_beef_from_smoking": {
    "criteria": {
      "has_beef": "2024-08-12 23:54:46 +0000"
    },
    "done": true
  },
  "minecraft:recipes/decorations/item_frame": {
    "criteria": {
      "has_leather": "2024-08-12 23:54:46 +0000"
    },
    "done": true
  },
  "farmersdelight:recipes/cooking/pasta_with_meatballs": {
    "criteria": {
      "has_any_ingredient": "2024-08-12 23:54:46 +0000"
    },
    "done": true
  },
  "minecraft:recipes/combat/leather_boots": {
    "criteria": {
      "has_leather": "2024-08-12 23:54:46 +0000"
    },
    "done": true
  },
  "doggytalents:recipes/decorations/cape_coloured": {
    "criteria": {
      "has_leather": "2024-08-12 23:54:46 +0000"
    },
    "done": true
  },
  "minecraft:recipes/food/cooked_beef": {
    "criteria": {
      "has_beef": "2024-08-12 23:54:46 +0000"
    },
    "done": true
  },
  "minecraft:recipes/combat/leather_leggings": {
    "criteria": {
      "has_leather": "2024-08-12 23:54:46 +0000"
    },
    "done": true
  },
  "doggytalents:recipes/decorations/leather_jacket": {
    "criteria": {
      "has_leather": "2024-08-12 23:54:46 +0000"
    },
    "done": true
  },
  "iceandfire:recipes/misc/blindfold": {
    "criteria": {
      "has_item": "2024-08-12 23:54:46 +0000"
    },
    "done": true
  },
  "supplementaries:recipes/bellows": {
    "criteria": {
      "has_leather": "2024-08-12 23:54:46 +0000"
    },
    "done": true
  },
  "doggytalents:recipes/tools/treat_bag": {
    "criteria": {
      "has_leather": "2024-08-12 23:54:46 +0000"
    },
    "done": true
  },
  "sophisticatedbackpacks:recipes/misc/upgrade_base": {
    "criteria": {
      "has_leather": "2024-08-12 23:54:46 +0000"
    },
    "done": true
  },
  "minecraft:recipes/food/cooked_beef_from_campfire_cooking": {
    "criteria": {
      "has_beef": "2024-08-12 23:54:46 +0000"
    },
    "done": true
  },
  "biomesoplenty:biomesoplenty/root": {
    "criteria": {
      "lavender_forest": "2024-08-12 23:56:27 +0000"
    },
    "done": true
  },
  "biomesoplenty:biomesoplenty/all_biomes": {
    "criteria": {
      "woodland": "2024-08-13 01:25:15 +0000",
      "shrubland": "2024-08-13 00:34:18 +0000",
      "rocky_shrubland": "2024-08-13 00:34:06 +0000",
      "scrubland": "2024-08-13 01:13:49 +0000",
      "highland": "2024-08-13 00:27:44 +0000",
      "jade_cliffs": "2024-08-13 00:28:08 +0000",
      "clover_patch": "2024-08-13 01:00:35 +0000",
      "old_growth_woodland": "2024-08-13 01:00:24 +0000",
      "orchard": "2024-08-13 00:14:12 +0000",
      "lavender_forest": "2024-08-12 23:56:27 +0000",
      "mediterranean_forest": "2024-08-13 01:14:48 +0000",
      "spider_nest": "2024-08-13 01:25:48 +0000",
      "wasteland": "2024-08-13 01:45:11 +0000",
      "lush_desert": "2024-08-13 01:45:47 +0000",
      "volcano": "2024-08-13 01:56:29 +0000",
      "rocky_rainforest": "2024-08-13 01:07:09 +0000",
      "lavender_field": "2024-08-12 23:58:15 +0000",
      "rainforest": "2024-08-13 01:06:55 +0000"
    },
    "done": false
  },
  "minecraft:recipes/food/cooked_chicken_from_campfire_cooking": {
    "criteria": {
      "has_chicken": "2024-08-12 23:57:37 +0000"
    },
    "done": true
  },
  "supplementaries:recipes/feather_block": {
    "criteria": {
      "has_feather": "2024-08-12 23:57:37 +0000"
    },
    "done": true
  },
  "doggytalents:recipes/tools/feathered_mantle": {
    "criteria": {
      "has_feather": "2024-08-12 23:57:37 +0000"
    },
    "done": true
  },
  "minecraft:recipes/food/cooked_chicken_from_smoking": {
    "criteria": {
      "has_chicken": "2024-08-12 23:57:37 +0000"
    },
    "done": true
  },
  "minecraft:recipes/food/cooked_chicken": {
    "criteria": {
      "has_chicken": "2024-08-12 23:57:37 +0000"
    },
    "done": true
  },
  "minecraft:recipes/combat/arrow": {
    "criteria": {
      "has_feather": "2024-08-12 23:57:37 +0000"
    },
    "done": true
  },
  "farmersdelight:recipes/food/fried_egg_from_campfire_cooking": {
    "criteria": {
      "fried_egg": "2024-08-12 23:57:39 +0000"
    },
    "done": true
  },
  "farmersdelight:recipes/cooking/baked_cod_stew": {
    "criteria": {
      "has_any_ingredient": "2024-08-12 23:57:39 +0000"
    },
    "done": true
  },
  "farmersdelight:recipes/food/fried_egg_from_smoking": {
    "criteria": {
      "fried_egg": "2024-08-12 23:57:39 +0000"
    },
    "done": true
  },
  "minecraft:recipes/food/cake": {
    "criteria": {
      "has_egg": "2024-08-12 23:57:39 +0000"
    },
    "done": true
  },
  "supplementaries:recipes/pancake_fd": {
    "criteria": {
      "forge:eggs": "2024-08-12 23:57:39 +0000"
    },
    "done": true
  },
  "doggytalents:recipes/food/egg_sandwich": {
    "criteria": {
      "has_egg": "2024-08-12 23:57:39 +0000"
    },
    "done": true
  },
  "farmersdelight:recipes/food/fried_egg": {
    "criteria": {
      "fried_egg": "2024-08-12 23:57:39 +0000"
    },
    "done": true
  },
  "biomesoplenty:recipes/misc/purple_dye_from_lavender": {
    "criteria": {
      "has_flower": "2024-08-12 23:59:47 +0000"
    },
    "done": true
  },
  "minecraft:recipes/food/cooked_mutton_from_smoking": {
    "criteria": {
      "has_mutton": "2024-08-13 00:01:26 +0000"
    },
    "done": true
  },
  "create:recipes/building_blocks/crafting/kinetics/blue_seat": {
    "criteria": {
      "has_wool": "2024-08-13 00:01:26 +0000"
    },
    "done": true
  },
  "create:recipes/building_blocks/crafting/kinetics/magenta_seat": {
    "criteria": {
      "has_wool": "2024-08-13 00:01:26 +0000"
    },
    "done": true
  },
  "create:recipes/building_blocks/crafting/kinetics/light_blue_seat": {
    "criteria": {
      "has_wool": "2024-08-13 00:01:26 +0000"
    },
    "done": true
  },
  "comforts:sleeping_bag_white": {
    "criteria": {
      "has_white_wool": "2024-08-13 00:01:26 +0000"
    },
    "done": true
  },
  "doggytalents:recipes/decorations/conan_suit": {
    "criteria": {
      "has_wool": "2024-08-13 00:01:26 +0000"
    },
    "done": true
  },
  "create:recipes/building_blocks/crafting/kinetics/green_seat": {
    "criteria": {
      "has_wool": "2024-08-13 00:01:26 +0000"
    },
    "done": true
  },
  "create:recipes/building_blocks/crafting/kinetics/purple_seat": {
    "criteria": {
      "has_wool": "2024-08-13 00:01:26 +0000"
    },
    "done": true
  },
  "minecraft:recipes/decorations/white_bed": {
    "criteria": {
      "has_white_wool": "2024-08-13 00:01:26 +0000"
    },
    "done": true
  },
  "doggytalents:recipes/decorations/dog_plushie_toy_item": {
    "criteria": {
      "has_white_wool": "2024-08-13 00:01:26 +0000"
    },
    "done": true
  },
  "create:recipes/building_blocks/crafting/kinetics/brown_seat": {
    "criteria": {
      "has_wool": "2024-08-13 00:01:26 +0000"
    },
    "done": true
  },
  "create:recipes/building_blocks/crafting/kinetics/gray_seat": {
    "criteria": {
      "has_wool": "2024-08-13 00:01:26 +0000"
    },
    "done": true
  },
  "minecraft:recipes/decorations/painting": {
    "criteria": {
      "has_wool": "2024-08-13 00:01:26 +0000"
    },
    "done": true
  },
  "create:recipes/building_blocks/crafting/kinetics/red_seat": {
    "criteria": {
      "has_wool": "2024-08-13 00:01:26 +0000"
    },
    "done": true
  },
  "create:recipes/building_blocks/crafting/kinetics/light_gray_seat": {
    "criteria": {
      "has_wool": "2024-08-13 00:01:26 +0000"
    },
    "done": true
  },
  "create:recipes/building_blocks/crafting/kinetics/orange_seat": {
    "criteria": {
      "has_wool": "2024-08-13 00:01:26 +0000"
    },
    "done": true
  },
  "doggytalents:recipes/decorations/lab_coat": {
    "criteria": {
      "has_wool": "2024-08-13 00:01:26 +0000"
    },
    "done": true
  },
  "create:recipes/building_blocks/crafting/kinetics/cyan_seat": {
    "criteria": {
      "has_wool": "2024-08-13 00:01:26 +0000"
    },
    "done": true
  },
  "minecraft:recipes/decorations/white_carpet": {
    "criteria": {
      "has_white_wool": "2024-08-13 00:01:26 +0000"
    },
    "done": true
  },
  "doggytalents:recipes/decorations/beastars_uniform_male": {
    "criteria": {
      "has_wool": "2024-08-13 00:01:26 +0000"
    },
    "done": true
  },
  "create:recipes/building_blocks/crafting/kinetics/pink_seat": {
    "criteria": {
      "has_wool": "2024-08-13 00:01:26 +0000"
    },
    "done": true
  },
  "create:recipes/building_blocks/crafting/kinetics/black_seat": {
    "criteria": {
      "has_wool": "2024-08-13 00:01:26 +0000"
    },
    "done": true
  },
  "minecraft:recipes/food/cooked_mutton": {
    "criteria": {
      "has_mutton": "2024-08-13 00:01:26 +0000"
    },
    "done": true
  },
  "minecraft:recipes/decorations/white_banner": {
    "criteria": {
      "has_white_wool": "2024-08-13 00:01:26 +0000"
    },
    "done": true
  },
  "minecraft:recipes/food/cooked_mutton_from_campfire_cooking": {
    "criteria": {
      "has_mutton": "2024-08-13 00:01:26 +0000"
    },
    "done": true
  },
  "farmersdelight:recipes/cooking/pasta_with_mutton_chop": {
    "criteria": {
      "has_any_ingredient": "2024-08-13 00:01:26 +0000"
    },
    "done": true
  },
  "create:recipes/building_blocks/crafting/kinetics/white_seat": {
    "criteria": {
      "has_wool": "2024-08-13 00:01:26 +0000"
    },
    "done": true
  },
  "comforts:hammock_white": {
    "criteria": {
      "has_white_wool": "2024-08-13 00:01:26 +0000"
    },
    "done": true
  },
  "create:recipes/building_blocks/crafting/kinetics/lime_seat": {
    "criteria": {
      "has_wool": "2024-08-13 00:01:26 +0000"
    },
    "done": true
  },
  "doggytalents:recipes/building_blocks/dog_bed_def": {
    "criteria": {
      "has_wool": "2024-08-13 00:01:26 +0000"
    },
    "done": true
  },
  "create:recipes/building_blocks/crafting/kinetics/yellow_seat": {
    "criteria": {
      "has_wool": "2024-08-13 00:01:26 +0000"
    },
    "done": true
  },
  "doggytalents:recipes/decorations/beastars_uniform_female": {
    "criteria": {
      "has_wool": "2024-08-13 00:01:26 +0000"
    },
    "done": true
  },
  "minecraft:adventure/kill_all_mobs": {
    "criteria": {
      "minecraft:pillager": "2024-08-13 00:01:55 +0000",
      "minecraft:skeleton": "2024-08-13 00:01:30 +0000",
      "minecraft:vindicator": "2024-08-13 00:08:04 +0000",
      "minecraft:spider": "2024-08-13 01:10:25 +0000",
      "minecraft:husk": "2024-08-13 01:10:25 +0000",
      "minecraft:cave_spider": "2024-08-13 01:28:21 +0000",
      "minecraft:zombie": "2024-08-13 00:03:40 +0000"
    },
    "done": false
  },
  "doggytalents:recipes/tools/throw_bone": {
    "criteria": {
      "has_bone": "2024-08-13 00:01:30 +0000"
    },
    "done": true
  },
  "minecraft:recipes/misc/bone_meal": {
    "criteria": {
      "has_bone": "2024-08-13 00:01:30 +0000"
    },
    "done": true
  },
  "farmersdelight:recipes/cooking/bone_broth": {
    "criteria": {
      "has_bone": "2024-08-13 00:01:30 +0000"
    },
    "done": true
  },
  "minecraft:adventure/kill_a_mob": {
    "criteria": {
      "minecraft:skeleton": "2024-08-13 00:01:30 +0000"
    },
    "done": true
  },
  "doggytalents:recipes/tools/conducting_bone": {
    "criteria": {
      "has_bone": "2024-08-13 00:01:30 +0000"
    },
    "done": true
  },
  "minecraft:recipes/decorations/smoker": {
    "criteria": {
      "has_furnace": "2024-08-13 00:01:42 +0000"
    },
    "done": true
  },
  "minecraft:adventure/voluntary_exile": {
    "criteria": {
      "voluntary_exile": "2024-08-13 00:01:55 +0000"
    },
    "done": true
  },
  "doggytalents:recipes/food/breeding_bone": {
    "criteria": {
      "has_cooked_porkchop": "2024-08-13 00:01:59 +0000"
    },
    "done": true
  },
  "doggytalents:recipes/food/sausage": {
    "criteria": {
      "has_cooked_porkchop": "2024-08-13 00:01:59 +0000"
    },
    "done": true
  },
  "minecraft:adventure/sleep_in_bed": {
    "criteria": {
      "slept_in_bed": "2024-08-13 00:02:32 +0000"
    },
    "done": true
  },
  "farmersdelight:recipes/cooking/dog_food": {
    "criteria": {
      "has_any_ingredient": "2024-08-13 00:03:44 +0000"
    },
    "done": true
  },
  "farmersdelight:recipes/building_blocks/organic_compost_from_rotten_flesh": {
    "criteria": {
      "has_rotten_flesh": "2024-08-13 00:03:44 +0000"
    },
    "done": true
  },
  "farmersdelight:recipes/food/roast_chicken_block": {
    "criteria": {
      "has_cooked_chicken": "2024-08-13 00:05:47 +0000"
    },
    "done": true
  },
  "farmersdelight:recipes/food/chicken_sandwich": {
    "criteria": {
      "has_cooked_chicken": "2024-08-13 00:05:47 +0000"
    },
    "done": true
  },
  "doggytalents:recipes/food/uncooked_rice_bowl": {
    "criteria": {
      "has_dtn_rice_grains": "2024-08-13 00:06:01 +0000"
    },
    "done": true
  },
  "doggytalents:recipes/food/training_treat": {
    "criteria": {
      "has_dtn_rice_grains": "2024-08-13 00:06:01 +0000"
    },
    "done": true
  },
  "storagedrawers:recipes/storagedrawers/acacia_drawers": {
    "criteria": {
      "has_chest": "2024-08-13 00:06:16 +0000"
    },
    "done": true
  },
  "storagedrawers:recipes/storagedrawers/dark_oak_drawers": {
    "criteria": {
      "has_chest": "2024-08-13 00:06:16 +0000"
    },
    "done": true
  },
  "storagedrawers:recipes/storagedrawers/warped_drawers": {
    "criteria": {
      "has_chest": "2024-08-13 00:06:16 +0000"
    },
    "done": true
  },
  "storagedrawers:recipes/storagedrawers/oak_drawers": {
    "criteria": {
      "has_chest": "2024-08-13 00:06:16 +0000"
    },
    "done": true
  },
  "storagedrawers:recipes/storagedrawers/jungle_drawers": {
    "criteria": {
      "has_chest": "2024-08-13 00:06:16 +0000"
    },
    "done": true
  },
  "storagedrawers:recipes/storagedrawers/birch_drawers": {
    "criteria": {
      "has_chest": "2024-08-13 00:06:16 +0000"
    },
    "done": true
  },
  "storagedrawers:recipes/storagedrawers/crimson_drawers": {
    "criteria": {
      "has_chest": "2024-08-13 00:06:16 +0000"
    },
    "done": true
  },
  "storagedrawers:recipes/storagedrawers/spruce_drawers": {
    "criteria": {
      "has_chest": "2024-08-13 00:06:16 +0000"
    },
    "done": true
  },
  "farmersdelight:recipes/food/roasted_mutton_chops": {
    "criteria": {
      "has_mutton": "2024-08-13 00:06:46 +0000"
    },
    "done": true
  },
  "farmersdelight:recipes/food/shepherds_pie_block": {
    "criteria": {
      "has_cooked_mutton": "2024-08-13 00:06:46 +0000"
    },
    "done": true
  },
  "farmersdelight:recipes/food/mutton_wrap": {
    "criteria": {
      "has_mutton": "2024-08-13 00:06:46 +0000"
    },
    "done": true
  },
  "create_enchantment_industry:experienced_engineer": {
    "criteria": {
      "have_experience_nugget": "2024-08-13 00:08:12 +0000"
    },
    "done": true
  },
  "create:recipes/misc/crafting/materials/experience_nugget_from_block": {
    "criteria": {
      "has_item": "2024-08-13 00:08:12 +0000"
    },
    "done": true
  },
  "create:recipes/misc/crafting/materials/experience_block": {
    "criteria": {
      "has_item": "2024-08-13 00:08:12 +0000"
    },
    "done": true
  },
  "create_enchantment_industry:recipes/experience_rotor": {
    "criteria": {
      "has_item": "2024-08-13 00:08:12 +0000"
    },
    "done": true
  },
  "supplementaries:recipes/spring_launcher": {
    "criteria": {
      "has_iron_ingot": "2024-08-13 00:08:14 +0000"
    },
    "done": true
  },
  "doggytalents:recipes/decorations/superdog_suit": {
    "criteria": {
      "has_iron_ingot": "2024-08-13 00:08:14 +0000"
    },
    "done": true
  },
  "supplementaries:recipes/candle_holders/candle_holder_blue": {
    "criteria": {
      "has_iron_ingot": "2024-08-13 00:08:14 +0000"
    },
    "done": true
  },
  "doggytalents:recipes/combat/sussy_sickle": {
    "criteria": {
      "has_iron_ingot": "2024-08-13 00:08:14 +0000"
    },
    "done": true
  },
  "minecraft:recipes/combat/iron_helmet": {
    "criteria": {
      "has_iron_ingot": "2024-08-13 00:08:14 +0000"
    },
    "done": true
  },
  "supplementaries:recipes/candle_holders/candle_holder_lime": {
    "criteria": {
      "has_iron_ingot": "2024-08-13 00:08:14 +0000"
    },
    "done": true
  },
  "doggytalents:recipes/tools/whistle": {
    "criteria": {
      "has_iron_ingot": "2024-08-13 00:08:14 +0000"
    },
    "done": true
  },
  "nethersdelight:recipes/decorations/blackstone_blast_furnace": {
    "criteria": {
      "has_iron": "2024-08-13 00:08:14 +0000"
    },
    "done": true
  },
  "supplementaries:recipes/candle_holders/candle_holder_light_blue": {
    "criteria": {
      "has_iron_ingot": "2024-08-13 00:08:14 +0000"
    },
    "done": true
  },
  "supplementaries:recipes/candle_holders/candle_holder_gray": {
    "criteria": {
      "has_iron_ingot": "2024-08-13 00:08:14 +0000"
    },
    "done": true
  },
  "minecraft:recipes/tools/shears": {
    "criteria": {
      "has_iron_ingot": "2024-08-13 00:08:14 +0000"
    },
    "done": true
  },
  "doggytalents:recipes/decorations/propeller_hat": {
    "criteria": {
      "has_iron_ingot": "2024-08-13 00:08:14 +0000"
    },
    "done": true
  },
  "supplementaries:recipes/cage": {
    "criteria": {
      "has_iron_ingot": "2024-08-13 00:08:14 +0000"
    },
    "done": true
  },
  "minecraft:recipes/building_blocks/iron_block": {
    "criteria": {
      "has_iron_ingot": "2024-08-13 00:08:14 +0000"
    },
    "done": true
  },
  "farmersdelight:recipes/decorations/cooking_pot": {
    "criteria": {
      "has_iron_ingot": "2024-08-13 00:08:14 +0000"
    },
    "done": true
  },
  "supplementaries:recipes/bomb": {
    "criteria": {
      "has_iron_ingot": "2024-08-13 00:08:14 +0000"
    },
    "done": true
  },
  "supplementaries:recipes/candle_holders/candle_holder_light_gray": {
    "criteria": {
      "has_iron_ingot": "2024-08-13 00:08:14 +0000"
    },
    "done": true
  },
  "create:recipes/misc/crafting/materials/andesite_alloy": {
    "criteria": {
      "has_item": "2024-08-13 00:08:14 +0000"
    },
    "done": true
  },
  "minecraft:recipes/redstone/hopper": {
    "criteria": {
      "has_iron_ingot": "2024-08-13 00:08:14 +0000"
    },
    "done": true
  },
  "supplementaries:recipes/candle_holders/candle_holder_orange": {
    "criteria": {
      "has_iron_ingot": "2024-08-13 00:08:14 +0000"
    },
    "done": true
  },
  "supplementaries:recipes/candle_holders/candle_holder_purple": {
    "criteria": {
      "has_iron_ingot": "2024-08-13 00:08:14 +0000"
    },
    "done": true
  },
  "minecraft:recipes/combat/iron_boots": {
    "criteria": {
      "has_iron_ingot": "2024-08-13 00:08:14 +0000"
    },
    "done": true
  },
  "minecraft:recipes/decorations/lantern": {
    "criteria": {
      "has_iron_ingot": "2024-08-13 00:08:14 +0000"
    },
    "done": true
  },
  "supplementaries:recipes/candle_holders/candle_holder_red": {
    "criteria": {
      "has_iron_ingot": "2024-08-13 00:08:14 +0000"
    },
    "done": true
  },
  "minecraft:recipes/tools/iron_shovel": {
    "criteria": {
      "has_iron_ingot": "2024-08-13 00:08:14 +0000"
    },
    "done": true
  },
  "supplementaries:recipes/bubble_blower": {
    "criteria": {
      "has_iron_ingot": "2024-08-13 00:08:14 +0000"
    },
    "done": true
  },
  "nethersdelight:recipes/tools/iron_machete": {
    "criteria": {
      "has_iron_ingot": "2024-08-13 00:08:14 +0000"
    },
    "done": true
  },
  "nyfsarcheryplus:recipes/misc/iron_crossbow_upgrade": {
    "criteria": {
      "has_item": "2024-08-13 00:08:14 +0000"
    },
    "done": true
  },
  "minecraft:recipes/redstone/iron_trapdoor": {
    "criteria": {
      "has_iron_ingot": "2024-08-13 00:08:14 +0000"
    },
    "done": true
  },
  "minecraft:recipes/combat/crossbow": {
    "criteria": {
      "has_iron_ingot": "2024-08-13 00:08:14 +0000"
    },
    "done": true
  },
  "farmersdelight:recipes/combat/iron_knife": {
    "criteria": {
      "has_iron_ingot": "2024-08-13 00:08:14 +0000"
    },
    "done": true
  },
  "supplementaries:recipes/candle_holders/candle_holder_magenta": {
    "criteria": {
      "has_iron_ingot": "2024-08-13 00:08:14 +0000"
    },
    "done": true
  },
  "minecraft:recipes/redstone/heavy_weighted_pressure_plate": {
    "criteria": {
      "has_iron_ingot": "2024-08-13 00:08:14 +0000"
    },
    "done": true
  },
  "minecraft:recipes/combat/iron_leggings": {
    "criteria": {
      "has_iron_ingot": "2024-08-13 00:08:14 +0000"
    },
    "done": true
  },
  "minecraft:recipes/combat/iron_chestplate": {
    "criteria": {
      "has_iron_ingot": "2024-08-13 00:08:14 +0000"
    },
    "done": true
  },
  "minecraft:recipes/misc/iron_nugget": {
    "criteria": {
      "has_iron_ingot": "2024-08-13 00:08:14 +0000"
    },
    "done": true
  },
  "minecraft:recipes/misc/bucket": {
    "criteria": {
      "has_iron_ingot": "2024-08-13 00:08:14 +0000"
    },
    "done": true
  },
  "minecraft:recipes/transportation/minecart": {
    "criteria": {
      "has_iron_ingot": "2024-08-13 00:08:14 +0000"
    },
    "done": true
  },
  "minecraft:recipes/tools/iron_hoe": {
    "criteria": {
      "has_iron_ingot": "2024-08-13 00:08:14 +0000"
    },
    "done": true
  },
  "supplementaries:recipes/candle_holders/candle_holder_pink": {
    "criteria": {
      "has_iron_ingot": "2024-08-13 00:08:14 +0000"
    },
    "done": true
  },
  "minecraft:story/smelt_iron": {
    "criteria": {
      "iron": "2024-08-13 00:08:14 +0000"
    },
    "done": true
  },
  "supplementaries:recipes/candle_holders/candle_holder_white": {
    "criteria": {
      "has_iron_ingot": "2024-08-13 00:08:14 +0000"
    },
    "done": true
  },
  "minecraft:recipes/decorations/chain": {
    "criteria": {
      "has_iron_ingot": "2024-08-13 00:08:14 +0000"
    },
    "done": true
  },
  "nyfsarcheryplus:recipes/misc/iron_bow_upgrade": {
    "criteria": {
      "has_item": "2024-08-13 00:08:14 +0000"
    },
    "done": true
  },
  "minecraft:recipes/decorations/smithing_table": {
    "criteria": {
      "has_iron_ingot": "2024-08-13 00:08:14 +0000"
    },
    "done": true
  },
  "create:recipes/misc/crafting/kinetics/empty_blaze_burner": {
    "criteria": {
      "has_item": "2024-08-13 00:08:14 +0000"
    },
    "done": true
  },
  "supplementaries:recipes/candle_holders/candle_holder_brown": {
    "criteria": {
      "has_iron_ingot": "2024-08-13 00:08:14 +0000"
    },
    "done": true
  },
  "supplementaries:recipes/goblet": {
    "criteria": {
      "has_iron_ingot": "2024-08-13 00:08:14 +0000"
    },
    "done": true
  },
  "minecraft:recipes/combat/iron_sword": {
    "criteria": {
      "has_iron_ingot": "2024-08-13 00:08:14 +0000"
    },
    "done": true
  },
  "minecraft:recipes/tools/iron_pickaxe": {
    "criteria": {
      "has_iron_ingot": "2024-08-13 00:08:14 +0000"
    },
    "done": true
  },
  "supplementaries:recipes/iron_gate": {
    "criteria": {
      "has_iron_ingot": "2024-08-13 00:08:14 +0000"
    },
    "done": true
  },
  "minecraft:recipes/combat/shield": {
    "criteria": {
      "has_iron_ingot": "2024-08-13 00:08:14 +0000"
    },
    "done": true
  },
  "minecraft:recipes/decorations/iron_bars": {
    "criteria": {
      "has_iron_ingot": "2024-08-13 00:08:14 +0000"
    },
    "done": true
  },
  "supplementaries:recipes/candle_holders/candle_holder_black": {
    "criteria": {
      "has_iron_ingot": "2024-08-13 00:08:14 +0000"
    },
    "done": true
  },
  "supplementaries:recipes/candle_holders/candle_holder_green": {
    "criteria": {
      "has_iron_ingot": "2024-08-13 00:08:14 +0000"
    },
    "done": true
  },
  "supplementaries:recipes/candle_holders/candle_holder": {
    "criteria": {
      "has_iron_ingot": "2024-08-13 00:08:14 +0000"
    },
    "done": true
  },
  "nyfsarcheryplus:recipes/combat/iron_arrowhead": {
    "criteria": {
      "has_item": "2024-08-13 00:08:14 +0000"
    },
    "done": true
  },
  "supplementaries:recipes/candle_holders/candle_holder_cyan": {
    "criteria": {
      "has_iron_ingot": "2024-08-13 00:08:14 +0000"
    },
    "done": true
  },
  "minecraft:recipes/tools/iron_axe": {
    "criteria": {
      "has_iron_ingot": "2024-08-13 00:08:14 +0000"
    },
    "done": true
  },
  "supplementaries:recipes/candle_holders/candle_holder_yellow": {
    "criteria": {
      "has_iron_ingot": "2024-08-13 00:08:14 +0000"
    },
    "done": true
  },
  "doggytalents:recipes/building_blocks/dog_bath": {
    "criteria": {
      "has_iron_ingot": "2024-08-13 00:08:14 +0000"
    },
    "done": true
  },
  "doggytalents:recipes/building_blocks/food_bowl": {
    "criteria": {
      "has_iron_ingot": "2024-08-13 00:08:14 +0000"
    },
    "done": true
  },
  "create:recipes/building_blocks/industrial_iron_block_from_ingots_iron_stonecutting": {
    "criteria": {
      "has_ingots_iron": "2024-08-13 00:08:14 +0000"
    },
    "done": true
  },
  "minecraft:recipes/redstone/iron_door": {
    "criteria": {
      "has_iron_ingot": "2024-08-13 00:08:14 +0000"
    },
    "done": true
  },
  "minecraft:recipes/building_blocks/dark_oak_planks": {
    "criteria": {
      "has_log": "2024-08-13 00:08:15 +0000"
    },
    "done": true
  },
  "minecraft:recipes/building_blocks/dark_oak_wood": {
    "criteria": {
      "has_log": "2024-08-13 00:08:15 +0000"
    },
    "done": true
  },
  "minecraft:recipes/redstone/lectern": {
    "criteria": {
      "has_book": "2024-08-13 00:08:17 +0000"
    },
    "done": true
  },
  "minecraft:recipes/misc/writable_book": {
    "criteria": {
      "has_book": "2024-08-13 00:08:17 +0000"
    },
    "done": true
  },
  "minecraft:recipes/building_blocks/bookshelf": {
    "criteria": {
      "has_book": "2024-08-13 00:08:17 +0000"
    },
    "done": true
  },
  "minecraft:recipes/building_blocks/chiseled_bookshelf": {
    "criteria": {
      "has_book": "2024-08-13 00:08:17 +0000"
    },
    "done": true
  },
  "doggytalents:recipes/decorations/head_band_blank": {
    "criteria": {
      "has_paper": "2024-08-13 00:08:19 +0000"
    },
    "done": true
  },
  "doggytalents:recipes/decorations/birthday_hat_alt": {
    "criteria": {
      "has_paper": "2024-08-13 00:08:19 +0000"
    },
    "done": true
  },
  "supplementaries:recipes/candy": {
    "criteria": {
      "has_paper": "2024-08-13 00:08:19 +0000"
    },
    "done": true
  },
  "supplementaries:recipes/present": {
    "criteria": {
      "has_paper": "2024-08-13 00:08:19 +0000"
    },
    "done": true
  },
  "minecraft:recipes/misc/book": {
    "criteria": {
      "has_paper": "2024-08-13 00:08:19 +0000"
    },
    "done": true
  },
  "create:recipes/misc/crafting/schematics/schematic_and_quill": {
    "criteria": {
      "has_item": "2024-08-13 00:08:19 +0000"
    },
    "done": true
  },
  "create:recipes/misc/crafting/schematics/empty_schematic": {
    "criteria": {
      "has_item": "2024-08-13 00:08:19 +0000"
    },
    "done": true
  },
  "create:recipes/misc/crafting/materials/sand_paper": {
    "criteria": {
      "has_item": "2024-08-13 00:08:19 +0000"
    },
    "done": true
  },
  "create:recipes/misc/crafting/materials/red_sand_paper": {
    "criteria": {
      "has_item": "2024-08-13 00:08:19 +0000"
    },
    "done": true
  },
  "minecraft:recipes/decorations/cartography_table": {
    "criteria": {
      "has_paper": "2024-08-13 00:08:19 +0000"
    },
    "done": true
  },
  "create:recipes/building_blocks/dark_oak_window": {
    "criteria": {
      "has_ingredient": "2024-08-13 00:09:18 +0000"
    },
    "done": true
  },
  "supplementaries:recipes/decorations/sign_post_dark_oak": {
    "criteria": {
      "has_planks": "2024-08-13 00:09:18 +0000"
    },
    "done": true
  },
  "minecraft:recipes/building_blocks/dark_oak_stairs": {
    "criteria": {
      "has_planks": "2024-08-13 00:09:18 +0000"
    },
    "done": true
  },
  "minecraft:recipes/redstone/dark_oak_door": {
    "criteria": {
      "has_planks": "2024-08-13 00:09:18 +0000"
    },
    "done": true
  },
  "minecraft:recipes/decorations/dark_oak_sign": {
    "criteria": {
      "has_planks": "2024-08-13 00:09:18 +0000"
    },
    "done": true
  },
  "minecraft:recipes/redstone/dark_oak_fence_gate": {
    "criteria": {
      "has_planks": "2024-08-13 00:09:18 +0000"
    },
    "done": true
  },
  "supplementaries:recipes/sign_post_dark_oak": {
    "criteria": {
      "has_the_recipe": "2024-08-13 00:09:18 +0000"
    },
    "done": true
  },
  "minecraft:recipes/redstone/dark_oak_trapdoor": {
    "criteria": {
      "has_planks": "2024-08-13 00:09:18 +0000"
    },
    "done": true
  },
  "minecraft:recipes/redstone/dark_oak_button": {
    "criteria": {
      "has_planks": "2024-08-13 00:09:18 +0000"
    },
    "done": true
  },
  "minecraft:recipes/redstone/dark_oak_pressure_plate": {
    "criteria": {
      "has_planks": "2024-08-13 00:09:18 +0000"
    },
    "done": true
  },
  "minecraft:recipes/decorations/dark_oak_fence": {
    "criteria": {
      "has_planks": "2024-08-13 00:09:18 +0000"
    },
    "done": true
  },
  "minecraft:recipes/building_blocks/dark_oak_slab": {
    "criteria": {
      "has_planks": "2024-08-13 00:09:18 +0000"
    },
    "done": true
  },
  "minecraft:recipes/misc/iron_nugget_from_smelting": {
    "criteria": {
      "has_iron_sword": "2024-08-13 00:09:29 +0000"
    },
    "done": true
  },
  "minecraft:recipes/misc/iron_nugget_from_blasting": {
    "criteria": {
      "has_iron_sword": "2024-08-13 00:09:29 +0000"
    },
    "done": true
  },
  "minecraft:recipes/building_blocks/emerald_block": {
    "criteria": {
      "has_emerald": "2024-08-13 00:11:13 +0000"
    },
    "done": true
  },
  "minecraft:adventure/ol_betsy": {
    "criteria": {
      "shot_crossbow": "2024-08-13 00:15:11 +0000"
    },
    "done": true
  },
  "twilightforest:recipes/transportation/sorting_chest_boat": {
    "criteria": {
      "has_boat": "2024-08-13 00:16:09 +0000"
    },
    "done": true
  },
  "biomesoplenty:recipes/transportation/jacaranda_chest_boat": {
    "criteria": {
      "has_boat": "2024-08-13 00:16:09 +0000"
    },
    "done": true
  },
  "minecraft:recipes/transportation/spruce_chest_boat": {
    "criteria": {
      "has_boat": "2024-08-13 00:16:09 +0000"
    },
    "done": true
  },
  "minecraft:recipes/transportation/jungle_chest_boat": {
    "criteria": {
      "has_boat": "2024-08-13 00:16:09 +0000"
    },
    "done": true
  },
  "minecraft:recipes/transportation/mangrove_chest_boat": {
    "criteria": {
      "has_boat": "2024-08-13 00:16:09 +0000"
    },
    "done": true
  },
  "biomesoplenty:recipes/transportation/fir_chest_boat": {
    "criteria": {
      "has_boat": "2024-08-13 00:16:09 +0000"
    },
    "done": true
  },
  "biomesoplenty:recipes/transportation/palm_chest_boat": {
    "criteria": {
      "has_boat": "2024-08-13 00:16:09 +0000"
    },
    "done": true
  },
  "twilightforest:recipes/transportation/mining_chest_boat": {
    "criteria": {
      "has_boat": "2024-08-13 00:16:09 +0000"
    },
    "done": true
  },
  "minecraft:recipes/transportation/oak_chest_boat": {
    "criteria": {
      "has_boat": "2024-08-13 00:16:09 +0000"
    },
    "done": true
  },
  "twilightforest:recipes/transportation/mangrove_chest_boat": {
    "criteria": {
      "has_boat": "2024-08-13 00:16:09 +0000"
    },
    "done": true
  },
  "deeperdarker:recipes/transportation/echo_chest_boat": {
    "criteria": {
      "has_boat": "2024-08-13 00:16:09 +0000"
    },
    "done": true
  },
  "minecraft:recipes/transportation/bamboo_chest_raft": {
    "criteria": {
      "has_boat": "2024-08-13 00:16:09 +0000"
    },
    "done": true
  },
  "biomesoplenty:recipes/transportation/hellbark_chest_boat": {
    "criteria": {
      "has_boat": "2024-08-13 00:16:09 +0000"
    },
    "done": true
  },
  "twilightforest:recipes/transportation/dark_chest_boat": {
    "criteria": {
      "has_boat": "2024-08-13 00:16:09 +0000"
    },
    "done": true
  },
  "biomesoplenty:recipes/transportation/umbran_chest_boat": {
    "criteria": {
      "has_boat": "2024-08-13 00:16:09 +0000"
    },
    "done": true
  },
  "biomesoplenty:recipes/transportation/willow_chest_boat": {
    "criteria": {
      "has_boat": "2024-08-13 00:16:09 +0000"
    },
    "done": true
  },
  "supplementaries:recipes/boat_jar": {
    "criteria": {
      "minecraft:boats": "2024-08-13 00:16:09 +0000"
    },
    "done": true
  },
  "twilightforest:recipes/transportation/transformation_chest_boat": {
    "criteria": {
      "has_boat": "2024-08-13 00:16:09 +0000"
    },
    "done": true
  },
  "twilightforest:recipes/transportation/canopy_chest_boat": {
    "criteria": {
      "has_boat": "2024-08-13 00:16:09 +0000"
    },
    "done": true
  },
  "twilightforest:recipes/transportation/time_chest_boat": {
    "criteria": {
      "has_boat": "2024-08-13 00:16:09 +0000"
    },
    "done": true
  },
  "minecraft:recipes/transportation/acacia_chest_boat": {
    "criteria": {
      "has_boat": "2024-08-13 00:16:09 +0000"
    },
    "done": true
  },
  "biomesoplenty:recipes/transportation/magic_chest_boat": {
    "criteria": {
      "has_boat": "2024-08-13 00:16:09 +0000"
    },
    "done": true
  },
  "biomesoplenty:recipes/transportation/redwood_chest_boat": {
    "criteria": {
      "has_boat": "2024-08-13 00:16:09 +0000"
    },
    "done": true
  },
  "minecraft:recipes/transportation/cherry_chest_boat": {
    "criteria": {
      "has_boat": "2024-08-13 00:16:09 +0000"
    },
    "done": true
  },
  "minecraft:recipes/transportation/birch_chest_boat": {
    "criteria": {
      "has_boat": "2024-08-13 00:16:09 +0000"
    },
    "done": true
  },
  "biomesoplenty:recipes/transportation/dead_chest_boat": {
    "criteria": {
      "has_boat": "2024-08-13 00:16:09 +0000"
    },
    "done": true
  },
  "twilightforest:recipes/transportation/twilight_oak_chest_boat": {
    "criteria": {
      "has_boat": "2024-08-13 00:16:09 +0000"
    },
    "done": true
  },
  "minecraft:recipes/transportation/dark_oak_chest_boat": {
    "criteria": {
      "has_boat": "2024-08-13 00:16:09 +0000"
    },
    "done": true
  },
  "biomesoplenty:recipes/transportation/mahogany_chest_boat": {
    "criteria": {
      "has_boat": "2024-08-13 00:16:09 +0000"
    },
    "done": true
  },
  "minecraft:recipes/misc/gold_ingot_from_blasting_raw_gold": {
    "criteria": {
      "has_raw_gold": "2024-08-13 00:18:42 +0000"
    },
    "done": true
  },
  "minecraft:recipes/misc/gold_ingot_from_smelting_raw_gold": {
    "criteria": {
      "has_raw_gold": "2024-08-13 00:18:42 +0000"
    },
    "done": true
  },
  "minecraft:recipes/building_blocks/raw_gold_block": {
    "criteria": {
      "has_raw_gold": "2024-08-13 00:18:42 +0000"
    },
    "done": true
  },
  "minecraft:recipes/food/cooked_cod_from_smoking": {
    "criteria": {
      "has_cod": "2024-08-13 00:18:43 +0000"
    },
    "done": true
  },
  "supplementaries:recipes/ash_brick": {
    "criteria": {
      "forge:ash": "2024-08-13 00:18:43 +0000"
    },
    "done": true
  },
  "farmersdelight:recipes/cooking/fish_stew": {
    "criteria": {
      "has_any_ingredient": "2024-08-13 00:18:43 +0000"
    },
    "done": true
  },
  "minecraft:recipes/food/cooked_cod_from_campfire_cooking": {
    "criteria": {
      "has_cod": "2024-08-13 00:18:43 +0000"
    },
    "done": true
  },
  "minecraft:recipes/food/cooked_cod": {
    "criteria": {
      "has_cod": "2024-08-13 00:18:43 +0000"
    },
    "done": true
  },
  "minecraft:recipes/food/dried_kelp_from_smoking": {
    "criteria": {
      "has_kelp": "2024-08-13 00:20:41 +0000"
    },
    "done": true
  },
  "minecraft:recipes/food/dried_kelp_from_smelting": {
    "criteria": {
      "has_kelp": "2024-08-13 00:20:41 +0000"
    },
    "done": true
  },
  "minecraft:recipes/food/dried_kelp_from_campfire_cooking": {
    "criteria": {
      "has_kelp": "2024-08-13 00:20:41 +0000"
    },
    "done": true
  },
  "iceandfire:iceandfire/kill_sea_serpent": {
    "criteria": {
      "killed_fire_dragon": "2024-08-13 00:20:45 +0000"
    },
    "done": true
  },
  "iceandfire:recipes/combat/tide_green_leggings": {
    "criteria": {
      "has_item": "2024-08-13 00:20:56 +0000"
    },
    "done": true
  },
  "iceandfire:recipes/combat/tide_green_boots": {
    "criteria": {
      "has_item": "2024-08-13 00:20:56 +0000"
    },
    "done": true
  },
  "iceandfire:recipes/combat/tide_green_chestplate": {
    "criteria": {
      "has_item": "2024-08-13 00:20:56 +0000"
    },
    "done": true
  },
  "iceandfire:recipes/building_blocks/sea_serpent_scales_green_to_sea_serpent_scale_block_green": {
    "criteria": {
      "has_sea_serpent_scales_green": "2024-08-13 00:20:56 +0000"
    },
    "done": true
  },
  "iceandfire:recipes/combat/tide_green_helmet": {
    "criteria": {
      "has_item": "2024-08-13 00:20:56 +0000"
    },
    "done": true
  },
  "iceandfire:recipes/combat/tide_trident": {
    "criteria": {
      "has_item": "2024-08-13 00:20:57 +0000"
    },
    "done": true
  },
  "iceandfire:recipes/combat/sea_serpent_arrow": {
    "criteria": {
      "has_item": "2024-08-13 00:20:57 +0000"
    },
    "done": true
  },
  "minecraft:recipes/food/bread": {
    "criteria": {
      "has_wheat": "2024-08-13 00:21:10 +0000"
    },
    "done": true
  },
  "minecraft:recipes/building_blocks/hay_block": {
    "criteria": {
      "has_wheat": "2024-08-13 00:21:10 +0000"
    },
    "done": true
  },
  "farmersdelight:recipes/food/pie_crust": {
    "criteria": {
      "has_wheat": "2024-08-13 00:21:10 +0000"
    },
    "done": true
  },
  "farmersdelight:recipes/food/wheat_dough_from_eggs": {
    "criteria": {
      "has_wheat": "2024-08-13 00:21:10 +0000"
    },
    "done": true
  },
  "farmersdelight:recipes/food/wheat_dough_from_water": {
    "criteria": {
      "has_wheat": "2024-08-13 00:21:10 +0000"
    },
    "done": true
  },
  "supplementaries:recipes/daub": {
    "criteria": {
      "supplementaries:straw": "2024-08-13 00:21:10 +0000"
    },
    "done": true
  },
  "doggytalents:recipes/food/golden_a_five_wagyu": {
    "criteria": {
      "has_cooked_beef": "2024-08-13 00:25:50 +0000"
    },
    "done": true
  },
  "minecraft:adventure/walk_on_powder_snow_with_leather_boots": {
    "criteria": {
      "walk_on_powder_snow_with_leather_boots": "2024-08-13 00:28:24 +0000"
    },
    "done": true
  },
  "alexsmobs:alexsmobs/froststalker_kill": {
    "criteria": {
      "ex": "2024-08-13 00:30:11 +0000"
    },
    "done": true
  },
  "minecraft:adventure/shoot_arrow": {
    "criteria": {
      "shot_arrow": "2024-08-13 00:30:18 +0000"
    },
    "done": true
  },
  "doggytalents:recipes/decorations/baker_hat": {
    "criteria": {
      "has_bread": "2024-08-13 00:35:41 +0000"
    },
    "done": true
  },
  "doggytalents:recipes/decorations/hot_dog": {
    "criteria": {
      "has_bread": "2024-08-13 00:35:41 +0000"
    },
    "done": true
  },
  "doggytalents:recipes/decorations/pianist_suit": {
    "criteria": {
      "has_string": "2024-08-13 00:36:08 +0000"
    },
    "done": true
  },
  "doggytalents:recipes/decorations/bowtie": {
    "criteria": {
      "has_string": "2024-08-13 00:36:08 +0000"
    },
    "done": true
  },
  "minecraft:recipes/redstone/tripwire_hook": {
    "criteria": {
      "has_string": "2024-08-13 00:36:08 +0000"
    },
    "done": true
  },
  "doggytalents:recipes/decorations/wig": {
    "criteria": {
      "has_string": "2024-08-13 00:36:08 +0000"
    },
    "done": true
  },
  "minecraft:recipes/decorations/candle": {
    "criteria": {
      "has_string": "2024-08-13 00:36:08 +0000"
    },
    "done": true
  },
  "doggytalents:recipes/decorations/locator_orb_shin": {
    "criteria": {
      "has_string": "2024-08-13 00:36:08 +0000"
    },
    "done": true
  },
  "doggytalents:recipes/decorations/bach_wig": {
    "criteria": {
      "has_string": "2024-08-13 00:36:08 +0000"
    },
    "done": true
  },
  "doggytalents:recipes/decorations/wool_collar": {
    "criteria": {
      "has_string": "2024-08-13 00:36:08 +0000"
    },
    "done": true
  },
  "doggytalents:recipes/misc/gender_bone": {
    "criteria": {
      "has_string": "2024-08-13 00:36:08 +0000"
    },
    "done": true
  },
  "supplementaries:recipes/sack": {
    "criteria": {
      "has_string": "2024-08-13 00:36:08 +0000"
    },
    "done": true
  },
  "doggytalents:recipes/decorations/locator_orb_dyable": {
    "criteria": {
      "has_string": "2024-08-13 00:36:08 +0000"
    },
    "done": true
  },
  "minecraft:recipes/combat/bow": {
    "criteria": {
      "has_string": "2024-08-13 00:36:08 +0000"
    },
    "done": true
  },
  "doggytalents:recipes/decorations/guard_suit": {
    "criteria": {
      "has_string": "2024-08-13 00:36:08 +0000"
    },
    "done": true
  },
  "minecraft:recipes/tools/fishing_rod": {
    "criteria": {
      "has_string": "2024-08-13 00:36:08 +0000"
    },
    "done": true
  },
  "doggytalents:recipes/decorations/locator_orb_rei": {
    "criteria": {
      "has_string": "2024-08-13 00:36:08 +0000"
    },
    "done": true
  },
  "doggytalents:recipes/decorations/wool_collar_thicc": {
    "criteria": {
      "has_string": "2024-08-13 00:36:08 +0000"
    },
    "done": true
  },
  "doggytalents:recipes/tools/empty_locator_orb": {
    "criteria": {
      "has_string": "2024-08-13 00:36:08 +0000"
    },
    "done": true
  },
  "doggytalents:recipes/decorations/tengu_mask": {
    "criteria": {
      "has_string": "2024-08-13 00:36:08 +0000"
    },
    "done": true
  },
  "doggytalents:recipes/decorations/locator_orb_jin": {
    "criteria": {
      "has_string": "2024-08-13 00:36:08 +0000"
    },
    "done": true
  },
  "doggytalents:recipes/decorations/kitsune_mask": {
    "criteria": {
      "has_string": "2024-08-13 00:36:08 +0000"
    },
    "done": true
  },
  "minecraft:recipes/building_blocks/white_wool_from_string": {
    "criteria": {
      "has_string": "2024-08-13 00:36:08 +0000"
    },
    "done": true
  },
  "doggytalents:recipes/decorations/locator_orb_chu": {
    "criteria": {
      "has_string": "2024-08-13 00:36:08 +0000"
    },
    "done": true
  },
  "doggytalents:recipes/decorations/locator_orb_chi": {
    "criteria": {
      "has_string": "2024-08-13 00:36:08 +0000"
    },
    "done": true
  },
  "doggytalents:recipes/decorations/locator_orb_tei": {
    "criteria": {
      "has_string": "2024-08-13 00:36:08 +0000"
    },
    "done": true
  },
  "doggytalents:recipes/decorations/locator_orb_ko": {
    "criteria": {
      "has_string": "2024-08-13 00:36:08 +0000"
    },
    "done": true
  },
  "minecraft:recipes/decorations/loom": {
    "criteria": {
      "has_string": "2024-08-13 00:36:08 +0000"
    },
    "done": true
  },
  "doggytalents:recipes/decorations/locator_orb_gi": {
    "criteria": {
      "has_string": "2024-08-13 00:36:08 +0000"
    },
    "done": true
  },
  "sophisticatedbackpacks:recipes/misc/copper_backpack": {
    "criteria": {
      "has_backpack": "2024-08-13 00:37:13 +0000"
    },
    "done": true
  },
  "sophisticatedbackpacks:recipes/misc/iron_backpack": {
    "criteria": {
      "has_backpack": "2024-08-13 00:37:13 +0000"
    },
    "done": true
  },
  "minecraft:recipes/building_blocks/raw_iron_block": {
    "criteria": {
      "has_raw_iron": "2024-08-13 00:40:45 +0000"
    },
    "done": true
  },
  "minecraft:recipes/misc/iron_ingot_from_blasting_raw_iron": {
    "criteria": {
      "has_raw_iron": "2024-08-13 00:40:45 +0000"
    },
    "done": true
  },
  "minecraft:recipes/misc/iron_ingot_from_smelting_raw_iron": {
    "criteria": {
      "has_raw_iron": "2024-08-13 00:40:45 +0000"
    },
    "done": true
  },
  "farmersdelight:recipes/cooking/apple_cider": {
    "criteria": {
      "has_apple": "2024-08-13 00:43:35 +0000"
    },
    "done": true
  },
  "artifacts:amateur_archaeologist": {
    "criteria": {
      "find_artifact": "2024-08-13 00:43:39 +0000"
    },
    "done": true
  },
  "minecraft:recipes/food/baked_potato_from_campfire_cooking": {
    "criteria": {
      "has_potato": "2024-08-13 00:43:45 +0000"
    },
    "done": true
  },
  "minecraft:recipes/food/baked_potato": {
    "criteria": {
      "has_potato": "2024-08-13 00:43:45 +0000"
    },
    "done": true
  },
  "minecraft:recipes/food/baked_potato_from_smoking": {
    "criteria": {
      "has_potato": "2024-08-13 00:43:45 +0000"
    },
    "done": true
  },
  "irons_spellbooks:make_inscription_table": {
    "criteria": {
      "inscription_table": "2024-08-13 00:44:14 +0000"
    },
    "done": true
  },
  "irons_spellbooks:irons_spellbooks/make_inscription_table": {
    "criteria": {
      "inscription_table": "2024-08-13 00:44:14 +0000"
    },
    "done": true
  },
  "irons_spellbooks:irons_spellbooks/root": {
    "criteria": {
      "inscription_table": "2024-08-13 00:44:14 +0000"
    },
    "done": true
  },
  "minecraft:recipes/brewing/golden_carrot": {
    "criteria": {
      "has_gold_nugget": "2024-08-13 00:44:53 +0000"
    },
    "done": true
  },
  "iceandfire:recipes/food/gold_pile": {
    "criteria": {
      "has_item": "2024-08-13 00:44:53 +0000"
    },
    "done": true
  },
  "minecraft:recipes/misc/gold_ingot_from_nuggets": {
    "criteria": {
      "has_gold_nugget": "2024-08-13 00:44:53 +0000"
    },
    "done": true
  },
  "supplementaries:recipes/key": {
    "criteria": {
      "has_gold_nugget": "2024-08-13 00:44:53 +0000"
    },
    "done": true
  },
  "farmersdelight:main/get_fd_seed": {
    "criteria": {
      "tomato_seeds": "2024-08-13 00:44:55 +0000"
    },
    "done": true
  },
  "farmersdelight:main/craft_knife": {
    "criteria": {
      "flint_knife": "2024-08-13 00:50:59 +0000"
    },
    "done": true
  },
  "farmersdelight:recipes/food/cooked_bacon_from_campfire_cooking": {
    "criteria": {
      "cooked_bacon": "2024-08-13 00:51:14 +0000"
    },
    "done": true
  },
  "farmersdelight:recipes/food/cooked_bacon_from_smoking": {
    "criteria": {
      "cooked_bacon": "2024-08-13 00:51:14 +0000"
    },
    "done": true
  },
  "farmersdelight:recipes/food/cooked_bacon": {
    "criteria": {
      "cooked_bacon": "2024-08-13 00:51:14 +0000"
    },
    "done": true
  },
  "farmersdelight:main/get_ham": {
    "criteria": {
      "ham": "2024-08-13 00:51:15 +0000"
    },
    "done": true
  },
  "farmersdelight:recipes/food/smoked_ham": {
    "criteria": {
      "has_ham": "2024-08-13 00:51:15 +0000"
    },
    "done": true
  },
  "minecraft:adventure/hero_of_the_village": {
    "criteria": {
      "hero_of_the_village": "2024-08-13 00:51:25 +0000"
    },
    "done": true
  },
  "minecraft:adventure/trade": {
    "criteria": {
      "traded": "2024-08-13 00:53:07 +0000"
    },
    "done": true
  },
  "supplementaries:recipes/slice_map": {
    "criteria": {
      "has_map": "2024-08-13 00:55:02 +0000"
    },
    "done": true
  },
  "minecraft:recipes/misc/map": {
    "criteria": {
      "has_compass": "2024-08-13 00:55:26 +0000"
    },
    "done": true
  },
  "irons_spellbooks:irons_spellbooks/ink_root": {
    "criteria": {
      "requirement": "2024-08-13 00:58:38 +0000"
    },
    "done": true
  },
  "alexsmobs:alexsmobs/seagull_steal": {
    "criteria": {
      "ex": "2024-08-13 01:02:31 +0000"
    },
    "done": true
  },
  "minecraft:story/deflect_arrow": {
    "criteria": {
      "deflected_projectile": "2024-08-13 01:04:34 +0000"
    },
    "done": true
  },
  "farmersdelight:recipes/food/bacon_sandwich": {
    "criteria": {
      "has_bacon": "2024-08-13 01:18:45 +0000"
    },
    "done": true
  },
  "farmersdelight:recipes/food/bacon_and_eggs": {
    "criteria": {
      "has_bacon": "2024-08-13 01:18:45 +0000"
    },
    "done": true
  },
  "create:recipes/misc/crafting/kinetics/steam_whistle": {
    "criteria": {
      "has_item": "2024-08-13 01:19:46 +0000"
    },
    "done": true
  },
  "create:recipes/misc/crafting/appliances/copper_backtank": {
    "criteria": {
      "has_item": "2024-08-13 01:19:46 +0000"
    },
    "done": true
  },
  "create:copper": {
    "criteria": {
      "0": "2024-08-13 01:19:46 +0000"
    },
    "done": true
  },
  "create:recipes/misc/crafting/kinetics/steam_engine": {
    "criteria": {
      "has_item": "2024-08-13 01:19:46 +0000"
    },
    "done": true
  },
  "minecraft:recipes/redstone/lightning_rod": {
    "criteria": {
      "has_copper_ingot": "2024-08-13 01:19:46 +0000"
    },
    "done": true
  },
  "supplementaries:recipes/cog_block": {
    "criteria": {
      "has_copper_ingot": "2024-08-13 01:19:46 +0000"
    },
    "done": true
  },
  "create:recipes/building_blocks/copper_tiles_from_ingots_copper_stonecutting": {
    "criteria": {
      "has_ingots_copper": "2024-08-13 01:19:46 +0000"
    },
    "done": true
  },
  "create:recipes/misc/crafting/appliances/copper_diving_helmet": {
    "criteria": {
      "has_item": "2024-08-13 01:19:46 +0000"
    },
    "done": true
  },
  "supplementaries:recipes/wrench": {
    "criteria": {
      "has_copper_ingot": "2024-08-13 01:19:46 +0000"
    },
    "done": true
  },
  "create:recipes/misc/crafting/kinetics/fluid_pipe_vertical": {
    "criteria": {
      "has_item": "2024-08-13 01:19:46 +0000"
    },
    "done": true
  },
  "create:recipes/misc/crafting/kinetics/mechanical_pump": {
    "criteria": {
      "has_item": "2024-08-13 01:19:46 +0000"
    },
    "done": true
  },
  "minecraft:recipes/building_blocks/copper_block": {
    "criteria": {
      "has_copper_ingot": "2024-08-13 01:19:46 +0000"
    },
    "done": true
  },
  "minecraft:recipes/tools/brush": {
    "criteria": {
      "has_copper_ingot": "2024-08-13 01:19:46 +0000"
    },
    "done": true
  },
  "create:recipes/misc/crafting/appliances/copper_diving_boots": {
    "criteria": {
      "has_item": "2024-08-13 01:19:46 +0000"
    },
    "done": true
  },
  "create:recipes/misc/crafting/kinetics/copper_valve_handle": {
    "criteria": {
      "has_item": "2024-08-13 01:19:46 +0000"
    },
    "done": true
  },
  "immersive_melodies:misc/instruments": {
    "criteria": {
      "has_item": "2024-08-13 01:19:46 +0000"
    },
    "done": true
  },
  "create:recipes/misc/crafting/kinetics/smart_fluid_pipe": {
    "criteria": {
      "has_item": "2024-08-13 01:19:46 +0000"
    },
    "done": true
  },
  "doggytalents:recipes/decorations/soul_reflector": {
    "criteria": {
      "has_copper_ingot": "2024-08-13 01:19:46 +0000"
    },
    "done": true
  },
  "create:recipes/misc/crafting/kinetics/copper_valve_handle_from_others": {
    "criteria": {
      "has_item": "2024-08-13 01:19:46 +0000"
    },
    "done": true
  },
  "create:recipes/decorations/copper_bars_from_ingots_copper_stonecutting": {
    "criteria": {
      "has_ingots_copper": "2024-08-13 01:19:46 +0000"
    },
    "done": true
  },
  "create:recipes/misc/crafting/materials/copper_nugget": {
    "criteria": {
      "has_item": "2024-08-13 01:19:46 +0000"
    },
    "done": true
  },
  "create:recipes/building_blocks/copper_shingles_from_ingots_copper_stonecutting": {
    "criteria": {
      "has_ingots_copper": "2024-08-13 01:19:46 +0000"
    },
    "done": true
  },
  "create:recipes/misc/crafting/kinetics/fluid_pipe": {
    "criteria": {
      "has_item": "2024-08-13 01:19:46 +0000"
    },
    "done": true
  },
  "create:recipes/misc/crafting/kinetics/fluid_valve": {
    "criteria": {
      "has_item": "2024-08-13 01:19:46 +0000"
    },
    "done": true
  },
  "create:recipes/decorations/copper_ladder_from_ingots_copper_stonecutting": {
    "criteria": {
      "has_ingots_copper": "2024-08-13 01:19:46 +0000"
    },
    "done": true
  },
  "supplementaries:recipes/altimeter": {
    "criteria": {
      "has_copper_ingot": "2024-08-13 01:19:46 +0000"
    },
    "done": true
  },
  "create:recipes/decorations/copper_scaffolding_from_ingots_copper_stonecutting": {
    "criteria": {
      "has_ingots_copper": "2024-08-13 01:19:46 +0000"
    },
    "done": true
  },
  "doggytalents:recipes/decorations/divine_retribution": {
    "criteria": {
      "has_copper_ingot": "2024-08-13 01:19:46 +0000"
    },
    "done": true
  },
  "create:recipes/misc/crafting/kinetics/hose_pulley": {
    "criteria": {
      "has_item": "2024-08-13 01:19:46 +0000"
    },
    "done": true
  },
  "iceandfire:recipes/misc/copper_ingot_to_nuggets": {
    "criteria": {
      "has_item": "2024-08-13 01:19:46 +0000"
    },
    "done": true
  },
  "doggytalents:recipes/decorations/witch_hat": {
    "criteria": {
      "has_potion": "2024-08-13 01:19:58 +0000"
    },
    "done": true
  },
  "sophisticatedbackpacks:recipes/misc/gold_backpack": {
    "criteria": {
      "has_iron_backpack": "2024-08-13 01:20:39 +0000"
    },
    "done": true
  },
  "alexscaves:alexscaves/enter_acid_with_armor": {
    "criteria": {
      "enter_acid_with_armor": "2024-08-13 01:26:42 +0000"
    },
    "done": true
  },
  "alexscaves:alexscaves/discover_toxic_caves": {
    "criteria": {
      "discover": "2024-08-13 01:29:11 +0000"
    },
    "done": true
  },
  "minecraft:recipes/decorations/blast_furnace": {
    "criteria": {
      "has_smooth_stone": "2024-08-13 01:31:07 +0000"
    },
    "done": true
  },
  "minecraft:recipes/building_blocks/smooth_stone_slab": {
    "criteria": {
      "has_smooth_stone": "2024-08-13 01:31:07 +0000"
    },
    "done": true
  },
  "minecraft:recipes/building_blocks/smooth_stone_slab_from_smooth_stone_stonecutting": {
    "criteria": {
      "has_smooth_stone": "2024-08-13 01:31:07 +0000"
    },
    "done": true
  },
  "alexscaves:alexscaves/sulfur_dust": {
    "criteria": {
      "sulfur_dust": "2024-08-13 01:31:18 +0000"
    },
    "done": true
  },
  "minecraft:recipes/redstone/dispenser": {
    "criteria": {
      "has_bow": "2024-08-13 01:32:40 +0000"
    },
    "done": true
  },
  "farmersdelight:recipes/food/melon_juice": {
    "criteria": {
      "has_melon_slice": "2024-08-13 01:49:30 +0000"
    },
    "done": true
  },
  "farmersdelight:recipes/food/melon_popsicle": {
    "criteria": {
      "has_melon": "2024-08-13 01:49:30 +0000"
    },
    "done": true
  },
  "minecraft:recipes/building_blocks/melon": {
    "criteria": {
      "has_melon": "2024-08-13 01:49:30 +0000"
    },
    "done": true
  },
  "minecraft:recipes/misc/melon_seeds": {
    "criteria": {
      "has_melon": "2024-08-13 01:49:30 +0000"
    },
    "done": true
  },
  "minecraft:recipes/brewing/glistering_melon_slice": {
    "criteria": {
      "has_melon": "2024-08-13 01:49:30 +0000"
    },
    "done": true
  },
  "idas:hunters_cabin": {
    "criteria": {
      "in_hunters_cabin": "2024-08-13 01:51:09 +0000"
    },
    "done": true
  },
  "doggytalents:recipes/decorations/fedora": {
    "criteria": {
      "has_leather_helmet": "2024-08-13 01:53:47 +0000"
    },
    "done": true
  },
  "doggytalents:recipes/decorations/chef_hat": {
    "criteria": {
      "has_leather_helmet": "2024-08-13 01:53:47 +0000"
    },
    "done": true
  },
  "doggytalents:recipes/decorations/demon_horns": {
    "criteria": {
      "has_leather_helmet": "2024-08-13 01:53:47 +0000"
    },
    "done": true
  },
  "nethersdelight:recipes/tools/golden_machete": {
    "criteria": {
      "has_gold_ingot": "2024-08-13 02:22:54 +0000"
    },
    "done": true
  },
  "minecraft:recipes/tools/golden_axe": {
    "criteria": {
      "has_gold_ingot": "2024-08-13 02:22:54 +0000"
    },
    "done": true
  },
  "iceandfire:recipes/misc/dragon_bone_wall": {
    "criteria": {
      "has_item": "2024-08-13 02:34:45 +0000"
    },
    "done": true
  },
  "minecraft:recipes/tools/golden_pickaxe": {
    "criteria": {
      "has_gold_ingot": "2024-08-13 02:22:54 +0000"
    },
    "done": true
  },
  "farmersdelight:recipes/food/cooked_cod_slice_from_smoking": {
    "criteria": {
      "cooked_cod_slice": "2024-08-13 02:12:37 +0000"
    },
    "done": true
  },
  "minecraft:recipes/misc/gold_nugget": {
    "criteria": {
      "has_gold_ingot": "2024-08-13 02:22:54 +0000"
    },
    "done": true
  },
  "minecraft:recipes/tools/golden_shovel": {
    "criteria": {
      "has_gold_ingot": "2024-08-13 02:22:54 +0000"
    },
    "done": true
  },
  "minecraft:recipes/food/golden_apple": {
    "criteria": {
      "has_gold_ingot": "2024-08-13 02:22:54 +0000"
    },
    "done": true
  },
  "minecraft:recipes/combat/golden_boots": {
    "criteria": {
      "has_gold_ingot": "2024-08-13 02:22:54 +0000"
    },
    "done": true
  },
  "idas:enchantingtower": {
    "criteria": {
      "in_enchantingtower": "2024-08-13 02:44:49 +0000"
    },
    "done": true
  },
  "minecraft:story/shiny_gear": {
    "criteria": {
      "diamond_leggings": "2024-08-13 02:19:25 +0000"
    },
    "done": true
  },
  "minecraft:recipes/combat/golden_chestplate": {
    "criteria": {
      "has_gold_ingot": "2024-08-13 02:22:54 +0000"
    },
    "done": true
  },
  "iceandfire:recipes/misc/dragon_flute": {
    "criteria": {
      "has_item": "2024-08-13 02:34:45 +0000"
    },
    "done": true
  },
  "farmersdelight:recipes/combat/golden_knife": {
    "criteria": {
      "has_gold_ingot": "2024-08-13 02:22:54 +0000"
    },
    "done": true
  },
  "paraglider:paraglider": {
    "criteria": {
      "paraglider": "2024-08-13 02:19:13 +0000"
    },
    "done": true
  },
  "nyfsarcheryplus:recipes/misc/golden_crossbow_upgrade": {
    "criteria": {
      "has_item": "2024-08-13 02:22:54 +0000"
    },
    "done": true
  },
  "minecraft:recipes/redstone/light_weighted_pressure_plate": {
    "criteria": {
      "has_gold_ingot": "2024-08-13 02:22:54 +0000"
    },
    "done": true
  },
  "minecraft:recipes/misc/conduit": {
    "criteria": {
      "has_nautilus_shell": "2024-08-13 02:11:43 +0000"
    },
    "done": true
  },
  "minecraft:husbandry/breed_an_animal": {
    "criteria": {
      "bred": "2024-08-13 02:47:41 +0000"
    },
    "done": true
  },
  "iceandfire:recipes/misc/nest": {
    "criteria": {
      "has_item": "2024-08-13 02:34:45 +0000"
    },
    "done": true
  },
  "supplementaries:adventure/way_sign": {
    "criteria": {
      "bastion": "2024-08-13 02:49:46 +0000"
    },
    "done": true
  },
  "nyfsarcheryplus:recipes/misc/golden_bow_upgrade": {
    "criteria": {
      "has_item": "2024-08-13 02:22:54 +0000"
    },
    "done": true
  },
  "iceandfire:recipes/combat/dragonbone_bow": {
    "criteria": {
      "has_item": "2024-08-13 02:34:45 +0000"
    },
    "done": true
  },
  "iceandfire:recipes/building_blocks/dragon_bone_block": {
    "criteria": {
      "has_dragonbone": "2024-08-13 02:34:45 +0000"
    },
    "done": true
  },
  "nyfsarcheryplus:recipes/combat/golden_arrowhead": {
    "criteria": {
      "has_item": "2024-08-13 02:22:54 +0000"
    },
    "done": true
  },
  "minecraft:recipes/combat/golden_sword": {
    "criteria": {
      "has_gold_ingot": "2024-08-13 02:22:54 +0000"
    },
    "done": true
  },
  "minecraft:recipes/building_blocks/gold_block": {
    "criteria": {
      "has_gold_ingot": "2024-08-13 02:22:54 +0000"
    },
    "done": true
  },
  "minecraft:recipes/brewing/cauldron": {
    "criteria": {
      "has_water_bucket": "2024-08-13 02:09:43 +0000"
    },
    "done": true
  },
  "iceandfire:recipes/tools/dragonbone_hoe": {
    "criteria": {
      "has_item": "2024-08-13 02:34:45 +0000"
    },
    "done": true
  },
  "doggytalents:recipes/food/super_treat": {
    "criteria": {
      "has_golden_apple": "2024-08-13 02:46:30 +0000"
    },
    "done": true
  },
  "supplementaries:recipes/hourglass": {
    "criteria": {
      "has_gold_ingot": "2024-08-13 02:22:54 +0000"
    },
    "done": true
  },
  "farmersdelight:recipes/food/horse_feed": {
    "criteria": {
      "has_golden_carrot": "2024-08-13 02:45:14 +0000"
    },
    "done": true
  },
  "minecraft:story/obtain_armor": {
    "criteria": {
      "iron_leggings": "2024-08-13 02:12:16 +0000"
    },
    "done": true
  },
  "doggytalents:recipes/tools/shrinking_mallet": {
    "criteria": {
      "has_gold_ingot": "2024-08-13 02:22:54 +0000"
    },
    "done": true
  },
  "iceandfire:recipes/tools/dragonbone_shovel": {
    "criteria": {
      "has_item": "2024-08-13 02:34:45 +0000"
    },
    "done": true
  },
  "minecraft:recipes/combat/golden_helmet": {
    "criteria": {
      "has_gold_ingot": "2024-08-13 02:22:54 +0000"
    },
    "done": true
  },
  "supplementaries:recipes/gold_trapdoor": {
    "criteria": {
      "has_gold_ingot": "2024-08-13 02:22:54 +0000"
    },
    "done": true
  },
  "doggytalents:recipes/tools/magnifying_bone": {
    "criteria": {
      "has_gold_ingot": "2024-08-13 02:22:54 +0000"
    },
    "done": true
  },
  "iceandfire:recipes/tools/dragonbone_axe": {
    "criteria": {
      "has_item": "2024-08-13 02:34:45 +0000"
    },
    "done": true
  },
  "doggytalents:recipes/tools/canine_tracker": {
    "criteria": {
      "has_gold_ingot": "2024-08-13 02:22:54 +0000"
    },
    "done": true
  },
  "farmersdelight:recipes/food/cod_roll": {
    "criteria": {
      "has_cod_slice": "2024-08-13 02:12:37 +0000"
    },
    "done": true
  },
  "iceandfire:recipes/tools/dragonbone_pickaxe": {
    "criteria": {
      "has_item": "2024-08-13 02:34:45 +0000"
    },
    "done": true
  },
  "paraglider:recipes/misc/cosmetic/deku_leaf": {
    "criteria": {
      "has_paragliders": "2024-08-13 02:19:13 +0000"
    },
    "done": true
  },
  "idas:fishermans_lodge": {
    "criteria": {
      "in_fishermans_lodge": "2024-08-13 02:09:24 +0000"
    },
    "done": true
  },
  "alexsmobs:alexsmobs/fish_bones": {
    "criteria": {
      "sopa_de_macaco": "2024-08-13 02:10:30 +0000"
    },
    "done": true
  },
  "farmersdelight:recipes/food/cooked_cod_slice": {
    "criteria": {
      "cooked_cod_slice": "2024-08-13 02:12:37 +0000"
    },
    "done": true
  },
  "minecraft:recipes/brewing/fermented_spider_eye": {
    "criteria": {
      "has_spider_eye": "2024-08-13 02:35:03 +0000"
    },
    "done": true
  },
  "iceandfire:recipes/tools/dragonbone_sword": {
    "criteria": {
      "has_item": "2024-08-13 02:34:45 +0000"
    },
    "done": true
  },
  "farmersdelight:recipes/food/cooked_cod_slice_from_campfire_cooking": {
    "criteria": {
      "cooked_cod_slice": "2024-08-13 02:12:37 +0000"
    },
    "done": true
  },
  "paraglider:recipes/misc/cosmetic/paraglider": {
    "criteria": {
      "has_paragliders": "2024-08-13 02:19:13 +0000"
    },
    "done": true
  },
  "iceandfire:recipes/combat/dragonbone_sword_fire": {
    "criteria": {
      "has_item": "2024-08-13 02:32:56 +0000"
    },
    "done": true
  },
  "minecraft:recipes/tools/golden_hoe": {
    "criteria": {
      "has_gold_ingot": "2024-08-13 02:22:54 +0000"
    },
    "done": true
  },
  "supplementaries:recipes/gold_door": {
    "criteria": {
      "has_gold_ingot": "2024-08-13 02:22:54 +0000"
    },
    "done": true
  },
  "iceandfire:recipes/misc/dragon_horn": {
    "criteria": {
      "has_item": "2024-08-13 02:34:45 +0000"
    },
    "done": true
  },
  "biomesoplenty:recipes/misc/gray_dye_from_wilted_lily": {
    "criteria": {
      "has_flower": "2024-08-13 02:30:01 +0000"
    },
    "done": true
  },
  "minecraft:recipes/combat/golden_leggings": {
    "criteria": {
      "has_gold_ingot": "2024-08-13 02:22:54 +0000"
    },
    "done": true
  },
  "DataVersion": 3465
}